texto,y_true,y_pred,prob_hate
Según esa noticia solo me quedan claro 3 de 28.,0,0,0.39116335
"Menuda película te has montando colega .. osea que votar negativo una noticia implica que estás en contra de lo que ésta dice. Lo dicho, menuda película que te has montado. Ah, y yo no la he votado negativo eh, pero es que no hay por donde coger tu teoría.",0,1,0.5125529
@USER @USER @USER @USER @USER @USER llévatelo para tú casa CTM,0,0,0.38668644
"@USER Os quedáis cortos, a dia de hoy no valemos ni para la segunda División senegalesa... Venga va, cenizos, que cansinos",0,0,0.4556953
"@USER Disfruta de tu evento!! Nosotros te lo organizamos, banquetes; menú de tiempos, taquizas, flautas, tacos árabes, bar de ensaladas, waffles bar, etc, con gusto te atenderemos!! LINK",0,0,0.47918087
"@USER Valores como el 'mi novia es sevillista y una puta más' o el 'Rubén Castro alé, Rubén Castro alé, no fue tu culpa, era una puta, lo hiciste bien'?",1,0,0.41547734
Porque todos los españoles que emigraron fueron personas íntegras y legales.. No te jode,0,0,0.4361909
"@USER @USER Cabreate ctm si nadie te quiere y menos a la derecha, no importa lo que hagas no seres presidente ni ahora ni nunca",0,0,0.39912945
"@USER Pueden firmar todo lo que quieran, pero delincuentes son delincuentes y por algo están encerrados.",0,0,0.46106777
La puta madreeeeee me quiero rebanar la pichula,0,0,0.4482042
"La mitad de personas de Aragon teniendo que vender su vida y alma yendo a MAdrid por 1.00€ mientras pagan zulos de 750€ mientras que en su ciudad natal esta mohammed viviendo gratis en un adosado por 3.500€ al mes, Como me gusta que disfriteis lo votado",0,0,0.41181755
"@USER Sumemos a este video\n- sentencia de los ERES\n- pacto con Bildu Ley de Memoria\n- dimisiones de Lastra y Delgado\n- indulto a los presos del proces\n- vender España a Marruecos\n- resultados en Galicia, Andalucía, Castilla y León y Madrid\n\n\nTenemos una responsabilidad el 17/12/2023",0,0,0.43623716
"Caso Arandina expuesto sin prejuicios preconcebidos. Gracias @USER
LINK
Me ha gustado mucho el apunte de supuesta paridad en los ""expertos"" psicólogos
Un saludo",0,0,0.42618558
@USER @USER @USER @USER @USER Tu eres solo mia zorra >:'v💔,1,0,0.40673903
@USER @USER Creeme que hay weones que les gusta. Si es por eso mejor y más estilo es la Frutitos.,0,1,0.5017357
@USER Mr Guiri detecta si las camisetas que me gustan son de niña por la estrechez de las mangas.,0,0,0.49035227
"SE PICÓ 
#yenidensçk LINK",0,0,0.48926488
"@USER @USER @USER Que ella explique q significa “Santiago territorio mapuche”...
Para ti es “cultural”... y eso abarca mucho ...
Para mi, mmmmm",0,0,0.44675082
@USER Tú te importa una mierda. A Venezuela lá utilizáis a vuestro antojo para hacer la mierda de política que hacéis. #Cuellilargui eres PATETICA.,1,0,0.47504842
"@USER Aun no asume y ya mintiendo,es DC,NI CHICHA NI LIMONAcomo chupar un clavo no tienen sabor",0,0,0.43163624
Tengo un lío montado con género/sexo y las orientaciones sexuales que no os lo podéis imaginar. Sé qué son pero no entiendo muchas cosas.,0,1,0.51149184
"@USER @USER Sisi pero mira por donde tu eres uno de los que me suda la polla asi que ya sabes, a seguir mejorando",0,0,0.45951033
@USER Faltan más mujeres capas de carteles de narcotrafico! Ojala el ministerio de la mujer las apoye,0,0,0.47860625
@USER No me veo con unos pantalones atigresados!! Que jotos jajajaja,1,0,0.41525903
"@USER @USER @USER @USER LA DEMAGOGIA AL ESTILO NEOFACISTA, QUIEN DEBE DE TENER UNA ORDEN DE APREHENSION ES LA PSEUDO PRESIDENTA Y SU SEQUITO,PARA ELLO ESTAN LOS TRIBUNALES INTERNACIONALES. QUE DESGRACIA QUE BOLIVIA ESTE EN ESE AGUJERO NEGRO DE LA DEMOCRACIA Y LA VIOLACION A LOS DERECHOS HUMANOS.",0,0,0.48104477
@USER eres una puta vergüenza,1,0,0.4093421
"@USER @USER Entonces las pretensiones de que todo esto es algo más allá de ""Detener a los comunistas como sea"" ya están muertas

Bueno saberlo",0,0,0.43958914
"@USER Jajajajaj se re paso el hijo de puta , se merecia igual unas bardeadas 😂",0,0,0.3873585
"Mireya se merecía haberse quedado,que puta impotencia. #OTGala7",0,0,0.4181905
"#Repost @USER (get_repost) ・・・ Como inmigrante &amp; viniendo también de una familia de inmigrantes, siento la responsabilidad de alzar mi voz por los miles de personas que no pueden hacerlo… LINK",0,0,0.44025603
"Para ser un parque temático de verdad queremos una base militar yanki, con Mickey incluída @USER LINK",0,0,0.4597887
@USER @USER @USER seguro nunca te hay tocao la zorra dksnssksmsksk fome tu pensamientos weones,0,0,0.3867473
"Atendían terroristas con todo. Al tiempo asesinaban niños palestinos menores d 15 años por docenas, a cientos d metros, con francotiradores, sobre seguro. ESE ES EL HUMANISMO DEL SIONISMO. Ahora quitan ciudadanía israelí a quien no sea Judio; Drusos-Árabes-palestinos - su idioma. LINK",1,0,0.46074212
La batalla por Gibraltar empieza en Twitter. Hay que desmoralizar a los racistas hijos de puta de @USER.,1,0,0.45122844
"Dejémonos de filosofías idealistas.\nSi las moras no quisierean ser animales, no serían.\nSi quisieran ser mujeres también serían.\nEl sistema de esclavitud musulmana es manejado por las madres directamente LINK",0,0,0.46654043
"@USER Quizá si vas a Marruecos y vuelves a España sin papeles saltandote la valla y agrediendo a un par de policías tengas más ayuda. Ahora ya sabes porque los obreros de verdad (los que trabajan) votan a Vox. En cualquier caso, te retuiteo, porque una cosa es una cosa y otra es otra.",0,1,0.51454735
"@USER @USER @USER Ya te aclaré  lo de los Fascistas, de origen SOCIALISTAS. Ahora vomita tu ignorancia atribuyendo al nazismo ser de derecha: no viejito, son igualmente de origen SOCIALISTA!! Vaya educándose si quiere ser tomado en serio. Hasta ahora solo ha demostrado ser un PAYASO IGNORANTE!!",0,0,0.43020988
"@USER @USER @USER @USER @USER vos callate que ya te tira un ""perra"" este",0,0,0.39583302
"Atención por que ⁦@USER⁩ no solo quiere acoger a los moromierdas que entran ilegalmente, ahora se quiere traer a toda la familia. La casita, paguita, sanidad, etc, lo vamos a pagar Vd, yo, todos los que lean esto y los que no. #ASCO  LINK",1,0,0.48330998
"Vía @USER El Presidente de Brasil, Jair Bolsonaro, arremetió contra la activista Greta Thunberg, llamándola 'mocosa', por sus dichos sobre atentado que dejó 2 indígenas muertos. LINK",0,0,0.43330827
Catalunya-España: -quiero concierto económico. -ni de broma. -pues me piro de aquí. -y una mierda. -facha! -tu más!  ...y así todo el rato,0,0,0.45271555
@USER @USER En mi caso los tales muñecos me valen 3 toneladas de v......a pero si le molesta cuando sale una feminazi aprovechando la situación para insultar a los que no piensan como ellas y siempre destilando misandria.,1,0,0.45506704
@USER Un joven guineano\n\n\n1 saludo,1,0,0.3564109
"@USER Todos a Gerona los llevaba yo, sirios, marroquíes, argelinos, afganos,a todos...",0,0,0.3983587
@USER Baja el twitter...estás quedando como ignorante,0,0,0.44635752
"ea, pues el cortacabezas a la cárcel a que viva de puta madre a costa del contribuyente Español y a los restantes una paguita por la depresión que han cogido al ver una cosa así.",1,0,0.43267843
"Sin desmerecer el dato que hunde a los xenófobos en sus propias mentiras, es una viralidad un poco cutre. Supongo que propia de la desescalada.",0,0,0.4890696
¿Son los mismos negros que se trajo de presos en el 2014? #melfest,0,0,0.44065976
@USER No hay que enseñar a los estafados por los bancos como no quedarse en la puta calle. Sus empleados deben saber practicar banca etica.,0,0,0.45621124
"@USER Buttler. Ese si que era el paradigma de lo que debe ser un hombre, con reciedumbre y decisión, igualito a los merengues blandengues de los jóvenes chilenos que tenemos hoy",0,0,0.39194492
"En este país no se imputa a ningún juez. A menos que estés investigando la Gürtel, claro está.",0,0,0.49504113
Que opinan las feminazi del asesinato de Valeria de la @USER   en La Pintana.... ??,1,0,0.3862134
"🔵🔴 La “U” despidió a Dudamel con un empate.

#UdeChile igualó ante #Palestino en el Estadio Municipal de La Cisterna, en el último cotejo del entrenador venezolano Rafael Dudamel.

#VamoslaU LINK",0,0,0.4326111
"El problema del feminismo es que, teniendo cosas buenas, no se conforma con intentar que la sociedad las asimile..sino que pretende imponerlas, y eso conlleva coartar la libertad",0,0,0.44472507
@USER @USER llevan anos haciéndose los weones LINK,0,0,0.3883545
@USER Quien va a salir a votar si solo buscan votos para llenarse los bolsillos mientras que el pueblo queda en el olvido. La derecha y la izquierda son lo mas ladron peor que los delincuentes. Son la misma feca el cancer del pais.,1,0,0.46291336
Solo ha faltado obligarles a hacer el saludo fascista y a cantar el Cara al Sol. LINK,0,0,0.4350979
Brutal pole,0,0,0.44509414
cuando hablas de tus líos con tus amigas bolleras LINK,0,0,0.42534158
Ya empezamos con las tonterías!!! Lo ha hecho de puta madre coño! #OTGala7 Que viva Ana War 💃 LINK,0,0,0.40223092
"Esto es asqueroso.
A dedo, lo ponen en un cargo para cual no tiene ni competencias. Renuncia al congreso cagándose en el electorado y pondrán a DEDO a otro culiao en su puesto! A un wn X EL Q NADIE VOTÓ.
Y la @USER tenía conflicto cuando invitaba a votar por el abuelo? 🤡🤡 LINK",0,0,0.46622548
"@USER @USER Vean y compren, baratas e igual de tiles que las que tienen sin concertinas y con ellas. Gracias.",0,0,0.46341524
@USER Que te calles puta parguela xd,1,0,0.3754217
En el mes del orgullo #LGBTIQ+ y conmemorando el #DíaDeLasPersonasRefugiadas les recomendamos este gran artículo escrito por @USER: Invisibilidad y discriminación: personas refugiadas LGBTIQ+ en Colombia y Perú LINK #lecturadeldía #WRD2022,0,0,0.4421027
"@USER Quedarán como acá en Valparaiso, cada vez menos locales, mas ambulantes y los 🐶 callejeros los seres de luz (Haitianos) los convertiran en 🍡🤢 y peor los verás a los seres de luz hacer 💩 en la calle a pleno día 😥🤢🤮🤮 😭😭",1,0,0.45452496
Mira que soy la primera en quejarme de x chistes y bromas pero lo de la Greta no hace daño a nadie llamadme loca,0,0,0.49361277
"@USER @USER 1 El feminismo radical del que se alimentan las féminazis  es una patologia extrema .
Un desajuste metal d primer orden cuyas ideas son incompatibles con la vida lúcida. 
Luchar contra lo que nos conforma trae soledad y desvarío. Shulamith  Firestone  desarrollo ezquizofrenia LINK",1,0,0.41452506
"@USER No será musho? No se trata de “rotos” creo yo. Se trata de flaites que llenan las tiendas deportivas. Es cosa de asomarse, las tiendas nike o adidas son las más llenas.",0,1,0.5701376
Así defendía Carme Chacón en @USER la firmeza ante el desafío independentista de Cataluña LINK LINK,0,0,0.3532462
"No te pierdas este domingo la “feria de integración”\n\n\nHabrá una jornada de regularización, atención médica gratuita para peruanos, #refugiados y #migrantes, #vacunacion y muchas actividades.\n\n\n¡Pasa la voz!\n\n\nEsto es posible Gracias al invaluable apoyo de @USER 🤩 LINK",0,0,0.4586092
¿Estás en contra de Erdogan? Pues te ponemos una foto con una polla en la cara y manipulamos el titular. LINK,0,0,0.46087041
"Las zonas de #Colombia que más infecciones acumulan desde el inicio de la pandemia por #COVID19 son la capital #Bogota (1.088.074), seguido por Antioquia (582.088), Valle del Cauca (290.985), Atlántico (281.288), y Cundinamarca (190.694). LINK",0,0,0.41985166
"@USER @USER @USER Tu eres mas hijo de puta por insultar de esa forma, respeta para que te respeten mamarracho.",0,0,0.4294399
"@USER es que la mayoria de estos casos suelen ser unos putos fachas de mierda  y lo venden como que se ataca a gente ""españolista"" y no y xd",1,0,0.45265222
Un Europeo sorprendido con que los Latinos nos bañemos a diario LINK,0,0,0.4302252
LRT. Diego Brando es gay me cago en la puta.,1,0,0.48316976
@USER De hecho Dios vomita a los tibios. Y tu eres tibia. Hipócrita. Puta a escondidas. Doble moral. Ya estas vomitada LINK,1,0,0.4821379
"@USER @USER Zánganos mantenidos, son tal para cual.
#FueraComunistasDeChile",1,0,0.37073565
"A veces hace falta que te digan que sos una pelotuda. Pero bueno, siempre termino haciendo lo mismo ? LINK",1,0,0.4435608
"@USER Tio, mira que soy independentista, per que tus razones se basen en el futbol ;S",0,0,0.43311203
"Que nos sirva de ejemplo para las presidenciales. Los fachos salen como hormigas a apoyar lo que sea que les ayude a mantener sus privilegios, incluso a una 💩DC. Así tendremos que hacerlo. #VOTACIONES2021",0,0,0.43299693
@USER A quienes gustan de poesía latinoamericana publicada en Europa les presento mi último libro LINK,0,0,0.39728513
"La Democracia Cristiana, no es NADA sin la Derecha! …Si, ustedes Demócratas Cristianos también hacen nata, hace 30 años, en aquella población ignorante que no se levanta a votar! No son NADA! #Elecciones2021CL #KarinaOliva #ClaudioOrrego #AprueboDignidad #LaListaDelPueblo",0,0,0.3897972
"La diferencia es que psicópatas en España va a haber siempre, sobran los q ue hay, no hace falta importarlos.",0,0,0.46615246
#24h. Puigdemont celebra que queda x encima de ERC y que en el momento que pise territorio Catalan  será esposado y conducido ante la justicia. A partir de ahora si continua la unilateralidad... + 155. Y si se cree su impunidad... que regrese.,0,0,0.44570038
"Esta es la realidad de los que vivimos en ese tipo de barrios obreros. La gente se harta de la delincuencia, suciedad, vandalismo y encima de tener que tolerar discursos diciendo que son nuestros niños y que hay que mimarlos, quererlos y amarlos. Lo único que plantean los partidos de izquierdas es algo tan etéreo, difuso y lejano como que hay que mejorar la educación pública de calidad para enseñar valores a los hijos de los atracadores, homicidas y violadores, y que en un futuro sean mejores que los que hoy andan sueltos por las calles. Después nos extrañamos de que prosperen partidos de extrema derecha.",0,0,0.43754315
"los que no son ni de izquierda ni de derecha son de ultraderecha. pero vamos, 100%siempre fullHD relanofake",0,0,0.49681106
@USER @USER @USER @USER @USER No la he visto todavía. #todasputas,1,0,0.3662844
"Pues si, es una puta mierda, DEP por ellos.",0,0,0.450346
"""Que dice la sudaca ésta que en América había una """"civilización"""" antes de que llegase Colón... 😂😂😂😂😂😂😂😂 LINK",1,0,0.40204385
@USER Cállate GUARRA!!!,1,0,0.40672985
@USER Eres un hacha. Llamas retrasado a alguien sin conocerle y xq es de un equipo mil veces mejor que el tuyo y luego dices q no eres Patético?,0,0,0.48117828
Tú eres la puta borracha @USER LINK,1,0,0.41558826
"@USER Se ve claramente el mar Cantábrico, el Golfo de Vizcaya, Francia, España, islas Baleares, Cerdeña y Sicilia, Italia, Argelia, Túnez, Libia...😃",0,0,0.43847424
@USER eres mongolo y punto merengue subnormal,1,0,0.40868226
"acá tenés delincuentes españoles si querés, pero en este caso los tratan de ""personas"" o ""ciudadanos"" Mismo parque Misma ciudad Mismo mes Mismo año URL Que fácil es meterles a algunos la semillita racista",0,1,0.5407557
"Orrego, se te sale la misoginia por los poros, educar a las ""niñas"" y te olvidas de errores que firmaste en contra de las mujeres.",0,0,0.4385041
"🇺🇦 Ulanska, una joven ucraniana refugiada en Miróbriga: “volveré a mi país” 👉 LINK",0,0,0.38618946
@USER @USER Son 1.043.640 anarquistas peruanos. 😜,0,0,0.39098212
"Esto es lo que opina y dice este subsahariano, yo no digo ni opino. Me puedes llamar, racista, facha o que no soy solidario. Pero yo no estaré aqui y no te diré eso de......te lo dije y no me hicistes caso, cuando te quiten tu libertad. LINK",1,0,0.4339164
@USER Es una hazaña haber comprado basura y descontarlo de los impuestos ahora. Al menos pongan alguna fuente para decir tal aweonamiento como que la gente aprueba al empresariado. Los mismos weones que subieron todos los precios y fueron los que más ganaron con los retiros. Indignante,0,0,0.48924112
@USER Orrego se pasea a la ignorante zurda,0,0,0.41119018
"@USER @USER Qué ""majos"", estos FASCISTAS de las CUP...",1,0,0.44873825
"Los más valientes, los mejores. Verdad vieja loca? @USER Más de 100 inmigrantes saltan la valla de Ceuta y hieren a siete agentes con cal viva    LINK",0,0,0.45714584
"@USER Si te parecen pocos los casi 40 mil chilenos muertxs por el nefasto manejo de la pandemia, sumado a los asesinatos y graves y sistemáticas violaciones de DD.HH después del 18-0, significa que eres parte de esa centro izquierda traidora y rancia que tanto daño le hace a Chile. LINK",0,0,0.46943584
"@USER Soy partidario de la libre elección de todo lo anterior. Nada puede ser obligatorio ni enforzado por el aparato estatal. Además, plantean soluciones a problemas nórdicos utilizando presupuestos de países subsaharianos. Las prioridades van por otro lado en el mediano y largo plazo",0,0,0.44527048
"Neologismos.
Maricomio : psiquiátrico para locas, maricas y gays.
Apapuchar: Acción de consentir al pubis.
Sopervisor: supervisor torpe.
@USER @USER @USER #nuevoneologismodehoy",1,0,0.35561335
"Con la Sanidad abierta a todo el mundo y cobrando del paro con pocos requisitos, yo si fuera inmigrante me venia de cabeza, menudo chollo.",1,0,0.46903205
"Me parece bien. No es un mantero, son los miles de manteros que hay por toda España, y que venden delante del resto de comercios que sí pagan sus impuestos. Si los manteros fueran blancos os rayaríais tela. Dejaos de gilipolleces.",0,0,0.47435653
"Os estáis riendo mucho con las feminazis locas del coñø y su bailecito... pero de esas 200 del vídeo, seguro que 50 acabaron en casa haciendo la cena, libre y voluntariamente y las otras 150 viven con sus padres y mamá les hizo la cena. Harto de tanta ? feminazi!!!",1,0,0.46008965
"@USER @USER Veneco imbécil, estoy en mi país no sea tan idiota.",1,0,0.41477588
Le tuve que enseñar mi Whatsapp al técnico de AT&T y ahora sabe que soy puta,1,0,0.49509513
"El próximo sábado a las 21:00 hrs estrenamos “Amiga date cuenta! Una obra de Carla Zúniga que habla de la amistad entre mujeres con las talentosas @USER @USER y María José Bello 💜
Entradas a la venta en @USER LINK",0,0,0.49737912
@USER Hey venezolano lleva tus frustraciones a Miraflores y deja que otros paises elijan sus gobernantes de forma democraticamente. Envidia de ver elecciones libres se llama eso.,0,0,0.48260662
@USER Igual en Corea del Sur son mas fachos que aqui,0,0,0.4286443
Hay que ser subnormal. LINK,0,0,0.42977384
@USER @USER Eso es. Dejar el Estado franquista español que cría fascistas como tú. El aire fresco está fuera. España huele a muertos en las cunetas.,1,0,0.49537215
Argelia responsabiliza a Marruecos de la anulación de la visita de De Mi... LINK a través de @USER,0,1,0.51104856
Huele a... victoria independentista. Me encanta el olor independentista por la mañana! ✌️✌️✌️ #ELECCIONES21D,0,0,0.4642695
"@USER Jajajajaj callateee, en serio? Que hijos de puta",0,0,0.40709224
"@USER Aunque sabiendo que la mayoria de tus seguidores son gays, creo que algo de gay tienes pero no lo reconoces",0,0,0.438382
"por favor cuca, chama o vargas",0,0,0.41200802
"¿Qué eres,  feminazi desas? LINK",0,0,0.425244
"Además para crear miedo colectivo es mucho más efectivo las violaciones, porque cualquier mujer se siente más vulnerable y propensa a ser víctima de un desconocido, que la violencia de género que a muchas mujeres, todas aquellas que confían en sus parejas y no los pueden ver como maltratadores en potencia, les cae muy lejos",0,0,0.4831504
Lavin con sus amigos. Socialdemócrata?? Payaso!! LINK,0,0,0.44578528
"Mi desayuno hoy: lágrimas de zurdos ☕🤣.
Deber cívico cumplido nunca pensé que votaría por un DC, pero nuestro deber como ciudadanos es votar por el mal menor porque harto charcha la candidata feminazi @USER #KarinaOlivaGobernadora
Finalmente el resultado:
#OrregoGobernador",1,0,0.435064
"@USER @USER Y que encima seamos discriminatorios, en fin, la heterofobia.",0,1,0.52523303
Betis de Manuel Pellegrini busca a figura sudamericana para acompañar a Claudio Bravo en la defensa LINK,0,0,0.42161548
"No, no está loca esta gente que se divierte, que disfruta, que viaja, que folla, que lucha – no está loca… Cesare Pavese",0,0,0.42206913
"hoy descubrí que mi papá es ascendente aries, igual que yo, por otra parte mi mamá es solar aries,,,, esto explica demasiadas cosas ctm, ahora imagínense esta casa LINK",0,0,0.49440527
"@USER @USER Elo problema es que te van a seguir llamando puta y facha a pesar de tener mas votos que nadie Y que va a segur estando bien visto,  y mal visto q alguien les plante cara por hacerlo Porque controlanla opinión pública  Contra eso es contra lo que hay que luchar",0,0,0.45555788
"Expulsión ya, o políticos que lo toleran fuera.",0,0,0.40180275
Pues gg árabe. Será luego...,0,0,0.4209766
Autos casa y los sueldos igual ctm LINK,0,0,0.42429408
@USER ¿Por qué siempre los liberales al peo chilenos terminan siendo una simple y penca caja de resonancia de la elite y la derecha más retrógrada y conservadora? Tratar de partir con una CC castrada en sus atribuciones ya indica como se van a alinear con la derecha del 20%.,0,0,0.47847435
"@USER @USER @USER @USER No apoyo el aborto. A la vez, me parece grosero y desacertado llamarle ""feminazis"" a los movimientos de mujeres que han luchado con valentía por sus derechos. Lamento mucho que en las redes no se hable con seriedad de temas sensibles como ese.",0,0,0.4463545
"Caso Arandina, si los audios y demás pruebas determinan que no hubo violación pues habrá que retirar la condena por ello.
Pero por sexo con una menor eso no se les pueden quitar ni un solo dia.
Que paguen por lo que tienen que pagar.",0,0,0.47897965
White Savior': por qué hacerte fotos con niños africanos no te hace mejor persona\n\n\nLINK,0,0,0.4727139
Artivismo feminista LINK vía @USER,0,0,0.41482884
"@USER @USER Pobre weon lee un libro primero, más hombre que tú peliento...",0,0,0.42766634
"No te mereces ni el aire que respiras, escoria",0,0,0.39053258
"#cafecargadolared @USER Señor Sutil usted cree que Lavin representa a su sector? Y que pasa con la causa mapuche , su sector es responsable de el robo de tierras?",0,1,0.50451565
Con todo esto de la música nueva me están dando una sed maldita 🔥,0,0,0.45691717
"Las ""feministas"" de la tercera ola sois, irónicamente, lo peor que le ha pasado al feminismo. Emmeline Pankhurst debe estar revolviéndose en su tumba. #NoEsPaísParaMujeres",0,0,0.38661855
@USER Y xq las únicas fotos que no se pixela la cara de los niños es cuando son africanos?,0,0,0.44523028
¿Cómo solicitar una cita adicional para tramitar su pasaporte en la sede central de Migraciones? LINK,0,0,0.44711152
Si fuesen los únicos..,0,0,0.41640815
"Siempre estuve en contra de que las prietas se pintaran güeras, look at me now.",0,0,0.41393238
"@USER demostrando su poco nivel, una vez más...patética #debatedeinvestidura LINK",1,0,0.38144624
"Y aun que le explicaran tampoco entendería si el culiao no es medico ni científico xD es artista/musico wn MUSICO bueno o malo da lo mismo, pastelero a sus pasteles LINK",0,0,0.4499335
"@USER Jajaja vos mejor callate, zorra. Yo también te amo y ME VOY A COMER TODAS LAS GORDAS QUE SEAN NECESARIAS, OK?",1,0,0.45467198
Oye el último cuarto como el pico xD,0,0,0.45706296
"Un jugador de mi equipo canta 'mi novia es sevillista y es una puta más' tras el derbi. Pide perdón y la gente le dice que no debe disculparse, que son cánticos normales de la rivalidad. Y luego nos sorprendemos de que pasen las cosas que pasan... LINK",1,0,0.4462223
NA LOCO SI ES QUE ODIO A LOS BOLIVIANOS,0,0,0.41418457
"Pasan las horas y @USER aún no ha convocado ninguna manifa en apoyo a esta menor.   Ninguna femiNAZI se solidariza con ella. Parece que si los violadores son inmigrantes, es menos delito que si lo hace un Español  LINK",1,1,0.5266926
"Ajá..si sólo tiene qUe ver la de cartas de amor que reciben los asesinos y algunos en serie encarcelados en EEUU.. algunas personas se sienten atraídas pr el.lado oscuro..es así, y no.es culpa de los hombres ni del heteropatriarcado..y es más..cuánto más intenten prohibir ese lado oscuro, más seductor será",0,1,0.53716624
@USER Como escuece perro. Vete a chuparla a Artur Más o a tu Puta madre ya y callate.,0,0,0.4264612
"@USER En algo estamos de acuerdo, en que eres un pendejo aweonao",0,0,0.38716704
"@USER Me puede apetecer quejarme? ME PUEDE APETECER???\nEs que tendría que ser ya portada de Pop con Ñ, de Éxitos España y de Viva Latino si me apuras!",0,0,0.45426464
"¡Recambio en equipo de Chanta-expertos!📢

Ingresa Espinoza! @USER, autodefinido ""cardiólogo mapuche""🤡

Estuvo en TV en @USER

Pase a ver las joyitas. Lo + grave:

👉Puso en duda que SinoVac sea efectiva
👉Dice que de UCI se sale muerto

Se pasó este miserable LINK",1,0,0.4793531
Solo puede pasar en el Régimen d España @USER -Borbón invitar a un asesino franquista a cerebración d Democracia LINK,1,0,0.40844008
Mujer fallece tras ser atropellada por su madre en Viña del Mar. Detalles en LINK LINK,0,0,0.4052812
@USER te he respondido 2 veces como un subnormal xDDDDDDDD,1,0,0.4508229
"Clarito que los zurdos no entran a destruir acá, la armada los espera con las manos abiertas, pero para sacarles la chucha LINK",0,0,0.43195906
"@USER @USER Eso a que viene? nunca he dicho nada sobre la socialdemocracia, que de hecho es mucho más progresista que los socialdemócratas chilenos",0,0,0.43799037
"Después todos los flojos culiaos que no fueron a votar, estarán en las plazas reclamando, tomándose fotos pa las redes, pero no fueron capaces de mover el culo e ir a votar! Son de cartón csm!! 🤡
#Elecciones2021CL 
#VOTACIONES2021",0,0,0.43757576
Por la CTM ! #ClasificatoriaQatar2022 LINK,0,0,0.37953022
@USER @USER @USER @USER Otra vez con el comodín del facha? Empieza usted a resultar monótono LINK,0,0,0.45281622
🙏🏽 ¿Quién no quiere lo mejor para las nuevas generaciones? Son el futuro.\n\n\n🌍 Muchas personas han tenido que emigrar. Antonio Lombardo habla desde la experiencia al pensar en la infancia y juventud migrante.\n\n\nℹ️ #TúTambién iniciativa #FAMSI con @USER @USER LINK,0,0,0.44225034
@USER @USER A ver si tiene los santos cojones El País de decir lo mismo sobre la violencia de género...,0,0,0.445436
Histórica: una mujer será presidenta del fútbol inglés LINK,0,0,0.4187993
"Igual me quedo sin trabajo pero la zorra de la encargada se pensaba que me iba a quedar callada y hoy no he aguantado más, caliente hija de puta que he salido llorando y todo del trabajo :___",1,0,0.42518052
@USER .... Que Tu Eres Bien Puta #CamilaVallejo #Chile LINK LINK,1,0,0.40227365
"Con sinceridad, jamás he escuchado a un solo partido, ni si quiera vox, en contra de que esos trabajos, u otros, los hagan inmigrantes legales. Si hay fresa que necesita ser recogida y contratas inmigrantes legales para hacerlo no creo que nadie te criticara. Las criticas empiezan y con razon cuando los quieres ilegales para darles 3 chavos.",0,0,0.4839103
"Está va pa lo bolivianos
#PartyChilensisFtLaRoja LINK",0,0,0.3903948
La coalición árabe niega haber atacado Al Hudeida y asegura que el ataque contra un mercado y un hospital que dejó ayer más de 50 muertos fue perpetrado por los rebeldes hutíes con proyectiles de mortero. #Yemen,0,0,0.3937813
@USER callate zorra del orto estoy en wilde dame bola,1,0,0.43193123
La Gente Más Débil / Más Ignorante / Más Pobre Siempre Acaba Votando Partidos de UltraDerecha #NoFalla LINK,0,0,0.49168992
"Algunos cuando un inmigrante hace cualquier cosilla: joder es que vaya plaga, son un peligro, FUERA ARRIBA ESPAÑA Esa misma gente cuando españoles violan en grupo a una chica: Seguro que fue violación? MIRA EL CASO DE LOS MOROS DE MIERDA",1,0,0.4960324
@USER Esos chamos tienen cara de peruanos 😆🤣😂😸,0,0,0.42254233
"Gana Ciutadans en votos y diputados,el bloque unionista saca un 43% de votos y el independentista 47%,no sabemos qu… LINK",0,0,0.40594798
@USER Tanta berga q traen en el carrete y se espantan x el semen en la cara de la niña.. hijos de perra..,0,0,0.4533679
"@USER @USER Déjale, es independentista, no le pidas que tenga dos dedos de frente ni que te junte cuatro neuronas. Son deficientes mentales",1,0,0.48156253
"El burkinés, comprometido con los países más marginados, se convierte en el primer africano en recibir este premio. LINK",0,0,0.4223272
Es como ver quien la tiene más larga con los comentarios homófobos. No sé si sois consientes de lo que estáis perdiendo la cabeza. #OTDirecto6D,0,0,0.44837573
"algunas veces el fanatismo por el fútbol nos nubla, se sabe que no soy fan de Vidal por varias motivos, pero esto va fuera de eso,la imagen de él, sin mascarilla en el partido me produce rechazo, quizás me van hacer pico por esto,pero pienso en todo aquel que estaba ahí, con él",0,0,0.42912072
Y deportar a la escoria es parte de las leyes. Si para ti eso es justicia medieval haztelo mirar.,0,0,0.45754477
Hemos llegado a una situación kafkiana en este país.,0,0,0.41464522
"Histérica, marioneta y niñata: los insultos que los hombres españoles dedican a Greta Thunberg LINK vía @USER

Será de ""algunos"" hombres españoles: machistas, retrógados y carpetovetónicos :-/
Otros no pensamos eso para nada.",0,0,0.44088593
"@USER Si tú duermes mal, el 95% de los Españoles que no llegamos a mitad de mes dormiremos de Puta Madre.",0,0,0.45688027
@USER @USER @USER Pues cállate ya de una puta vez que me has enviado casi 20 mensajes pesao. Y seguro que como eres gilipollas seguirás hijo de la gran puta 😊,0,0,0.43684846
"Aún tengo mis dudas porque dicen que un hombre es puto por estar con hombres, entonces, ¿una mujer es puta por estar con mujeres?",1,0,0.48038968
La mujer sudaka no tiene derecho a venderse como mujer «madura». Es sabido que en estas tierras consumen telenovelas en cantidades industriales.,1,0,0.47239697
@USER Tu tuit es una puta mierda y tu una subnormal,1,0,0.43266383
"Un independentista de toda la vida, máximo favorito hasta hace pocas horas, paga con cárcel sus convicciones y observa desde su celda cómo un sibilino subecarrista celebra una rotunda victoria moral entre las comodidades que le ofrece Bruselas. #21D #EleccionesCataluña",0,0,0.39568776
"Este .. mentir no sé si mientes, pero de entrada te olvidas de Luc Andre Diouf Dioh, diputado canario del PSOE (y en su momento inmigrante ilegal) URL",0,0,0.4357608
"Y estos izquierdistas de @USER cdo se van a preocupar de los asesinos y dictadores @USER y @USER ?
“Tirón de orejas” internacional para el Gobierno: agencias de la ONU en Chile critican expulsión de migrantes venezolanos LINK",0,0,0.49531937
No al heteropatriarcado No a la ley mordaza Asco de fascismo franquista LINK,1,0,0.42977864
"Más que sea ayudar a poner la mesa, o ayudar a fregar se agradece mucho, si son varios se acaba enseguida. LINK",0,0,0.43348607
"@USER Que retrasado eres, quieres pantallazo a de marca con todos los fichajes hechos por el madrid ?",0,0,0.47618398
YA DEJEN DE WEBEAR GILES CULIAOS Y PATEEN DE AFUERA,0,0,0.40776667
"Otro mamarracho narco comunista ""presidente"" de un País Latinoamericano, Colombia tendrá uno a partir del 7 de Agosto del 2022. LINK",0,0,0.42007807
y seguro que eran todas mujeres y niños,0,0,0.40142933
"Habla español, catalán de mierda 😋 LINK",1,0,0.41909805
INMIGRANTES | CEUTA  El Gobierno expulsa a los 116 inmigrantes que asaltaron ayer la valla de Ceuta  #noticiasdecadizymas #ceuta #inmigrantes #gobiernoespaña #amazingnoticiasymas LINK,0,0,0.4631534
"Costa de Marfil, Uruguay, Taiwán, Israel y Qatar son algunos de los países más prometedores para las empresas españolas, según @USER. CAF, @USER, @USER y @USER cuentan sus experiencias en este reportaje de @USER 👇LINK",0,0,0.465347
"Histérica, marioneta y niñata: los insultos que los hombres españoles dedican a Greta Thunberg. Un análisis de más de 400.000 tuits muestra cómo hablan los españoles de la activista sueca LINK LINK",0,0,0.46872807
Jueguen pinches jotos que para ser campeón le tienes que ganar a todos,1,0,0.4772757
@USER No me llames Manu llámame Jade que concuerda con mis otros 23 géneros eres opresivo encerrándome en mi género masculino,0,0,0.47513786
"@USER El toque de queda y el estado de excepción solo evita otro estallido social. No sirve para nada más. Los carretes se hacen igual, las reuniones clandestinas, los weones que viajan a a segunda casa, los que se van en helicoptero nunca recibieron sanción...",0,1,0.5004676
Y qué mas da que sean conguitos? Menuda tontería. No veo dónde está el racismo en un dibujo de un cacahuete con ojos. Están ricos son de chocolate y nadie pretende ninguna maldad contra nadie.,0,1,0.52553475
@USER Cállate puta ?,1,0,0.39462033
@USER @USER @USER Y los ajustes de cuentas de bandas latinas en Madrid de quién son culpa? De Almeida o Perro Sanshe?,0,0,0.45544988
38 ANOS DEPOIS E ESTAMOS NA FINAL DO MUNDIAL. ESSE É O MELHOR ANO DA MINHA VIDA!!! QUE SONHO EU ESTOU VIVENDO COM O CLUBE DE REGATAS DO FLAMENGO,0,0,0.46982953
"@USER María una virgen, Jesucristo un dios que provino de una paloma, Mª Magdalena, no era esposa de Jesucristo, sino una puta. Es tal odio a la mujer por el hecho de tener la capacidad biológica de dar vida que fueron capaces de crear una religión de un absurdo.",0,0,0.44052315
SIIIII GRACIAS ESPAÑA PORFIN UNA PUTA ALEGRIAA GRACIAS SE LO PUTO MERECÍA #OTGala7 LINK,0,0,0.3916471
"Interesante tu postura shur, pero yo es lo que le digo a mis amigos, tenemos nuestra ideología basada en gran parte por la experiencia en nuestra vida, y a mi, que me ha tocado hacer miles de visados psra marinos, de tránsito, ya ni de larga estancia, no entiendo como por otro lado, una serie de delincuentes en su mayoría, entran ilegalmente con cobertura social, sanitaria y economica saltándose a la torera la ley de extranjería en vigor, cuando las personas de bien y trabajadoras deben hacerlo mediante el cauce legal establecido Buen puente!",0,0,0.46152368
"HERMOOOOOOSA MUJER
ES MIKAMIIIIIIII 🎶",0,0,0.408532
Mas tonto y no naces subnormal. @USER,1,0,0.37147304
@USER @USER @USER Y tú me hablas de fascismo....mírate al espejo y veras a una fascista como la copa de un pino.,1,0,0.48326847
La #GuardiaCivil de #Ceuta detiene en el CETI a diez inmigrantes por arrojarles cal viva en el vallado el 26J    Operación tras un mes de investigación. Entre los arrestados está el jefe del grupo   LINK,0,0,0.48359224
Teeeeneeesss que ser de toooodos LINK,0,0,0.38741034
"Todavía hay “ personas “ q hablan de “ todos y todas” y otras peor q hablan de “ todes” que imbecilidad.... y lo peor, algunas son autoridades de gobierno.ignorantes e imbeciles..esta bien el resto q se cree progresista porque nadie los agarra .. pero las autoridades!! Por favor",0,0,0.46686113
"Y aún así, este foro está lleno de cuñados de izquierdas que justifican el linchamiento a este ladrón.",0,0,0.42124286
Otra vez Maripan por la ctm,0,0,0.44440407
"""Buscar soluciones en sus países de origen"" no es barato. Para empezar habría que empezar a pagarles como es debido por sus recursos naturales y su mano de obra, lo cual ya provocaría una subida de los precios de muchos productos en los países consumidores. Y no creo que baste con limitarse a no explotarlos ni esquilmarlos. No es tan sencillo como poner fin a las ""monarquías absolutistas y despiadadas"" que mencionas. Egipto tenía uno de esos regímenes, y en cuanto cayó, fue sustituido por un gobierno islamista. Ahora creo que vuelven a gobernar los que gobernaban antes de la Primavera Árabe. A mí me gustaría saber qué proponéis exactamente los que habláis de ""resolverlo en origen"". Cómo lo haríais. Y, en caso de que eso tenga un coste económico para los que vivimos en Europa (que seguramente lo tendría), si estaríais dispuestos a pagar el precio. Me da a mí que la inmensa mayoría de los que critican la inmigración, no están dispuestos a hacerlo..",0,0,0.45510894
momento del día: vero y yo cogidos de la mano mientras me dice ''es que tú eres muy zorra'',1,0,0.41247454
"@USER @USER @USER @USER @USER @USER @USER @USER @USER @USER @USER @USER @USER @USER @USER @USER @USER @USER @USER @USER @USER @USER @USER @USER @USER @USER @USER @USER @USER @USER @USER @USER @USER Creeedo, reaLLmente",0,0,0.4111009
@USER jaja los weones LINK,0,0,0.35929012
SI EL MAMAWEBO CABRÓN BASTANTE CACHO QUE TE MONTO LA PERRA ESA BECERRO HIJO DE PUTA CÁLLATE DESGRACIADO CHAVISTA MAL PARIDO SUCIO LINK,0,0,0.49616116
No será tan rápido. Cifras de inmigración buscando pega recién aparecen. LINK,0,0,0.42887703
"@USER @USER Gente que realmente necesita esa ayuda o puede acceder por pequeñeces, pero un delincuente si? Que 💩 el @USER?
Hasta cuando siguen beneficiando a los delincuentes?",0,0,0.460593
me follo a los negratas,1,0,0.43071565
"@USER @USER Allende fue electo democrática% y 1932, fueron militares Matte, Marmaduke grave, Blanche y de socialista tenía el nombre y los comunistas y trabajadores lo rechazaron, y fue por el nefasto gobierno de Carlos ibañez y su asociación con NACINALSOCIALISMO (nazis) y duró 4 meses. LINK",0,0,0.42228732
"Nintendo no le pone nada de amor al aniversario de Zelda wn, son como el pico",0,0,0.47024968
melina merecia quedarse la puta madre,0,0,0.39812782
"@USER Sólo un liberal o un nazi, tiene la moral para defender el exclavismo de Amancio Ortega.",0,0,0.40709913
Odio cuando me salen videos en Tik tok de los venezolanos que han deportado de chile la vaina es y que “ me deportaron y yo tenia todos mis recursos pero yo entré por pasos inhabilitados” mrk no sé si fijaron lo que dice la ley o que significa la palabra ILEGAL,0,0,0.45827532
@USER Estos weones ya tienen incorporado en sus presupuestos  la plata de las AFP. Si se las quitan ¿con que harán populismo?,1,0,0.46621156
Mca esa Chama me da muy mala espina.,0,0,0.43314633
"Vato marica metiendose con una chava...
#LordCafe 

A ver si la raza saca quien es.",1,0,0.46907562
"esta la cagá por todos lados…fui a la feria y al cruzar la calle un ciclista atropella a un wn!…dos viejas abuelas casi se agarran por chocar carros…a la vuelta un taxista qliao tocando bocina a cada rato, un tiburón se comió una vaca y creo que Godzilla llegó a Valpo🤦🏻‍♂️🤪",0,0,0.43585646
"El chico estudioso está pensando en el cálculo integral y ya ni sale, y si lo hace no tiene iniciativa para acercarse a una chica y mucho menos estrategia para ligarla, el otro está en su salsa y académicamente es un desastre, pero se divierte un poco más.",0,0,0.4117081
Familiares de víctimas de protestas rechazan violación de DDHH en sede del Pnud #10Dic * LINK,0,0,0.4458783
Matan gente con Sindrome de Down y no pueden ejecutar a las decenas de árabes LINK,1,0,0.45329484
"@USER 7 Pienso que eres una mujer muy valiente y fuerte. Creo que nunca te lo he dicho, pero siempre me pareció una decisión muy valiente dejar todo y venirte acá, siempre te he admirado por eso, sobretodo ahora que se como es acá! 
8 Estoy buscando quien me guste y con quien funcione",0,0,0.40742528
"te informo de que se siguen publicando comics de Asterix hoy en día y que mantienen los mismos estereotipos. Estoy de acuerdo con que a Lacasa no le cuesta nada cambiar su marca, porque te ofende. A mi me ofende tu nombre de usuario, imagino que te lo vas a cambiar para que no me ofenda, verdad? Porque no te cuesta nada cambiartelo.",0,0,0.47083426
Gracias a Al Aoula Tv por tener en cuenta mis opiniones sobre las relaciones bilaterales hispano marroquíes LINK,0,0,0.43981645
@USER @USER Con weones que no son objetivos no se discute,0,0,0.38239655
Expulsan delincuentes y los periodistas de la rueda de prensa están enojados... así estamos.,0,0,0.46221367
"@USER Mañana es un día importante para la democracia,para las mujeres  Karina quien yo creo que va ganar, mañana se mide fuerza con la Derecha explotadora, capitalista, maltradora, sepan que vamos a ganar Diciembre con Sichel  #a votar la flojera no da República #jaduepresidente‼️✊🏼🇨🇱",0,0,0.43746716
"@USER @USER @USER ya le diste nuevas ideas a las feminazis...,  ahora habrá que decirle peloto o pelote pa'que no se sientan  😇",1,0,0.46312967
bh culiao no me dejaste ver a jimin cantar en español,0,0,0.41434515
"Hay que cerrar cualqueir medio que informe de la alta tasa de delincuencia de los mejores, los más valientes.",0,0,0.39841998
"Recuerdo cuando se decía que Emery era Dios por quedar 3º sin Villa, Silva y Mata… el Cholo lo hizo con Siqueira y Mario Suárez. Increíble.",0,0,0.46227717
4- yo prefiero que los jugadores chilenos se vayan a la liga Mexicana  que quedarsw en este futbol de mierda,0,0,0.46342227
Veo gráficos dividiendo los partidos entre independentista y no independentistas (Y Podemos en medio xD) Pero aquí hay que pensar también que: JxC 34 + Ciudadanos 37 + PP 3 (xDDDDD) = 74 escaños para la derecha en Cataluña.,0,0,0.4700714
“Cállate el osico puta” jajajajajaajajajaajjajajakalj,1,0,0.42718148
"Trabajadoras de limpieza se suman a la protesta ""#UnVioladorEnTucamino
Vía: @USER
LINK",0,0,0.4676354
No es verdad. En proporción a la población hay muchos más atentados en Israel que en cualquier país europeo.,0,1,0.51251227
🚨Son las 11:00 de la mañana del 14-07-2017 Y vamos a dejar las cosas claras🚨  Huérfano Político ≠ Bastardo Político  Que no os los camuflen😉,0,0,0.4355304
Ando entre un Nazi UBilioso y un Rojazo-Podemita-Cateto y a ambos los estoy insultando con argumentos  Esta es la España que necesitamos,1,0,0.44215822
"@USER Es que no importa si no les gusta o no escuchan, es más el que tratan al que se lo vacila de ignorante y más.. No los entiendo jaja",0,0,0.4576103
menuda zorra te a tocado al lado alejate ya de ella — Callate no tienes ni idea LINK,1,0,0.42461127
CALLATE YA Y HAZME LA PUTA CENA JODERRR LINK,1,0,0.39866555
"@USER @USER @USER @USER Leí tu descripción, ahora entiendo todo, el daño cognitivo se debe a que eres feminista 🤣 y de educación pública. 🤣

Me dio penita tu condición 🤣",1,0,0.4057775
"@USER @USER El director de El Debate ha desvelado en la COPE, una conversación del general encargado de la ciberseguridad norteamericana que indicaría que los americanos saben algo sobre Pedro Sánchez mucho más grave de lo que estarían utilizando los servicios secretos marroquíes contra él. LINK",0,0,0.49602234
"@USER @USER  Que aparentare ser retrasado,pero tu a mi no me conoces bien fuera de este río de gentuza toxica.",1,0,0.45131353
"@USER @USER @USER @USER @USER Este muchacho tiene un serio problema, deberia estar recluido y medicado x salud mental. Claramente no es cristiano, ni creyente de ninguna denominación, sino en la próxima genialidad q se le ocurra, las feminazis locales lo podrian usar de chivo expiatorio p' culpar a la iglesia",1,0,0.45002168
"Comunistss delincuentes y tramposos, porque saben jamás serán nada democráticamente, si no sólo con trampas e infiltrados para hacer sus arreglines LINK",1,0,0.4521901
Los comunistas son una lacra LINK,0,0,0.4459574
"#L6Niglesias Por una vez no estoy de acuerdo con @USER ,Donald Trump no parece un facista, es un fascista",1,0,0.42687005
@USER @USER parece que vuestro postureo en Ceuta parece que no ha colado  LINK,0,0,0.45651805
"@USER Si quieres, pasanos el nombre y todos los datos que puedas de tu bisabuelo e intentamos echarte una mano.",0,0,0.43861645
"@USER Si realmente fueses Demócrata, te preocuparías de las expulsiones de muchos venezolanos, que está realizando este gobierno de Piñera, que los trata como a ratas. Te quedas calladita.",0,0,0.45168915
@USER Pero el hijo de la gran puta murió en su cama : ni un rojo se vengo!!🇪🇸👈😡👎,1,0,0.40432695
Así que en Perú también eligieron a un presidente delincuente? Tanto les costaba mirar al país vecino. La derecha no es buena para nadie.,0,1,0.5112548
Gabinete de los Emiratos Árabes Unidos aprueba la estructura de la junta de la Agencia Espacial de los EAU LINK #wamnews,0,0,0.3768766
Tengo frío en mis piernitas.... ahhh pero quería venir en perra enseñando pierna no?,0,0,0.47672346
@USER Este señor es imbécil de la polla,0,0,0.45458525
"Esto empezó en Octubre, quieren desbordar la institucionalidad como a de lugar son comunistas con disfraz de independientes, mismo discurso de los sediciosos vándalos incendiarios q llamaron a renuncia de Piñera. LINK",0,0,0.45191482
@USER No puede ni debe ganar esta ignorante. No me gusta Orrego tampoco... pero iré a apoyarlo. Esta mujer no puede ser Gobernadora!!🤢🤮,0,0,0.3713608
"@USER @USER pensamiento qlo de terrorista el querer q tu país se vaya a la xuxa, los mismos q juran amor a esta país kl.. estos weones si dan miedo 🤮",0,0,0.43663576
no estoy viendo los goya pero seguro que dani rovira ya ha hecho el subnormal,1,0,0.43949524
"El bloque independentista, aunque pierde dos escaños respecto a las elecciones de 2015, permanece intacto y obtiene los mismos votos que obtuvo con el sí en la consulta del 1-O.",0,0,0.40138245
"70% de chilenos vacunados, 90% de chilenos encerrados, alguien entiende algo?
Ta el pais pa raro.",0,1,0.5087175
"Los cardenales Burke, Brandmüller y Müller, y el papa dictador LINK vía accionfamilia… LINK",0,0,0.3898026
"@USER @USER ...Que partido viste, Chile atacó todo el rato, los Bolivianos pegados al Arco, limpiarte los ojos...",0,1,0.5147331
KAMIIIIIIIIGAAAAAA TU ERES LA AMIGA QUE SE METE LAS POLLAS DOBLÁS EN EL COOOOOOÑOOOOOOO ZORRA VETE A TOMAR POR CULOOOOO PEAZO PUTA ANDA ZORRAAAAA *i sing it like Camina*,1,0,0.46088374
"@USER como podemos hacerlos CALLAR LA PUTA BOCAZ A ESTOS EX PUTOS PRESIDENTES???
GONZAZNAR
que se vayan se vayan
que se vayan se vayan de aquí¡¡¡",0,0,0.45505565
"@USER Mapuches xenófobos!
Atria quiere más sueldo
Stingo más poder
Lista del pueblo saltarse las normas
Dejen de inventar estupideces con el trabajo Constituyente
📢VAYANSE UN RATO A CSM
DEJEN DE JUGAR CON CHILE
Aún no empiezan Y ESTAN PEOR Q EL CONGRESO
#ConstituyentesDelPueblo 🖕🏽 LINK",0,0,0.4286401
¡Un mundo de rubios; dominado por un moreno! (El gran dictador),0,0,0.45360816
Pero ¿que puta mierda de muerte le habéis hecho a Glenn? el se merecía lo mejor y sobretodo una muerte digna ¿qué os pasa en la cabeza?,0,0,0.48106992
"El futuro pinta negro tirando a suicidio colectivo , solo veo derechistas y chovinistas LINK",0,0,0.45405054
@USER Esta es una monja o una mala puta. Pregunto yo. Por lo que se también es una sudaca Argentina de la mierda.,1,0,0.46663147
"Putas maricas no los pueden tocar porque ya les quebraron el puto pie, puro pinché drama",1,0,0.47696897
"Así funcionan los que gritan ""catalanofobia"" en cuanto no les das todos y más. LINK",0,0,0.44014207
"La gente que utiliza el término ""feminazi"" definitivamente no tiene la más mínima empatía con toda la historia que hay detrás de la palabra nazi. El utilizar esa palabra con tono despectivo solo refleja la ignorancia de quienes lo escriben. Con eso NO se bromea y menos se debate.",0,0,0.42962348
"Son nuestros amigos #MantenedoresUrbanos mal llamados basureros  por algunos ignorantes, merecen toda nuestra admiración. LINK",0,0,0.38632149
"porque luego van de amiguis con los latinos cuando hablan de las independencia de sus territorios pero en realidad ,,,",0,0,0.3591417
"Usted se considera aweonao, todos en alguna oportunidad lo hemos sido, así q no me diga que NO",0,0,0.40546826
Luciana anda a fregar los corotos LINK,1,0,0.45650858
LINK López Bulla: La señora independentista maquilla su biografia,0,0,0.3782766
"Hijos de puta, los de aquí, Colado, y los de allí, musulmonos LINK",1,0,0.44461447
@USER @USER @USER Ni caso a esta nesciente y flèbil provocaciòn machista y misògina. Ojalà el poco cairo que ganas lo utilices en plùrimos plàños,0,0,0.36117586
👋 Gibraltareños valoran abandonar el Peñón por los efectos del Brexit LINK,0,0,0.4012528
"@USER Llevan matando musulmanes durante mucho tiempo y no sale en ninguna prensa así que sí, me lo imagino",0,0,0.44623446
"Tu afición es sentimiento, y tiene mucho alimento... di que tú eres el mejor, hincha, tú eres el mejor... escuchando el transistor. RA RA RA",0,0,0.45080802
"Antes de follar con alguna loca del coño, haceos una paja y os evitáis de problemas.",1,0,0.4521846
"@USER @USER @USER Espera , cambias de tema muy rpido. Me pondr la foto otra vez. Pero recuerda sudaca pancho de mierda eres mu pesao.",1,0,0.4393125
@USER Siii es sopita de mote para el frío. Castillo es de Cajamarca y ese es un sombrero chotano. El es de la ciudad de Chota (los argentinos se rien de ese nombre),0,0,0.4447338
"Pues no me viene uno anoche y me dice que es el puto amo, que es guapo y que le elija a él. Cómo puede haber tanto subnormal suelto.",0,1,0.52411306
Tú los traes por tus santos ovarios y luego pretendes cargárselos a otros. Anda y vete a la m... 🤬 LINK,0,0,0.4295777
@USER Mereces Lo Peor Hija De Mil Puta! Ojalá Nunca Más Vuelvas Ah Ver Ah Tús Hijas Basura..,0,0,0.39418685
"Adelson, la ultraderecha cristiana y el freno a Irán: los tres motores de Trump sobre Jerusalén LINK LINK",0,0,0.4456576
"Lautaro de Buin se salva de la expulsión, pero tendrá que volver a Segunda División LINK LINK",0,0,0.43102634
"en cancha estamos mejor sin Vidal?? quizas no, pero no deberian llamarlo más a la selección, que aprenda que con las cagas que se manda, afecta a todo el equipo, a todo el pais, irresponsable ctm, se te pide tan poco pajaron qlo",0,0,0.45341673
"""La prensa más izquierdista como la BBC"" (que tampoco dirán eso) pero bueno, ojalá los nazis sólo fuerais un chiste de Lepe.",0,0,0.45262277
@USER @USER Se picaron los patridiotas porque les destapan los casos de corrupción mas asquerosos de sus milicos y pacos. Entiendan: la corrupción es mala y ningún empate penca cambia eso. Weones 😂,1,0,0.45269918
@USER @USER JAJA que maldito es rubeeen,0,0,0.36763287
"🔴 Chile | A pesar de la baja participación respecto de procesos anteriores, y que hubo además muy pocas candidatas a gobernadoras regionales (16% del total), las 🚺 tuvieron un buen desempeño: 

✔️Tres regiones (18%) estarán lideradas por mujeres por los próximos cuatro años. LINK",0,0,0.43411005
"Esto sonará bastante racista pero las mujeres musulmanas que usan el metro de Barcelona y se ponen ese montón de cosas para taparse… pregunto, les costará mucho ponerse la jodida mascarilla? Pareciera que es solo por ir contra la norma.\n\n\nBarcelona, quo vadis?",1,0,0.4547216
Nos están comprando y esclavizando. Hay que reformar la educación de arriba abajo..,0,0,0.46701956
"@USER @USER @USER Esa""estúpida"" ""puta"" o la denominación que sea, está poniendo el pecho para que los hijos que tenemos o tendremos puedan disfrutar de la naturaleza y un mundo menos contaminado, o creen que los incendios e inundaciones son gratuitas? Si cochino dinero no se puede tomar, putos!",0,0,0.47233012
#ENMundo Greta Thunberg: El mundo está despertando lentamente ante la crisis climática LINK  LINK,0,0,0.4448412
Acabo de ver ¿Quién es Paty Bastida? Conoce a la charnega separatista que quiere mandar a Arrimadas de vuelta a Andalucía - Haga clic ver también ☛  LINK,1,0,0.4882717
"@USER @USER @USER Que pasó, se te salio el odio a las mujeres, mtw? Increíble que los fachos no se puedan aguantar esa adicción 🌶️",0,0,0.46785367
"@USER dale con el tema de que no puede tener un carabineros, PDI o FFAA en cda esquina..... Se equivoca. El estado de emergencia es para eso enano culiao!!!!",0,0,0.45919958
"@USER como leí por ahí, la June necesita terapia no a otro culiao jajaja",0,0,0.4133104
Parte de los weones que me persiguen. LINK,0,0,0.423155
"#LaBatallaFinalMV temas Narcos y drogas !!!! @USER @USER 
Alfombra roja para que los delincuentes sigan con el poder???",0,0,0.42929247
-Te mereces un Oscar por Puta😏 -¿Que? ¿Cuál Óscar? ¿Está bueno? ¡Presentelo! - (._.),1,0,0.44537273
Prueba de que seguimos viviendo en una sociedad machista se encuentra en los enormes abucheos y faltas de respeto durante las intervenciones de @USER y @USER en el #debatedeinvestidura. ¡Todo mi respeto hacia ambas!?♀️  #investidurasanchez #fuerapatriarcado,0,0,0.38597542
"@USER @USER @USER @USER @USER @USER Que no sé si os habéis fijado...que el caso Pablito”el iluminao”, q no está archivado...ahora que hacemos, Venezuela o criminalizamos inmigrantes ?? Rápido q os pilla el toro!!",0,0,0.44383007
"Literal vivimos en un mundo donde si una chica es violada es 'por perra', 'por descuidada', siempre tiene la culpa la chica agredida, nunca el que agrede... sinceramente la gente que piensa así me da un puto asco.",0,1,0.50579953
@USER Que risa esa mujer #yenidensçk,0,0,0.37748927
"Ser liberal, comunista, fascista o socialista no te hace bueno o malo. Hay gente canalla en todas las ideologias.",0,1,0.5321444
#parejainfelizSDP lq mujer es lesbiana puta,1,0,0.38985935
"@USER ¿como? yo también tengo derecho a un chalet de 3 pisos! Vivienda digna, lo dice la Constitución que quiero abolir! FACHA!",1,0,0.47691476
"Único con pantalón largo y diciendo las cosas como son @USER insolencia maxima en esta estúpida seción, los honorables se pasan por el poto a toda la gente de bien que si se vio y aun se ve afectada y q perdió todo! #NoALaReparacionDeDelincuentes  #100xcientosinletrachica LINK",0,0,0.41883364
"@USER Y quien puede asumir el cargo?, si todos los del gobierno son ineptos",0,0,0.42792735
@USER @USER Ahora me pude dar cuenta que los de la Izquierda son igual ee aweonaos que los estupidos de la derecha.  😂😂🤣🤣,0,0,0.4312197
@USER @USER Son de derechas con la diferencia de que no son franquistas ni homofobos o racistas. Son gente con valores de derechas en el sentido economico de la palabra. Unas derechas que España no conoce.,0,0,0.46250862
@USER zorra hija de puta no mereces bibir!,1,0,0.37576556
"@USER Me gusta que le hayas dado a ""like"" dice mucho de tí. Lo dicho, la mayoría de antitaurinos sienten su muerte.",0,0,0.49083218
ESTOY TEMBLANDO LA PUTA MADRE SE LO MERECÍAN TANTO,0,0,0.46982872
"ANALIZO LA SITUACIÓN POLÍTICA DE VENEZUELA Y NO ENCUENTRO ENTRE TANTO HIJO DE PUTA A NADIE QUE MEREZCA LA PRESIDENCIA DE VENEZUELA EN 2018, NI GOBIERNO, NI OPOSICIÓN RATAS DE LA MISMA MADRIGUERA, CAIMANES DEL MISMO POZO. TAL VEZ DIOS NOS SALVE O NOS INVADAN LOS MARINES...",0,0,0.44569114
La música también tiene cabida dentro de la jornada que estamos celebrando por el Día Mundial de las Personas Refugiadas. Los artistas Jawad Saberi y Fernand Diallo reivindican su integración en la sociedad a través de esta estupenda muestra de rap. LINK,0,0,0.44372243
Creo que es montarte en el coche d cualquier chaval arabe y el golpe q t da la colonia no t lo da ni cuando entras a la perfumería,0,0,0.47407097
"Cada vez vamos por la vida apurados y a toda velocidad. ¡El tiempo es un tesoro! ¿Cómo escribir de manera persuasiva, rápido sin dejar a un lado lo importante? LINK #copywriter #copywriting #escribirparavender",0,0,0.44776827
"@USER Con mi verga te enseñaré lo que es ser una puta de verdad sin valor,que solo piense en chupar vergas y beber semen espeso y caliente",1,0,0.45778933
"@USER @USER Sea lo que haya hecho, el daño se lo hizo finalmente a ella, no a su país. Pero dejar a un ignorante y anti chileno de esa envergadura en la presidencia sí que es un peligro para la ciudadanía y su país, y de paso eventualmente para Chile.",0,0,0.45076567
"No obstante, me dicen 2 horas antes. 

Maldita sea.",0,0,0.4346341
@USER @USER Normal si es que es una perra esa que no va el colegio la muy fresca,1,0,0.46219125
"@USER @USER @USER Fea y pesada, parece un travelo #inmoralonso",1,0,0.39280784
"Que alguien me regale un porro por fa, que apenas estoy asimilando haberme quedado sin papeles y sin plata 😠",0,0,0.43804458
"@USER Voy a pasar del bullying añadido constantemente💔 Y que si, que ya lo sé pesado, que te gustan mucho. Si es que eres un rarito.",0,0,0.4802163
"@USER Quien siembra vientos (represión, abusos, torturas, violaciones, ceguera..) cosecha tempestades",0,0,0.36435342
@USER Pero ladrón ignorante !! Los eligieron para escribir la constitución!!! Nada más !!!,0,0,0.37522662
@USER A la hoguera con el pelao golpeador de mujeres ese,0,0,0.43634722
Mira es que me enfada tanto ya son invisibilizadas en casi cualquier ámbito como para que ni siquiera las incluyáis en el feminismo,0,0,0.45095792
"@USER @USER Ya van a fregar otra arteria en nombre del pueblo y en realidad es una consesión transa, como las que hizo Mancera.",0,0,0.46025783
"Verga, puta, cállate ya LINK",1,0,0.41473377
"La historia es terrible. El recuadro final... El lichi, culpable de la muerte de cientos de niños en India LINK",0,1,0.5050187
@USER @USER Es el momento de quitar las concertinas y poner 10.000.000 de cerdos IBÉRICOS en nuestras fronteras seguro que no entra ninguno,1,0,0.4497427
"""Sitio web de UGE. Unidad de Grandes Empresas.Ministerio de Inclusión, Seguridad Social y Migraciones. Página de inicio ."" LINK",0,0,0.42218548
@USER Hermosa mujer bella valery paisana venezolana @USER un webo hermosos y sus pies son encantadores,0,0,0.3838973
a si es este pais de mierda TERCERMUNDISTA LINK,0,0,0.44291654
"@USER @USER La verdad es que mientras sean productos españoles me conformo ,lo que tienes que tener cuidado es que no te den verduras de África o sudamerica allí no tienen los controles de sanidad que hay en España ..",0,0,0.4521287
Hubieran cambiado la historia Mary no merecía morir puta madre 😭😭😭😭😭😭,0,0,0.3862552
"Así es. Los políticos han aumentado negocio y plantilla. En España, las ONGs son las empresas que mejor funcionan. Cuentan además, con muy altos beneficios no declarados.",0,0,0.490733
@USER Soy el ctm insufrible con shingeki,0,0,0.43997845
"@USER @USER @USER Un estado fascista, que envía a la policia a pegar a los ciudadanos que quieren votar, tiene fiscales y jueces amigos y que afinan cosas. Quién tendría miedo ??",1,0,0.44255367
@USER Y si abres la puerta y cedes el paso a una señora eres un facha machista,0,0,0.4579077
"Deje, deje, evite perder el tiempo con un marxista. En España se lee poco, y además, casi toda la generación después de la transición está adoctrinada por esa izquierda radical. Beben de las mismas fuentes y la Universidad, más las televisiones están al servicio de ellos.",0,1,0.5053567
@USER La delincuencia no para sólo cambia el líder. Derecha popular de los delincuentes que aboga por la puerta giratoria.,0,0,0.47310233
@USER Petro no te has puesto a Pensar que el origen pudo ser los Bolivianos ?,0,0,0.44891235
"Una mujer denuncia acoso, abuso o violación y la mandan a la casa. Despues quieren parar los femicidios poniendoles mas pena. Cuando no te da, no te da.",0,0,0.4952075
"Emigrar no tiene por qué ser complicado, lo importante y más recomendable es planificarse para garantizar una migración exitosa 🙌\nEn legalizados contamos con asesorías migratorias 100% personalizadas con expertos con más de 10 años de experiencia👇\nLINK",0,0,0.47101924
"El veto absoluto al aborto en #ElSalvador como violencia de Estado
El caso de 'Las 17 y más' son ejemplos de mujeres condenadas apenas de hasta 50 años de cárcel por abortos espontáneos, finalizar embarazos de riesgo o fruto de una violación
LINK",0,0,0.49075654
"2 millones de votos al bloque independentista, pero luego los 2 millones de votos del #1O son falsos, eh #21D",0,0,0.41954145
No lo podría haber definido mejor.,0,0,0.39727116
@USER @USER @USER Oye por qué no molestas a tu puta madre?,0,0,0.4403488
lo que me alegro!!! tira subnormal!!! x hablar antes de tiempo!!! LINK,1,0,0.43798447
@USER Hijo de la gran puta @USER,0,0,0.36341402
"El exmandatario brasileño Luiz Inácio Lula da Silva y la vicepresidenta electa de Colombia, Francia Márquez, se reúnen para conversar sobre la ""coyuntura latinoamericana y mundial"", ""elecciones"" y las ""perspectivas"" del Gobierno de Gustavo Petro.\n\n\nLINK LINK",0,0,0.3786992
"🔎 Los desplazamientos de artistas e intelectuales de #AméricaLatina caracterizan su producción literaria a lo largo de los años. El Prof. @USER (@USER), novelista y ensayista; explora en el IBEI la figura del novelista migrante en la #literatura latinoamericana LINK",0,0,0.41385907
"@USER @USER Se sabía, pero dale q las gallinas mean  La izquierda toda, toda fue x el apruebo y un gran porcentaje d la derechita y ahora, estan ""aterrados"" le dieron navajas a los monos y ahora cuiden el ""cogote"" o terminaran, degollados, tropa d zanganos",0,0,0.47531286
@USER @USER tarde inmigrante,0,0,0.40107396
"?VÍDEO| Nuestra compañera Ester Alonso ha hablado con el padre de la víctima del caso Arandina: ""No entendemos las concentraciones a favor de los acusados. A partir de ahora vamos a tomar medidas legales""

#ESPejo16D ▶ LINK LINK",0,0,0.46973085
@USER La negra de turista en el reló !,0,0,0.45854786
"POR CIERTO LA MAYORIA, CASI TODOS LOS FASCISTAS, NAZIS Y PURRIA POR EL ESTILO SON CAZADORES Y A MUCHOS LES GUSTA LA TORTURA DEL TORO.",1,0,0.4611756
Que temazo arabe dios mio,0,0,0.4053453
"@USER Por la miéchica, en las mismas .",0,0,0.42382464
"¿para que se inventó el alcohol? para que las feas, gordas y canis perdieran la virginidad.",1,0,0.4581787
@USER Titular qliao malo,0,0,0.37120417
"Me considero patriota pero defiendo el #BoicotALosGoya porque los titiriteros son todos rojos.  Ah; y no hay dos Españas, sólo UNA, GRANDE…",0,0,0.48114753
@USER @USER @USER @USER ¿Un tío de la Alpujarra es independentista catalán? Esto es lo mas grande que ha pasado en la Alpujarra desde lo del Lama Osel. ¡Ya te digo!,0,0,0.48938096
"Hace días hablaba con la niña que me hace las uñas, es chilena y joven 20 años. Me contó del miedo que tiene en que Chile pase a convertirse en Venezuela porque y cito ""Los chilenos se quejan sin necesidad y por todo"".",0,0,0.4619408
"@USER Muchos constituyentes mas penca que los políticos y la mayoría de independientes mas zurdos que el PC, el desastre que se viene si no se les ponen las reglas claras y si no trabajan no se les debe pagar, no estamos para regalar plata.",1,0,0.46171293
"@USER @USER @USER @USER No importa. Lo que chilote no entiende es que el PC es el que va a expropiar, controlar precios, estatizar e imprimir billetes. Cree que se ha hecho eso en estas décadas.",1,1,0.51797897
La chica murió en un accidente y este machito sube historias diciendole puta violada y que se lo merecía LINK,0,0,0.4450551
"@USER @USER Sí, de hecho ahí lo dice, entonces no está nada alejado que Quito ya lo sea, no te olvides de la cantidad de venezolanos que han ingresado al país y que la mayoría se asienta allá.",0,0,0.49527863
alex ya sabemos que eres gay no disimules más,0,0,0.45168886
"@USER @USER @USER Esos weones son más fanáticos que el pc... No sirven... Creen que los únicos con derecho a voz y creen tener la razón simpre se quedaron en una burbuja ideologica no más van a, quedar olvidados",0,0,0.45430163
"Los que le dicen ""puta"" y ""loca"" a Greta Thunberg, son los mismos que se ofenden cuando escuchan #ElVioladorEresTú, ¿verdad?",0,0,0.4961309
"Gente haciendo lo que quiere, carretes clandestinos y toda la wea
Pero yo voy a medico real y no me dejan subirme al bus porque me falta un certificado que no existe ¿de que mierda hablamos?",0,0,0.4752534
"Claro..si el culpable es la víctima, lo que ocurre es que ustedes no sólo culpabilizan a la víctima, sino a todo un.entramado social y de relaciones",0,0,0.49238294
"Free pass y protección para los okupas, vagos y delincuentes que quieran tomarse viviendas de lis chilenos. LINK",0,0,0.439692
CUANDO VA A DESAPARECER LA IGLESIA CATOLICA Y REPARTIR SUS RIQUEZAS AL PUEBLO SOMETIDO ??,0,0,0.40383372
@USER @USER cállate,0,0,0.39415377
"Vive demasiado lejos ❌\n\n\nTengo puesto a Tinder que no me saque a nadie fuera del rango y veo demasiados perfiles que están a 9000km, no quiero hablar con quien sé que no voy a conocer en persona, suelen ser latinas o asiaticas\n\n\nNunca veo perfiles que estén en Alemania o Francia",1,0,0.44042534
Que bien que el güero (sol) me echo la mano para poder apreciar está culona en leggins negro .  RT y MG banda   Hay vídeo . 👍 LINK,0,0,0.44470638
Haciendo chistes el aweonao LINK,0,0,0.38744473
"El venezolano que comenta en DirecTV sabe más de mamar que de fútbol, devuélvanme a Varsky.",0,0,0.40852457
"""Tu Dios es judío,\nTu música es negra,\nTu auto es japonés,\nTu pizza es italiana,\nTu gas es argelino,\nTu café es brasileño,\nTu democracia es griega,\nTus números son árabes\nTus letras son latinas\nYo soy tu vecino. ¿Y tú me llamas extranjero?""\n⁣\nEduardo Galeano",0,0,0.41330945
Voy a cometer crimenes de odio contra la Selección Boliviana de Futbol y su DT Cesar Farias,0,0,0.4165887
"@USER fresas, lombrices y moras negras",0,0,0.41337457
@USER Yo ni eso chamo 😔,0,0,0.4048888
"➡️""Es indudable que aún estamos viviendo el proceso de transición (...) y las mujeres debemos ser parte de estos cambios"", asegura Juanita Rodríguez sobre la flexibilidad laboral y el teletrabajo, en contacto con @USER",0,0,0.42628482
"CTM EL THEME DE MAY ME DA AÑOS DE VIDA !!!!

Yo literal cuando suena! : LINK",0,0,0.45386606
"Me has hecho llorar shur, a partir de ahora todo lo que gane lo voy a dar al Estado para que mantenga a todos los necesitados del mundo, soy una persona nueva y porqué no decirlo, mejor que esos malditos contribuyentes que quieren que se respeten sus derechos, qué se han creído? Que su dignidad vale lo mismo que el de cualquiera que lo único que ha aportado a este país es haber pagado a una mafia para que lo traigan hasta aquí? PUES NO! sus derechos van antes, porque son más pobres, y por lo tanto mejores personas, más puros, más nobles, el problema es que no trabajamos lo suficiente, si trabajaramos más podríamos mantener a muchos más, tenemos aeropuertos, deberíamos ir a recogerlos en sus países y traerlos con trabajo, ayudas y casa, que para eso no son españoles, que asco les tengo desde que te he leído shur a esos fachas, no puedo con el Código Civil racista que tenemos, nadie es español por haber nacido en España, eso no funciona así, eso funciona a que yo trabajo hasta los 65 para que me llamen xenofobo a la cara, y yo tengo que estar callado, eso es ser español, basta ya de privilegios. Gracias shur gracias, me has enseñado el camino, ahora todo está mucho más claro en mi cabeza, estaba ciego pero ya veo.",1,0,0.4439358
"@USER Cuales son las ""alarmates"" cifras de ""abuso sexual""? Donde están esos ""alarmantes números""?
Basta de manipulación y de propaganda feminazi.",1,1,0.5066014
Narco para todEs. Las mujeres liderando y los hombres en la entrega minorista. No más patriarcadE en la droga. LINK,0,0,0.41791278
hasta el cuñado Inés Arimadas la llama Facha y Tu le vas a Votar Piensen Catalanes ni los Fachas de C's ni los Traidores PSOE o PCS la solución es En Comu Podem,1,0,0.47383955
@USER Bueno pues entonces en vez de olvidar repetiremos una vez más: 'mi novia es del sevilla y es una puta más!!!' #minoviaesdelsevillayesunaputamas @USER todo nuestro apoyo!!!,1,0,0.4412288
Loca payasa coje en telo t voy a romper la cabezaaaA😈👊,1,0,0.4398978
@USER SI POR LA INDEPENDENCIA CATALANISTA. A ser posible con valla de 8 metros y concertinas bien afiladas para que los españoles no ensuciemos su autoasignado territorio. No sea que a algún español le de por molestarles.,0,0,0.47195396
"Un regalito del arbitro para los colombianos...
 #COLARGxTNTSports LINK",0,0,0.45258376
"@USER @USER @USER Ojala, pero aun no cantemos victoria, que la devoción de sus acólitos (aun demasiados para todas las barbarides que han hecho) y el ansia de poder de estos tíos, empezando por el Corbatas, quedan en pañales a las de cualquier régimen ""democrático"" latinoaméricano.",0,0,0.4281199
"La mascota representa lo que representa. ¿Que en los años 50 no eran problemáticos? Pues vale. Pero han representado siempre un estereotipo. Desde que los ponían viviendo en chozas de paja diciendo alumba mubumba balumba y caminando con lanzas: URL Hasta en los 90 que iban a un festival con conguito Tina Turner, conguito Stevie Wonder o conguito James Brown. URL Son caricaturas de estereotipos de las personas negras. No, la mascota no son dos cacahuetes uno encima de otro. Que digan que no ven problema en su mascota, que no se ha hecho con intencionalidad racista o que blablabla. Pero que tampoco tomen a la gente por idiota. La mascota es una amalgama de estereotipos sobre la gente negra porque como su color de piel recuerda al chocolate jajajaja que risa María Luisa. Que cada cual piense si en 2020 eso se puede, o no, considerar racista. Edit: Vamos, lo que dice 38",0,0,0.46448502
Esto último sólo indica vuestra profunda naturaleza antidemocrática y fascista.Y por supuesto la estupidez que deno… LINK,1,0,0.44681278
@USER @USER Pinche pendeja.,1,0,0.41513878
"@USER @USER Cateto podemita y casposo?yo esto me lo miro.xo tu sigue buscandote la dignidad,la discusion politica no se riñe con el respeto a su persona",0,0,0.4165725
"@USER @USER @USER @USER Que no,que no,que no soy un fascista,que nunca lo he sido y jamás lo seré,además para serlo tendría que ser independentista y estoy hasta el nabo que el independentismo le falte el respeto a los españoles ¿Te enteras?",0,0,0.48939502
"Si después de ""histérica"" y ""puta"" el tercer insulto que más le dedican los hombres españoles a Greta es ""majareta"", es que hay 1/3 de los machistas de este país que son recuperables.
LINK",0,0,0.42293414
@USER @USER y @USER deben estar orgullosos por ser tan aweonaos 😂😂😂🤣,0,0,0.32879877
"@USER @USER Decian los venezolanos, ""No vale, yo no creo""\nLINK",0,0,0.42778718
Patricia Madrid dice que la gente no es tonta... ? Se comieron la pastilla con Greta... los padres están currando como locos y la gurisa ni termina el liceo.,0,1,0.5096773
@USER @USER lástima que los maricas estos ya borraron sus comentarios. Han de estar arrepentidos o asustados,1,0,0.42723632
"@USER Quería que los legionarios no enseñasen el pecho porque era de fachas, pero pasaba revista a las tropas embarazada. Una referente.",0,0,0.40840444
Eso pretenden ustedes..enseñar de quien deben enamorarse..de qué se extraña?,0,0,0.4664683
y asi empezo venezuela chamo jajaja\n\n\nesta gente no se cansa de ese discurso refrito lo mismo dijeron cuando gano amlo en mexico y  boric en chile jaja LINK,0,0,0.4062868
"@USER @USER @USER @USER @USER @USER @USER @USER @USER @USER @USER @USER @USER Los mapuches lo nombraron "" Gran Lonco ""........",0,0,0.37922478
"Si las mujeres votan, los curas les harán q voten a los fascistas #GestaciónSubrogada",1,0,0.41696158
"PD: en azul son mis respuestas. En verde son las que ""acerté"" y en rojo las que ""fallé""",0,0,0.46724468
"L- El mejor luegar para tener mi polla ahora mismo es en la garganta de Wicca, llenándome de babas",1,0,0.46458694
Y con dos monjas diciendote que te calles la puta jeta JAJAJAJAJA ay 2017 fuiste mi mejor año xDD LINK,0,0,0.4078052
"Y en la votación de investidura de un bloque independentista, con los Diputados en Bélgica y en la cárcel, no da, ¿no? #ELECCIONES21D #EleccionesCataluña",0,0,0.3914202
"""He publicado un episodio en #ivoox """"Bienvenido a Chile, Bitácora del Inmigrante 04 agosto ..."""" #pod... LINK",0,0,0.398899
"@USER Jajaja callate perra, jamas haria eso",1,0,0.37908354
"Mientras, los inmigrantes con todo tipo de ayudas. Más de 3,5 millones de españoles viven con menos de 350 euros al mes LINK vía @USER",1,0,0.4285709
@USER  a #Reppe lo mandan a comer mariscos ricos! y a ti....#CaldoEPata #Poto #TodosSomosSepu Saludos,0,0,0.43006602
@USER @USER pues abre grande el ocico perra que te la voy a meter y me vendre en tu cara de zorra pendeja sin dignidad,1,0,0.41182598
Que extraño lo que está ocurriendo en el registro civil y la comunidad haitiana. Por qué más de 700 personas de esa nacionalidad requieren el mismo documento y no hay una versión única?,0,0,0.48292923
"@USER @USER Karina Oliva va a la segunda vuelta este Domingo con Orrego por la Gobernación de la Región Metropolitana de Santiago, espero que todos vayan a votar para frenar a esta comunista ignorante.",0,0,0.47206756
Tener todos los álbumes de Justin en iTunes no me convierte en gay verdad?,1,0,0.47085083
"Moreno Bonilla (PP) afirma que la inmigración ""no genera ninguna inquietud"".\nLINK LINK",0,0,0.38934046
@USER Y si no dice que la has violado y te manda derecho a la cárcel para los próximos 38 años.,0,0,0.43871418
"Así es!. Por ejemplo, ud es preciosa mi estimada exEscoria. Yo te veo en la calle y te lanzo tu piropito, así se cabree mi esposa jaja.
Estot convencido que la feminazi a quién le cabrea que le digan preciosa tiene una razón de peso diferente al irrespeto que reclama. LINK",1,0,0.41810212
@USER @USER @USER 😱😱😱 wns asquerosos,0,0,0.41275153
"@USER @USER @USER La seuda ""Greta"" te da lecciones de política, algo que ni leyendo mil veces podrás entender pelotuda..",1,0,0.4534893
Somos puras mujeres que no vemos fútbol en Twitter ?,0,0,0.49825647
Les da mucha pena el naufragio pero no que cientos de niños españoles no tengan nada que llevarse a la boca. Mierda de progres que valoran mas a los de fuera que a sus propios vecinos.,0,0,0.48199868
@USER marica ahorita bajo :) vos por cierto todavía sirve transformer JAJAJAJAJAJAJA cuando entras a estudiar ?,1,0,0.4395833
VIEJA PAYASA....................................... APARTA TU MIERDA DE MI MIERDA..................................... NO ME SEAS LOCA,1,0,0.40712357
@USER eres la payasa mayor del reino   Idiota!!!!!,1,0,0.39631823
"El degollado también es muy tonto, mira que robar zumo a los demás, como si los demás no fueran a morirse de sed xd",0,0,0.4069209
"Hoy es un gran dia! Porque cumple otro año mas de vida una de las personas mas bella y especiales que el mundo a podido apreciar, Ya son 23 años de una mujer que ha vivido tanto y ha luchado para conseguir lo que tiene.
Feliz Cumpleaños @USER a festejar 🥳
#Felices23Yuuki LINK",0,0,0.3938312
@USER Hola Lobita!! Buenos días 😃 que te vaya súper y un pulento abrazo amiga linda 🌷😘😘,0,0,0.4316873
"@USER @USER @USER @USER @USER @USER @USER @USER Uyyyyy....no sabia que habian politicos presos?......son diputados Zanganos?....don senadores zanganos?.....noooop no podemos ser como Venezuela, Cuba, u otros paises comunistas....cabritos  .",0,0,0.41756424
@USER @USER @USER Típico sudaca en subdesarrollo me parto 😂😂😊,0,0,0.36169592
"El objetivo era la recaudación de fondos para promover el desarrollo de la infancia más desfavorecida en los países africanos Benin, Guinea Conakry, Marruecos, Mauritania, Senegal, Togo, Mali y Jordania LINK | @USER",0,0,0.4485364
@USER cuando me hicieron la casa vinieron trabajadores indocumentados de Argentina que no estaban registrados.  Mi casa fue la que expusieron en el Prado hasta el día de hoy tiene entrada de agua por todos lados y problemas enormes sin solución,1,0,0.49091482
Mundo| Duque mantiene al Ejército en las ciudades colombianas tras una nueva jornada de protestas. LINK via @USER Angamos #antofagasta #iquique #calama #osorno #Arica LINK,0,0,0.409096
"@USER Si, y la Colau en la patética línea del Sálvame. Anda ya.",0,0,0.4530505
@USER El 92% por ciento de la población de Kosovo es musulmana. Esto es una buena pista de a quién apoyar.,1,0,0.45348662
Basta de los venecos LINK,1,0,0.40727755
"@USER nono claro que no, callate q mientras tenga alcohol vos tragas perra",1,0,0.43861133
Así se las gasta el nuevo fichaje del Rayo acusado de fascista (video) LINK,0,0,0.44347447
"@USER Ah, entonces sólo eres una fan loca que sabe lo mismo que yo.",0,0,0.4460748
"@USER Además acaba su perorata con un ""No"" y un punto y aparte, vaya, porque ella lo vale, y el tema no admite más debate ni discusión alguna.

Por supuesto, @USER, que me escandalizan 38 años por sexo consentido, mientras los podemitas defendéis la reinserción de ""El chicle"" ?",0,0,0.48891228
@USER @USER @USER @USER Decisión de Castilla continuar con el nombre árabe. Por ese motivo se utiliza como tal. Como decisión de Castilla fue que celebres la Semana Santa.,0,0,0.36048785
@USER Madre mia que obsesión tenéis. Pero de donde coño sacais que para las cosas malas pregunto la nacionalidad? Que sea marroqui da exactamente igual sea para algo bueno o malo. Que pesados sois cojones,0,0,0.48726302
"@USER Para no ir más lejos, todos los que yo veo de inspiración fascista: artículo 8, 155(al menos tal y como se está aplicando) y 159.",0,0,0.44950604
Es que nadie va a ser capaz de no cagarla de una puta vez? Coño ya con las tonterías,0,0,0.44759437
Si Kim Kardashian’s le dice perra vagabunda a los levantes de su cuñado pff yo porque tendría que quedarme callada PERRAS RASTRERAS,1,0,0.44147137
"Y otra cosita os digo a los indignados de la #Arandina , con respecto a lo de que ella subió con ellos a casa... pero vamos a ver, ¿me estáis diciendo entonces que debo pensar que todo hombre es un posible violador? ¿Es eso? Si es que vosotros mismos os colgáis el cartel ?",0,1,0.511027
"🔴 ÚLTIMA HORA | #Argelia denunció este domingo una ""carnicería"" tras la muerte de 23 inmigrantes subsaharianos en Melilla, enclave español situado en el norte de Marruecos. En breve, más información en LINK LINK",0,0,0.4835596
"@USER @USER sí tienes que fijarte que fijarte que en el yanki ponga ""Official N Seal"" y el pal"" Original N Seal of Quality""",0,0,0.44800535
"Oye, la TV peruana es tan facha que allá Matías del Río sería un rostro progresista. 🤢",0,0,0.42216882
Tremenda pedazo de subnormal jajajajajajajaj,1,0,0.44209543
Yo soy un ministro o cargo político de este país y no iría ni de coña a los #Goya2017 Toda la puta gala poniéndome a caldo...,0,0,0.45833197
"Las mujeres son muy simples, sólo quieren que las trates bien, les digas un te amo, tengas detalles bonitos y les leas la puta mente.",1,0,0.48332134
"Ser ateo es delito de odio, dice un católico. Preparad la cartera, vienen tasas judiciales.",0,1,0.52023727
"Pues nada 2.00.00 de menores aquí ilegales y les pagas tú la paguita con tu sueldo, verdad?!",0,0,0.45405117
@USER @USER @USER Con ese nivel de profundidad… de “argumento”… no merece ni respuesta.. es tan frecuente que el más ignorante es el que más listo se cree…,0,0,0.4455614
@USER @USER @USER ¿Los hombres? Yo no la considero estúpida ni puta... Hay que corregir eso por favor.,0,0,0.43021697
"@USER La romantización y vulgarización que hace de los paises fascistas es cuanto menos, graciosa.",0,0,0.43156067
@USER Cállate perra si ahorita te tomaste una ultra,1,0,0.41361463
"Qué puta rabia la gente tan descarada conchuda, no merecés ni puta mierda.",0,0,0.46351594
"@USER No lo he puesto queriendo, pero es difícil llevar 2 idiomas que son prácticamente iguales, y te hacen aprender entrava en catalán",0,0,0.4427212
Morales culiao hermano pudiste hacer cualquier cosa y no hiciste nada.,0,0,0.41871884
"Normas hay muchas, chulerías también y no todos son maltratadores o abusadores. Es como decir que todos los que han tenido una reyerta, los que suspenden, los que pasan maría, los rockeros indisciplinados, TODOS son maltratadores, y no es así.",0,1,0.5112538
"Gana en diputados el bloque independentista, si. Pero en votos siguen por debajo del 50%.  El ""mandato ciudadano"" es cuanto menos, confuso.",0,0,0.4790779
@USER De la alcaldesa pa bajo son unos CTM!!!!,0,0,0.43102688
"@USER @USER @USER No te vayas por las ramas mongolo, ¿comerciaban los catalanes con américa?… LINK",0,0,0.41262043
"@USER Genial! Estupenda tecnología para unir 🇪🇸 con 🇲🇦 y sustituir las concertinas y vallas de Ceuta y Melilla, para que los inmigrantes ilegales puedan invadirnos a velocidad supersonica, su socio, George Soros, estaría encantado 👇  #EleccionesYa   #StopInvasion  #SanchezDimision LINK",1,0,0.47272435
"Pobres venezolanos que se fueron a Perú arrancando de Maduro, y ahora se les viene Castillo... 😱😱😱",0,0,0.42553872
Resumen de la noche navideña de este año: 1. Mi viaje a Cerritos y mi nueva novia de ahí. 2. Bromas de chicas con el tío-abuelo machista. 3. Whisky con el tío-primo buena onda. 4. Parte depresiva: inseguridad del país y las patrullas en viajes.,0,0,0.46700233
La ridícula toma de posesión de una edil podemita en Burgos | La Gaceta LINK,0,0,0.32475853
"Brecha salarial entre hombres y mujeres se agudiza con la pandemia
LINK LINK",0,0,0.45091206
"Y a mí que me estás contando. Prácticamente nadie de los que está comentando está hablando del problema que supone que en sus países de origen haya corrupción como sistema monetario, de gobierno y de todo. Solo se dedican a decir ""AH PUES QUE NO INTENTEN ENTRAR Y NO MORIRÁN, CARGA FISCAL, MUGROSO, NEGROS"".. La solución pasa por una cooperación internacional y presione sobre esos países. Presiones que no van a llegar de momento porque África está usada por macroempresas para obtener beneficios, y con respaldo de los gobiernos de turno.",0,0,0.44177738
"Algunos partidos democráticos amanecen con pintadas de la ultraderecha en Alicante.  Otros, no. LINK",0,0,0.4347446
"@USER @USER Andrea está hablando d delincuentes y mendigos extranjeros, los profesionales extranjeros q están aportando en nuestro país NO están metidos en el paquete d los delincuentes. Eso es lo q yo entendí .",0,0,0.46666735
✅¡ Y seguimos en tierras africanas !\nLINK LINK,0,0,0.3924248
"Hablemos de Economía.\nMire un tipo del nuevo gobierno, hablando de inundar a Venezuela con productos colombianos y recuperar...\nSabrá ese mp, que en Colombia los huevos están a $600, papa $120 mil bulto, con esos precios ni los colombianos nos alcanza, MENOS LOS VENECOS.",0,1,0.5309241
"EL 95% de los ancianos vota al PSOE, A mi que un anciano vote al PSOE y al dia siguiente le robe un mena, le meta un navajazo, o le ocupe una casa, o le quite un % para pagar el chalet del mena, me sienta bien, huele mejor que el napalm por la mañana, La gente es subnormal, pero bueno, cuando los 20 -30 añeros nos hagamos mayores y paguemos las mierdas de decisiones de estas epocas, ya mataremos a alguien, Mientras tanto, a pagar irpf, cotizar para no tener pension y cosas varias, que la musica siga sonando que demomento no pasa nada",1,0,0.4291793
"@USER Oliverga Mierdanez, tú eres un retrazado mental, escoria, Tú & tus ídolos que están llevando a las masas a la ignorancia! Todos los terramierdistas son la m*erda del universo! RETRASADOS MENTALES!! Gente sin entendimiento! Muéranse terrami",0,0,0.38659942
"Si y de paso les impedimos ayudar a los inmigrantes k okupan Hispania, k son unos jetas y se llevan las subvenciones.  SOYS CATETOS DE COJONES #Mierdadepais LINK",1,0,0.4507169
@USER El asunto es q estás feminazis tienen un serio problema mental...descargan contra el pocho toda su frustración. No se si es odio a los hombres o celos de las mujeres lo q no les deja ver que JLo y Shakira salen a VENDER sus cuerpos semidesnudos y se alimentan de estos comentarios,1,0,0.49411768
Y los sultanes musulmanes viven aún mejor!,0,0,0.4140188
"@USER @USER Tiene cara de ser egipcia o tunecina, la sangre tira mucho.",0,0,0.45777357
Vengo de sacarme la última muela del juicio que me quedaba y Ctm que wea mas desagradable los dentistas,0,0,0.44399655
"@USER @USER Karina Oliva, feminista, apoyó a un candidato denunciado por violencia intrafamilia (sabiéndolo). De esta renovación me estás hablando? y que hay de sus gastos de campaña? y su nefasto paso por Ciudadanos? no sé si podamos decir que Oliva ""es nueva"", no lo creo así",0,0,0.49283752
Lo unico peor que una feminazi es otra feminazi progre y guatona.,1,0,0.44246334
COMO???? NO NO NO PUEDE SER QUE CARAJO NO MERECIA ESO QUE HIJO DE PUTA' la reaccion de mi tia con >>>las series Mi hermano con >>>sus videojuegos Y yo con >>>los libros Diferent place same feeling,0,0,0.49491364
"Vicepresidente, sin papel en crisis política LINK",0,0,0.44229972
"@USER La constitución Chilena y su organismo soberano esta supeditada a los acuerdos internacionales convenidos por Chile y sus ciudadanos en los decretos firmados y reconocidos en nuestra constitución.
Pobre y triste weon, donde estudiaste derecho? En el W.C, en google me imagino😂🤡 LINK",0,0,0.46020097
Los zurdos son tramposos y hacen fraude en elecciones (inserte país) LINK,1,0,0.40214717
"@USER Depende de que llames feminismo. La nueva cConstitución Politica de la República de Chile debe ofrecer a los ciudadanos, como oferta natural, el aborto a toda prueba, sin condicioes  que es un derecho de la Mujer el saber cuando puede sostener a un hijo, ese derecho es inalinable",0,0,0.4606712
La justicia a veces funciona y otras veces no. Pero lo que jamás funcionan son las turbas medievales.,0,1,0.50769657
@USER ¡La pinza vasco-gibraltareña!,0,0,0.45107827
@USER (Greta T...)  Sois Gilipollas!!!,1,0,0.3825063
"¡Cal viva, coño, que nos están invadiendo valiéndose de armas químicas, que no es ninguna broma! Y aquí hablando de lo malucas que son las concertinas. ¡Es que hay que joderse! #Ceuta LINK",0,0,0.43975002
"@USER Esta LEY de SECRETOS OFICIALES del 68, de FRAGA, CARRERO BLANCO y CASTIELLA que no se supiera lo que hacían en la INDEPENDENCIA DE GUINEA ECUATORIAL\nMis padres y muchos más lo sufrimos mucho tanto al IR como al VOLVER, pero Siempre se la arreglaban para sortear esa LEY.",0,0,0.42985594
VÍDEOS Marea independentista a la Grand Place de Brussel·les (@USER) LINK,0,0,0.38733146
La hibristofilia es una parafilia conocida por los psicólogos y que afecta fundamentalmente a las mujeres. Supongo que está relacionada con la preferencia por los maltratadores.,0,1,0.5091786
Ahora que lo dices..,0,0,0.42464048
ALARCÓN MALO CULIAO  #VamosColoColo,0,0,0.4336139
"Hay un perfil de mujer que le gusta el machito agresivo, ni más ni menos, no hay muchas vueltas que darle, ellas se lo guisan y ellas se lo comen",1,0,0.47565842
Ya saben entonces de donde las locas féminazis acá en Ecuador sacaron su odio hacia un equipo de fútbol. Todo lo hacen por moda SIN ARGUMENTOS grupo minúsculo que destila odio hacia todo grupo social. LINK,1,0,0.48036155
@USER Si lo bisitaxista fuera polombiano vaya y venga pero hp que un veneco venga hacer protesta ya los hubiera deportado,1,0,0.46666282
"La cifra de personas desplazadas de sus hogares es de 100 millones en 2022, según @USER. Con motivo del Día de las Personas Refugiadas realizamos un encuentro para contribuir a su integración en la sociedad mediante el aprendizaje del castellano: LINK",0,0,0.46895978
"@USER @USER @USER Claro que no!!  Como no recordar que hasta una aerolínea crearon... Para traerlos más rápido 😠😠😠😠 y así ganar algo de esos mil dolares por haitiano q, la UNO les pasaba para llegar a instalar a chile 🤦‍♂️",0,0,0.4574712
"¿Qué dices, hombre? Que nuestro sistema está pensado para la reinserción. Si lo encarcelas, luego te sale reformado y convertido en un hombre de bien. Me lo ha contado un amigo.",0,0,0.45129526
"@USER Y van a reparar a todos los que perdieron sus trabajos y pequeñas empresas, y a todos los que perdimos la tranquilidad por culpa de estos delincuentes de mierda ..... eres un saco de WEB as",0,0,0.4459652
"Vox, por ahora, porque luego se puede acobardar o no les interesa.",0,0,0.45903793
@USER Miedo miedo que lesgusta ocupar esa palabra a los comunistas son expertos en manipular,0,0,0.45182988
"La #salud es uno de los ejes principales del trabajo de #AECID. En África Subsahariana 🌍 la prioridad en 2021 en esta materia fue evitar el colapso de los sistemas de salud para garantizar el acceso universal de la población, mejorando la atención primaria y especializada. #ODS3 LINK",0,0,0.41800192
Los Gardelitos abrieron con Danza de los mirlos y la fiesta fue Sudaka,0,0,0.46749812
La afición mucho que quiere a la curva PERO LA AFICIÓN NO ÁNIMA UNA PUTA MIERDAAA,0,0,0.41321233
"¡QUÉ POCA MADRE! ¡PERO EL JOTO @USER Y LA MACHORRA DE LA @USER PREFIEREN DEFENDER A LOS MALDITOS DELINCUENTES!

#PenaDeMuerteYa twitter.com/NTelevisa_com/…",1,0,0.43811014
Este se pasó pa ser un concha de su madre. No podemos tener un weón que le falten todos los palos pal puente! LINK,0,0,0.46343976
@USER La gente es una hija de puta. No hace tanto pasé por el instituto con mi novia para enseñarle dónde… LINK,0,0,0.4634778
"""Oxigenamos la lista""

""El violador eras tú""",0,0,0.46021068
"Una mujer intentó quemarse a lo bonzo en medio de una manifestación en las afueras del Centro de Justicia, siendo rápidamente asistida por personal policial

LINK",0,0,0.41200423
"@USER Así te dieron anoche, perkin qliao!,🤡🤡🤡🤡🤡jajajajajajajaja",0,0,0.3647874
"Cuando uno no para de leer burradas carentes de sentido y lógica, el ver un comentario razonado y coherente te hace no solo votar positivo, sino además reconocerlo. Es una pena que como sociedad avanzada que creemos que somos no seamos capaz de ver un poco mas allá la realidad de las cosas..",0,0,0.4605692
@USER Pelao culiao sinverguenza,0,0,0.37004408
Y??,0,0,0.4065025
"No que vergüenza JAJAJAJA me metí a preu y teni el poleron puesto en la cámara y miré sin querer y tenía la mitad del dedo puesto ctm, QUE VERGÜENZA",0,0,0.41142508
@USER He visto venezolanos aquí condenados por que los testigos venezolanos no quieren decir lo que saben,0,0,0.42977062
"@USER La bibliografía, sobre los nazis y la ""ciencia judía"", los comunistas y la ""ciencia burguesa"", las fem. de gen. Con la ""patriarcal""...?",0,0,0.42585304
"@USER Porque cada vez nacen menos niños, la facilidad de abortar reduce la natalidad, las musulmanas salvarán a la humanidad con sus barrigas.",0,0,0.4576797
"7 Guardias Civiles heridos con cal viva y excrementos tras el asalto de la Valla de Ceuta por parte de 200 inmigrantes ilegales, 200 salvajes, 200 delincuentes.    El traidor Pedro Sánchez ha vendido España a Soros y a las mafias de la inmigración ilegal.    LINK",1,0,0.38988325
@USER @USER Pues unos ciudadanos Franceses de procedencia Africana.,0,0,0.4010333
"Estaba leyendo Twitter contra @USER y me topé con esta cuenta que tiene el nombre de krasnoff Kathryn,la verdadera persona con ese nombre tiene 71 años y vive en Florida. Son enfermos estos fachos pobres. LINK",0,0,0.46563676
"@USER Qué tenemos sobrepoblación, estúpida!!!!",1,0,0.37372354
"@USER Tu eres tonto y no tienes ni puta idea de fútbol, payaso",0,0,0.45855477
"@USER Que pena chica, de verdad eres una loca",1,0,0.45283186
"Piden la dimisión de Pablo Iglesias por la falta de democracia en Podemos-gaceta.es- ¿Por qué no le llaman dictador, directamente.?",1,0,0.4445741
"@USER @USER @USER China no es musulmana, Rusia tampoco. Son homofobas",0,0,0.41386953
"@USER Será lesbiana... ah, sin problemas mentales... pues no sé.",0,0,0.45189703
@USER Espero que Ecuador se siga manteniendo en controlar la inmigración de los venezolanos.\n\n\nLa ola de venecos que se viene para Colombia.,1,0,0.42752564
"@USER No se puede ser más patética,¿y vuestros acuerdos con la extrema derecha?",1,0,0.4620326
"Si no lo quieren entender los antivacunas y anticovid, les recomiendo la vacuna de caracol. Para que se larguen lentamente a la concha de su madre. 
#CuarentenaRM #CuarentenaTotal LINK",0,0,0.44745764
"@USER @USER @USER Mis felicitaciones a las fuerzas de seguridad españolas y marroquíes , por el trabajo bien echo no es alegrarse ...tu que felicitas en los entierros ?",0,0,0.43440256
"@USER Gorditas, a mi me gustan\nLas gorditas lo digo así\nLos tacos me gustan más\nBollitos a mi me gusta\nTu bollito en Navidad\nCaliente me gusta más\n\n\nSALUDOTE A LOS VENEZUALISIMOS HERMANOS DE LOS AMIGOS INVISIBLES. #SEVACAER heavy esa vaina del Comunismo, chamo, ¿O no, coño? todo chévere",0,1,0.5116462
"Lo que tiene Neymar de crack en el campo, lo tiene de subnormal fuera de él... y bueno también dentro.",1,0,0.4986162
"@USER Estoy agotada de la pandemia,de la falta de unión para no caer en las manos del pc..me agota este pais,mas encima en lo sanitario siguen haciendo lo mismo...y no resulta ...no se si es todo una gran comedia negra y uno en medio sin poder parar...sorry",0,0,0.4647249
"@USER Tu eres lo peor de la política resentido CTM, que lastima que tu padre no uso condon y saliste escoria",0,0,0.43033627
"Se acuerdan cuando Wos le dijo a Papo que le duele que un pendejo de 20 le robe el campeonato. A eso me hacen acordar los viejos enojados con Greta, les calienta que una pendeja le canté las 40.",0,0,0.49339283
@USER Que te calles ya ostia puta,1,0,0.40411037
@USER se cree guardiola el subnormal,1,0,0.36809298
"Un diputado de VOX dice en televisión que no deberían de ser 38 años para los jugadores del arandina, que debería ser toda la vida. 
¿En este país alguien echa algo en el agua?
@USER no abre expediente por imágenes de menores acosados en la red pero si lo abre de estos audios LINK",0,0,0.48073092
"@USER Si Bachelet hubiese enfrentado el estallido social y/o la pandemia, uds mismos estarían pidiendo golpe de estado. No se vengan a hacer los weones. O se les olvidó que después de la Dilma Rouseff querían ir por la Bachelet?",0,1,0.5088471
"@USER @USER Festejaría de la misma manera si obtengo un título. Las feminazis son material de burla al 100% y así será, por los siglos de los siglos. Amén! ?",1,0,0.42102623
"Es fascinante como muchos se pueden sentir oprimidos porque no les dejan ejercer su supuesto derecho de insultar a los que consideran diferentes e inferiores a él. ""Señor agente, déjeme insultar libremente a quien me ha ofendido con su presencia, que para algo soy blanco y ellas no"".",0,0,0.47741365
"Encapuchados llaman «cerda, fascista e hija de Franco» a la edil del PP en Galdakao | El Correo LINK",0,0,0.4260437
"@USER Es Fake mamón. Jajaja, aunque comparto el contenido del Tweet al 100%. 😂😂😂",0,0,0.40891132
@USER Que nunca más juegue por Chile ese concha de su madre de Maripán. Ese sacos de hueva nos hizo perde 4 puntos. Impresentable. Tiene un CI 2 puntos menos que un mono. Y jugar en San Carlos puros pases pal lado. Igual que la UC,0,0,0.47819018
@USER Me gusta pelao... Aweonao,0,0,0.39040115
"Oe mega KULIAO para la wea ph ctm ,los weones parecen perro buscando fama  y ponen pura wea empieza a repestar ph ctm y déjense de wear con sus comentario KULIAO  @USER @USER #ARMY #armychile #BTSARMY #KPOP LINK",0,0,0.4596223
"Tu peloteo es ridiculo, para ti un latinoamericano siempre será un sudaca o panchito, nunca lo trataras h consideraras de tu nivel LINK",1,0,0.45426962
"Pues un héroe el que se bebió el zumo, de no haberlo hecho este estaría vendiendo corbatas por los bares",0,0,0.47608337
Jesús Ángel Rojo: “¿Holocausto azteca? Mel Gibson se quedó corto en los horrores de ‘Apocalypto’ LINK #Historia LINK,0,0,0.42064953
"Algunos lo veis como un ""fallo"" del CIS. Yo no. La predicción infraestimó un poco al bloque independentista, pero es que en la campaña también pasan cosas. LINK",0,0,0.47186223
"@USER Si, puede ser, pero igual hay que ir a votar, para que se note que hay deseos de cambiar este país culiao y quienes nos gobiernan",0,0,0.4383737
"Ella es la #freestyler y rapera Sara Socas, defensora de la #mujer y del #feminismo.  LINK",0,0,0.39624974
"@USER @USER @USER @USER @USER callate hijo de puta pendejo, solo duas copas del mundo VERGUENZA DE LATINO AMERICA!",0,0,0.40241137
"@USER @USER Leyla, destruir y ofender no cuesta nada pero te te daña seriamente el alma. La Dra. es una mujer admirable que se ha ganado los aplausos de medio Chile por su inteligencia y franqueza. Te guste o no.",0,0,0.39339256
@USER Voy esperar esos tweet para reirme de estos fachos 🌶🌶🌶,0,0,0.40621918
"como seria el ""machista"" de las mujeres ?",0,0,0.46905416
"La condena del caso Arandina me parece excesiva y que deja un sabor de boca malo ya que casi sale más “barato “ asesinarnos pero la manifestación en el pueblo es lo más repugnante de este 2019.
Sea como sea la niña tenía 15 años y es delito tener sexo mayores de edad con menores",0,0,0.49032307
@USER @USER Así es. Triste verdad. Al final es plata ganada por muy poco esfuerzo. Y nadie a salido a desmentir que no se esfuerzan. Es más. El 15 de noviembre de 2019 todos los weones resaltaban el hecho que se habían quedado hasta la madrugada y eso los tenía descompensados. Unas mierdas.,0,0,0.43702245
"Más de cien inmigrantes saltan la valla fronteriza de Ceuta y hieren a siete guardias civiles con ácido y cal.  ⛔ País de Pandereta, acomplejado ⛔ ,😠😠😠, pronta recuperación  a los compañeros de la @USER LINK",0,0,0.4264942
"Patético ... Histérica, marioneta y majareta: los insultos que dedican a Greta Thunberg LINK via @USER",0,0,0.43524042
"@USER cuando Zapatero vió que las concertinas no tenían efectos disuasorio las quito, que siempre que habla de esto se le olvida terminár la frase, Zapatero las puso y Zapatero las quitó, hasta que el PP las volvió a poner",0,0,0.43261477
Toda la Región Metropolitana retrocede a fase 1347: Peste Negra.,0,0,0.4714197
"Como dirían en 1 programa venezolano llamado ""bienvenidos"" el chiste gafo de la semana LINK",0,0,0.43807933
deberia haber preguntao si odiabais tanto como yo al subnormal de tejota,1,0,0.42772877
"Básicamente es asegurarse que no ocurra, de nuevo, el golpe del 73, dónde estaban más apegadas a la constitución mis pelotas que el actuar de los milicos LINK",0,0,0.4486201
"La Aljafería, testimonio musulmán y mudéjar, declarada patrimonio de la humanidad por la Unesco en 2001, una visita que no podéis perderos para repasar diez siglos de la vida, la historia y el arte de Aragón. Postales desde #Zaragoza LINK",0,0,0.49007192
"Greta Thunberg ™®. Marca registrada.
Greta T, a partir de ahora.
Greta para los íntimos.
La pelotuda del ""how dare you"" para millones. LINK",1,0,0.42958927
"@USER @USER @USER Que tia más estupida, lo peor es que hay gente que se lo cree y todo.",1,0,0.49929738
@USER @USER Pero si están eligiendo a un analfabeto culiao que no puede pegar 2 frases...,0,0,0.4495353
No veo el problema,0,0,0.45975035
"@USER @USER FOMENTANDO A MILES DE ZÁNGANOS QUE QUIEREN TODO GRATIS., ESO ES ÉL COMUNISMO💩 TENER TODO SIN ESFUERZO ALGUNO. 🤦‍♂️",1,0,0.48254696
"Em vez de tapate, te diria callate guarra",1,0,0.41302526
"@USER La Sra. K, es un mounstruo a pesar de haber firmado 500 mil acuerdos le llega altamente y quiere destruir todo, por favor hay q desaparecerla, no hay un ser con más odio hacia el Perú q esta mujer.",0,0,0.4394452
"@USER tenes un tribuna de la puta madre,es increible te mereces todo,vamos que sos campeona❤",0,0,0.46629894
Me da 1 puta rabia q me digan lo que tengo que hacer uf cállate dos siglos nen,0,0,0.40357342
"""Pobres niños inmigrantes"" que se juegan la vida para entrar en otro país donde se les da de todo y se les mima y a cambio siguen delinquiendo igual que del país que vienen pero con más beneficios. Mientras esto sucede y a los ciudadanos de a pie nos dan la del pulpo, en Galapagar no cabe un policía más cubriéndoles las espaldas al que venía a luchar contra la casta. Eso si, de la delincuencia de los inmigrantes poca información en los medios porque somos muy ""racistas"" pero si el delito es cometido por españoles, la nacionalidad va por delante.",1,0,0.49790934
El cuñado de Arrimadas llama ‘fachas’ a Cs  @USER LINK,0,0,0.37524045
@USER TONTO BOBO SUBNORMAL,1,0,0.4812976
Soy subnormal y no sé como ponerle remedio,0,0,0.44095552
"@USER 🤡🤡🤡🤡🤡🤡 pucha que me da rabia,soy feminista y estas mujeres nos dejan tan mal paradas,cada vez que habla no dice nada,y me recuerda a otra (Bea Sanchez),quizás ella la esta asesorando...que lástima",0,0,0.45617303
El efecto europeísta del proceso independentista se desmonta LINK,0,0,0.42142698
Mira perra hijueputa tú eres una sinica &amp; ni volviendo a nacer 3 veces se te pasa;).,1,0,0.4372111
". @USER asume en su cuenta de Twitter como «pirralha» (mocosa), de acuerdo a como la calificó hoy el presidente de #Brasil, @USER.",0,0,0.41276672
Vamo y la puta madre por fin algo justo Mica merecía estar entre los seis mejores hoy bailo mejor que todos vamos por el campeonato ahora la puta madre que felicidad gracias diosito Me calme @USER @USER @USER LINK,0,0,0.4567634
Ese momento que a tu amiga chama del gym ya no sabes si decirle preséntame a tu ñaño o preséntame a tu papi 🙈🙈😂😂,0,0,0.44017246
@USER @USER callate ijo de puta escuchas zitarrosa,0,0,0.3993128
"@USER Que éxito, es sorprendente como les gusta las arepas a los chilenos jajaja",0,0,0.4506609
Necesitamos más subvenciones,0,0,0.4435744
"@USER Por cierto, hay mucha gente de paz y de buenas intenciones entre los mapuches. Que pena que optes por destacar a alguien que está en las antipodas de esos conceptos.",0,0,0.47886917
tu comentario @USER sobre nelson acosta vendría a ser una muestra feminista LINK,1,0,0.417388
"100% de los hombres: ""eh we. Eres bien marihuano verdad cabron, te vez bien pinche lil pump""
75% de las mujeres: ""hay te vez super lindo, y niño bueno""
15% de las mujeres: ""vi güerito de ojo de color y dije 'ha de ser bien pinche puto' ""

Siempre, SIEMPRE",1,0,0.46010685
"Como lloran estos bolivianos qlios, esa wea no es penal...#VamosChile",0,0,0.4385639
Desconocido: eres subnormal te tienes que joder Yo: espérate me voy a llorar a una esquina,0,0,0.4398425
@USER @USER @USER Ellyes Skhiri franco tunecino como el miarma juega en el Colonia alemán,0,0,0.3933827
@USER @USER Claro como tu no eres español y a ti no te roba florentino no ? Me cago en tus muertos sudaca de mierda,1,0,0.45664534
Estas tan lleno de odio que algun dia explotas campeón,0,0,0.44465786
¿Cuanta gente conoces que vaya a la iglesia asiduamente y que no este medio chiflada también? ? Yo poca.. afortunadamente el discurso cristiano es bien diferente y es otro tipo de locura.,0,1,0.5492623
@USER wn mentirosoescuche todo lo que dijo el otro bastardo si hablan de ti mal y si tu escuchas no te quedarias tan callado wn asi que no vengas con weas de que no que no tu amigo es el tipico machito saco weas y si lo defiendes 🤮me imagino elaskodepersona queerestuigualdefendiendolo,0,0,0.37383604
me meto a ranked por la noche y solo me tocan putos moros gritando y pusheando vaya puto meme,1,0,0.47465503
¿de donde viene este imán? ahí es donde tiene que empezar el control. A la ETA no les dejaban elegir los curas del pueblo.,0,0,0.49021968
@USER @USER @USER @USER @USER @USER ¿Latino? ¿Es italiano? ¿Habla en latín? ¡Es hispanoamericano!,0,0,0.45868978
@USER @USER @USER y le va a regalar un tradicional chorizouw a su hermano Marica,1,0,0.41054162
"Este tipo de cosas son las que hacen que un movimiento social que en un principio cuenta con el apoyo general de la sociedad, termine recibiendo el rechazo por querer ir demasiado lejos. Lo hemos visto en partidos políticos, en la defensa de otros colectivos, y diría que en otros lugares también. Lo cual es un problema, por que con esto que es una tontería, la gente puede pasar de la aceptación a la aversión. No se si me explico. Espero que no se me malinterprete.",0,0,0.47829625
"@USER @USER @USER Son ladrones, sinverguenzas, cara duras y además chistosos. “Revisaremos en nuestros sistemas”…. Si son sus sistemas y ejecutivos tránsfugos los que cobran servicios que no brindan ni se les solicitan. Impresentable!!! LINK",0,0,0.45096
"@USER @USER alabando la actitud de una policia fascista y criminal como su gobierno marroquí a demostrado ser un miserable, como SOCIALISTA siento una profunda vergüenza, descansen en paz los seres humanos asesinados.",0,0,0.38843673
ICE traslada inmigrantes detenidos en cárcel de NY sin previo aviso LINK vía @USER @USER @USER @USER @USER,0,0,0.38873953
La gabacha no querrá ver algo británico ni a 638294 kilómetros.,0,0,0.41414955
@USER @USER Cállate zorra villers,1,0,0.41887414
#QueenOfTheSouth just catching up #rip El Güero,0,0,0.41024825
"En @USER tanto @USER y @USER dando cátedra en contra la trata de personas, pero, cuando el fin de semana el gobierno quiso expulsar del país a quienes estaban involucrados en estos delitos, pusieron el grito en el cielo. 
Hipócritas!",0,0,0.45206422
ONU preocupada por expulsiones forzosas de migrantes en Chile #CooperativaEnCasa LINK LINK,0,0,0.4498092
"Eso que dice de la foto y la grima lo pensé al instante de ver la miniatura en la portada de ABC. Deberían palpar de armas al entrar y si no llevas una, que te la faciliten..",0,0,0.46703994
Mi campaña contra llamar a los comunistas fascistas está siendo un fracaso...,0,0,0.42815867
"@USER @USER @USER Jajaja o sea ahora tienen que ser las mujeres las narco y los hombres los que venden en las esquinas? Jaja esta wevá es pero un chiste, ni mis tachuelas se han atrevido a tanto jaja",0,0,0.44755074
"@USER @USER Tu eres como esta publicidad, sólo quieres que se hable de ti aunque sea una puta broma LINK",0,0,0.469905
Ya por fin con 98% libre de puntas güeras LINK,1,0,0.4518423
"@USER @USER sabes lo de el araque que cambia con el campo, tu eres jufador de vgc enserio? mongoooollllllllooooooooo",0,0,0.42712232
"@USER @USER Argelia y Marruecos están en Africa.\n\n\nY el storytelling voxero versa sobre África, dice que los marroquís son violadores, casi con seguridad.\n\n\nLos datos lo desmienten rotundamente.\n\n\nEchando a todo africano, legal, ilegal, delincuente, mecenas…queda vivo un 93% de delitos.",0,1,0.54677874
Nivel 4 reforzado es igual a recoger 400 inmigrantes cada día . LINK,1,0,0.38007534
"El @USER dentro de su misión solidaria para salvar vidas, colaboró con una gran cantidad de medicamentos e insumos médicos, a la @USER, y entregó al personal médico de @USER que presta su contingente de atención a las personas refugiadas en el lugar. LINK",0,0,0.40422237
"Los análisis sobre la derecha (que se murió ayer, que sacó un gobernador, blablablá) son fomes, porque la derecha estaba electoralmente acabada hace rato.

Lo novedoso de ayer es que el centro puede aún ganarle batallas a la izquierda dura.

Hay muchos chilenos de centro. Muchos.",0,1,0.5176213
@USER @USER Vacúnate ctm,0,0,0.37953794
Siempre huyen de la miseria XD,0,0,0.36326692
@USER ME HAS VUELTO LOCA TODOS LOS PUTOS DÍAS PENSANDO QUE YO TE GUSTABA ME HAS HECHO MUCHO DAÑO,0,0,0.45937747
Jejejeje podemos rojos de mierda maricones jejejeje LINK,1,0,0.44008437
"@USER @USER Es como encontrar a Wally pero en versión FACHALANDIA.  Ya me imagino una línea de juguetes para los niños de VOX... ""Encuentra al CDR"" , ""encuentra a la feminazi"", entre un mar de VOXtralopitecus. Haría furor entre los VOXchild. ?",0,1,0.50926274
"Por supuesto Karina, toda la gente que no quería pegarte al cuete, entendimos LINK",0,0,0.47314984
vive mejor que un obispo y peor que un maestro de escuela.,0,0,0.42537007
"Follar esta bien y mola, pero no dejes que tu coño/polla controle tu vida.",0,0,0.4465757
Alexis culiao pailon de 33 años y sigue siendo un desordenado de mierda,0,0,0.44518992
estoy en la fila de la inspección laboral y nunca habían iniciado conversaciones conmigo tantas mujeres,0,0,0.42344198
"@USER @USER Le sacamos 40 títulos entre Copa del Rey, Latinas, cataluñas pues dan 50, no?🤣🤣🤣🤣🤣☝️",0,0,0.44953465
@USER @USER Volvete a tu país sudaca,1,0,0.4220059
@USER Respeto las creencias musulmanas pero tampoco son ningún ejemplo pues ellos lo tienen que hacer a escondidas. Y después vienen a nuestro país y no respetan las nuestras. @USER,1,0,0.419932
"@USER Eso de limpiar periodistas es muy de dictadura facha, ¿no?",0,0,0.47962746
@USER Y pensar que esta bruta estuvo a punto de ocupar un cargo público... Miles de weones votaron por esta,0,0,0.44730484
¿Y de dónde sacan el dinero si en la tele dicen que viven en la miseria? Yo no tengo 5.00€,0,0,0.44351998
Cuántas propuestas del “Foro para la Integración Social de los Inmigrantes” fueron incluidas en la reforma Reglamento de Extranjería❓\n\n\nPeticiones reiteradas por la soc.civil organizada y por las personas migrantes/refugiadas\n\n\nEn reunió con @USER le entregué informe FISI‼️ LINK,0,0,0.39857167
Estos son los inmigrantes que han saltado la valla y agredido a los guardias civiles que protegen nuestra frontera en Ceuta. Se nota que están deseando pagarnos las pensiones y convertir a España en una potencia mundial. LINK,1,0,0.4592995
@USER @USER Jajajajajaja fachos siendo fachos ! 🤡,0,0,0.3962373
Pos no va uno y me dice que me espere al siguiente tren. Al siguiente tren te vas a esperar tú que no llevas trabajando 9 horas. SUBNORMAL.,0,0,0.4600463
@USER celebre mucho y con umildad st alcaldesa soy un luchador naci un 7 de nobienbre.en el ospital san juan de dios 1971 año de matansa de chilenos por pensar diferentes aora usted es el canvio de stg  feliz feliz feliz alcaldesa iraci LINK,0,0,0.39979458
"Las personas refugiadas también tienen sueños y esperanzas.\n\n\nEn este video, Tatiana nos habla de todo lo que le gustaría hacer.\n\n\nJunto a su padre y hermana, se vio obligada a huir de Colombia después de sufrir amenazas. Pero eso no frena sus ganas de vivir.\n\n\n#SoyHumano #SoyHumana LINK",0,0,0.42067447
@USER Tú eres mi favorita perra 😪,1,0,0.41514218
"Es que apuntar que son malos, ok. Pero lo que quiero señalar es que esta gente es mala, muy mala, por que muchas veces no tienen opcion. Pero no vemos a la misma gente que los critica diciendo malos muy malos a gente que ha dejado morir ancianos en su jeriatricos y ahora esta echando balones fuera por que NUNCA les juzgaran. Y creo que es importante poner las cosas en perspectiva, ¿no?",0,0,0.48433372
siempre nos quedará..VOX..,0,0,0.4147989
"Y es el desafío más terrible que he tomado en mi vida, lo que he llorado ctm, ojalá algún día valga todo la pena",0,0,0.41809028
Jajajajaja Greta no es tonta. LINK,0,0,0.3867949
"@USER @USER Vamos Pedro, pídete otro Aquarius, quita concertinas, abre fronteras, concede papeles a todo hijo de vecino, sea todo por los DDHH. Y, los Derechos de las FFyCC de Seguridad del Estado dónde los dejas?",0,0,0.4863289
"VAMOS FLOR LA PUTA MADRE, TE LO RE MERECES GROSA!!!! @USER",0,0,0.43063527
@USER @USER @USER @USER @USER Aquí el unico subnormal eres tu. La envidia y rabia te corroe 😂😂😂,1,0,0.44561708
Que persona mes subnormal i asquerosa de veres,1,0,0.49810207
Cuando eres nazi pero se te da mal dibujar. LINK,0,0,0.44584244
"@USER @USER Que raro, xq generalmente los comunistas y socialistas son los únicos que defienden delincuentes con uñas y dientes...",0,0,0.46960837
"@USER Y tu eres un racista de mierda que ahora es progre, revienta hijo de puta",0,0,0.42974538
Dep lo que queréis escuchar. Que se jodan lo que pienso,1,0,0.46552396
"Está claro q estas niñatas al igual q Elettra con machista,insultan con xenófoba muy alegremente sin tener ni Puta… LINK",0,0,0.45372257
"@USER @USER Y es lo q hay. Salvo q nos pongamos como los comunistas y actuemos en base a un sueño q algún día llegará. 
Chile vamos está destruido.
Piñera los sepultó.

Los Republicanos están en ciernes. En 5 meses tendrán un resultado muy similar al d ahora.
Hay q votar cn la razón no cn ❤",0,0,0.4545126
"Donde esta ahora la histérica podemita andaluza que en alusión a los menas gritaba:;;.."".Dejad en paz a nuestros niños..no molestes a nuestros niños "",,",1,0,0.39852768
"puta la madre, tu eres una mujer muy guapa @USER",0,0,0.4011342
Yo estoy en modo arabe y recién es lunes,0,0,0.42818764
¿Dar machetazos cuenta como cotización a la Seguridad Social?,0,0,0.44964284
"vale, esa no me la esperaba xD",0,0,0.42655623
"El bloque independentista ha conseguido la mayoría con estas normas, y no hay nada que reprochar, pero que al menos dejen de mentir diciendo que la mayoría de catalanes les apoyan",0,0,0.41882214
"Papelucho y los weones que se creen bacanes por ser anti todo y decir ""seré la única que no le gustaba Papelucho?""",0,0,0.4666189
"¡Le damos una gran BIENVENIDA a @USER!! Nuestro aliado en #ContraCorrienteQuito2022 🤝❤️🙏\nACNUR, la Agencia de la ONU para los Refugiados, protege a las personas forzadas a huir de sus hogares por causa de conflictos y persecución LINK",0,0,0.4833235
@USER callate vieja hija de puta reventada..tenian razón cuanto te echaron de rock and pop vieja cloaca,1,0,0.43348432
@USER Alfred es independentista,0,0,0.3971608
@USER Y xq no van alla las feminazis a cantar y bailar en pelotas?? Ahhh es q son feminazis pero no cojudos alla las revientan,1,0,0.4979829
"A estas alturas aún me tiran puntas de voxero?. Que sii, que lo sooy. Y por eso me anulan en esta página progremita. Pero mientras me dejen seguiré opinando, porque yo, queridos míos, os leo porque soy persona que amplias miras, mientras que vosotros anulais lo que no os gusta leer aún cuando tengo razón. Radical fruit company.",0,0,0.4675115
"¿Te imaginas a diario cómo sería tu oficina sin papeles de por medio?\n\n\nEn UNAYTA te ayudamos a dar el paso y hacer realidad lo que te imagines, para que empieces a disfrutar de todas las ventajas de trabajar en una #OficinaSinPapel. Te contamos algunas de ellas: LINK",0,0,0.4416761
"La gente que opina sobre el aborto y que jamás ha sido madre, que no ha pasado por alguna violacion o acoso o... LINK",0,0,0.4456855
"@USER Cabro de 27 años va al cerro en bici al cerro, no tiene prob. de contagio y aprovecha de ejerceritarse, se saco la ctm y se fracturo la clavicula, termino hosp. en urg. ocupando 1 cama. No es solo por el riesgo a contagio, es x todas las posibilidades que abres a que pase algo +",0,0,0.4979168
"Transitan echándote las luces largas segun tienen prisa,te rebasan a lo menso y adelante los alcanzas en el semáforo, tan mas #mariquitas",1,0,0.45633203
"Buenos días!\nY a los que hablan el “Bambara” Rey, rubica que en los años ochenta era medio vedette y andaba con un canijo con leones, o idioma mandinga que usan 10 millones de personas en Malí, tengo que mirarlo.\n“Alamisa ɲuman” muy católicos ellos\nJueves, si, ya!. Animo\nA vivir",0,0,0.46892375
cansadits de los culiaos que no saben ni mierda y tienen autoridad sólo por ser onvres,0,0,0.4500145
En Auto Defensa hay gente\n\n\nAndaluza\nLatinos\nMoros\nSubsaharianos\n\n\nY últimamente estaban dominicanos.\n\n\nMira no ha sido ninguno de vosotros quien ha sido el que causó el problema.\n\n\nY ahí salía el nombre la dirección y dónde vivían sus familiares.\n\n\n#Navarra #Pamplona #Tudela,1,0,0.43868804
"@USER lo de la elección para poner acentos es pa tornarse loco. Y sin quererlo, siendo ella de Vox, le ha salido la versión feminazi del virus: ""Corana"" ?",1,0,0.4587693
"@USER @USER Buena descripción, aunque se te ha olvidado decir la puta moralina. Todos tienen que ENSEÑARTE y EDUCARTE con su puta moralina de los cojones. Es una serie muy milenial.",0,1,0.5195364
"@USER Payaso, seguro los super ricos se quedarán esperando que le roben sus fortunas, las sacaran de el país si este payado sale presidente, esto es una copia calcada de lo que paso en Venezuela en los años 90, vean la historia de ese país...",0,0,0.446686
Nunca pensé q la muerte de un político me fuera a afectar tanto... 😥 No consigo digerir la noticia...  #DEPCarmeChacon,0,0,0.35491768
Lo ley y subo ¿Le parece bien a usted que le roben con violencia a una anciana de 82 años?,0,0,0.46489638
"@USER En 72 horas se lo metieron a 58 millones de Colombianos + 7 Millones de Venezolanos, que engaño tan hijueputa, no vimos la piedra venir, ahora nos toca tragar el sapo y quedarnos callados, indignación Total, lo dijo y lo predijo @USER. Malditos políticos",0,0,0.45745715
"@USER @USER Pobre weon, y no tiene ni foto el feo culiao jaajajjaajaaja 🤡🤡🤡🤡🤡",0,0,0.4088938
"@USER tu estas loca , vieja y fea vete a la p..... mierda ???????????????????????????????????????",1,0,0.41229635
"@USER @USER @USER @USER lo único que tiene Madrid es q es donde hay más bandas latinas y eso pero si no eres de ninguna banda no te va a pasar nada, lo ponéis como si estuvieseis en Colombia",0,0,0.46638668
"@USER @USER Y esta no es la ""periodista"" que escribió  a venezolanas para que dejarán de parir? Y al final dice a Francia que ""no entendió"" es decir no ofrece disculpas por que se expresó mal, la culpa es del otro por ser tan bruto de no entender, que no se note la xenofobia y el racismo... LINK",0,0,0.4447782
El otro día me llego una noticia tremenda la cual no puedo decir nombres ni nada porque nadie sabe nada. Pero es algo así como que un jugador Español sin raíces africanas se va a ir a jugar a una selección africana de un nivel medio/bajo.,0,0,0.47372994
Mamona los recuerdos vaya gocho la verdad LINK,0,0,0.41850927
"Taburete: 'A casa de Dron, a casa de Dron, nos vamos a casa, a casa de Dron – Cállate de una puta vez, niño de papá y vete con él a la cárcel que es donde debería estar",0,0,0.45288324
"No será delito penal, pero que el presidente del gobierno de un país cobre sobornos de empresas indica que trabaja para esas empresas, con lo que la democracia es una farsa. No será delito penal porque son ellos los que legislan sobre esto. O igual el disco duro de bárcenas tenía la respuesta",0,0,0.45036283
"De tempranito trabajando, hoy nos toca alegar dos amparos buscando anular 2 decretos de expulsión dictados x Intendencia de Valpo en contra de hermanos migrantes venezolanos, vamos con todo 💪🏼💪🏼 #NoHayPersonasIlegales #MigrarEsUnDerecho LINK",0,0,0.45041323
"@USER @USER @USER Pues otro que tal baila, entre corruptos y fachas anda el juego...",1,0,0.44012076
Agentes de la Patrulla Fronteriza de USA detuvo a un grupo de 95 inmigrantes #indocumentados en el desierto del suroeste de #Arizona.   #BuildTheWall LINK,0,0,0.4474062
"Trump ataca a Greta Thunberg por ser Persona del Año en 'Time': ""¡Qué ridículo! Greta tiene que trabajar en su problema de control de la ira"" LINK",0,0,0.4077622
Pues puede trabajar de carnicero para pagar pensiones,0,0,0.4111514
en fin pura gente ignorante que no sabe lo que es manejar un pais LINK,0,0,0.47024238
@USER Eres senegalés,0,0,0.3978069
"Se salvan esas feminazis, de yo no estar ahí. Porque me las raspo! Malparias LINK",1,0,0.47734472
Comprar ropa de mujer aunque parezca de hombre te hace gay? Sean serios,1,0,0.47281182
Y el cabello de ángel. Ya verás todos los que se llamen Angel,0,0,0.47652566
"El presidente argentino, Alberto Fernández, desencadenó una tormenta en redes y un debate sobre la raza este miércoles. LINK",0,0,0.41862464
Puto rojo — Yo soy blanquito :( LINK,1,0,0.46492717
"Que onda, están todos en modo árabes.",0,1,0.50438976
"Claro que sí, y todo aquel que haya tenido que ganarse la vida vendiendo en la manta (cosa que es ilegal) aunque sólo sea durante unos años porque no tenia otra puta manera de no morirse de hambre, que le den por culo, ¿no? Pues mira, yo prefiero quedarme con ellos antes que con más de un hijo de la gran puta nacido aquí.",1,0,0.4410896
@USER @USER @USER #YoMeVacuno ignorante de mi DBR1 LINK,0,0,0.34220973
"""La """"marcha negra"""" acelera el paso: más de 40.000 subsaharianos esperan en Marruecos para entrar ilegalmente en España LINK",1,0,0.43414617
@USER Lo dice un facho culiao,0,0,0.42039946
"Perdiste @USER porque le hiciste el juego a la izmierda. Votaste Apruebo, no cerraste el IN a pesar que era un antro de orcos. Le diste la #municipalidaddesantiago a los comunistas en bandeja. Ya es tarde para lamentarse. LINK",0,0,0.39737356
"Es una afrenta para cualquier democracia que ciertos documentos de una dictadura fascista se califiquen como ""secretos oficiales"" LINK",0,0,0.38539058
Le estoy enseñando a árabes decir “pinche puta” 😂😂😂😂 ¿En que momento me volví la mexicana que prometí jamás ser? 🤦🏾‍♀️😂,0,0,0.43358037
Me tengo muy merecido que piensen que soy subnormal.,0,0,0.48666343
Gemma Nierga se va y deja @USER como le gusta a Cebrián.A tope de fachas borregos.Ahora a competir con la COPE por la audiencia de herrera LINK,0,0,0.48010194
"Esto tiene que parar ya!! no puede ser que la gente de la Araucanía no pueda trabajar porque una tropa de delincuentes y terroristas se las quiere dar de revolucionarios y destruyen todo lo que se encuentran, el gobierno ya debe intervenir de manera urgente con las F.F.A.A YA LINK",0,0,0.46505043
"Somos intocables, como un buen dictador. LINK",0,0,0.4257125
"O sea si el culo es de una tía que no conoces no pasa nada pero si la chica es una conocida, entonces menuda zorra, qué poco se quiere. Me quiero más que vosotros, tenedlo claro ♥️",0,0,0.43483034
Un señor que es fascista y no lo sabe. Soy doctorada en Historia y se lo es un fascista. Qué pena de país de fachas. LINK,1,0,0.43611002
@USER @USER @USER Jajajajaj callate tu zorra asquerosa,1,0,0.41331294
Vara califica el proceso independentista de 'pseudorrevolución de acomodados' LINK,0,0,0.349022
El asesinato se hace en nombre del Antifascismo. Imbeciles como tú @USER hacen que esta escoria crezca. LINK,0,0,0.4288643
@USER @USER @USER @USER @USER y el cojudo del Lasso les quiere dar una nueva regularización a estos Venezolanos delincuentes disfrasados de refugiados indocumentados deportación y control migratorio avispate más parado contra estos fue el Lenin,1,0,0.44364095
"Mm falsa noche, será con un cine con mi negra",0,0,0.44248378
@USER Asco de tipo LINK,0,0,0.37257788
"@USER @USER @USER Resultados de que???   Vaya desese una vueltica en hospitales de nivel 1.  Pregunte como contratan los médicos, preguntele a la gente cuantas tutelas tienen q interponer por un derecho, mire cuanto colapso hay por aumentar población migrante.  Resultados de que?? Basura",1,0,0.42405376
"@USER Sabías que la mujer que la descuartizó es feminazis?
Ubica mejor tus ideas la ideologia de género lo asesino",1,0,0.4480618
@USER @USER Tú eres otro ladron hijo de puta,0,0,0.39974445
@USER tu quedate con la mayoria parlamentaria independentista k yo me quedo con la mayoria de la poblacion en contra de la indpendencia,0,0,0.4056328
"⬇️Cada vez son más los casos de abuso sexual en los centros q albergan a chicos migrantes indocumentados. Esta investigacion d @USER muestra las aberraciones cometidas x 1 empleado q, entre otras cosas, obligo a adolescentes a practicarle sexo oral LINK",0,0,0.48062062
"¡ÚLTIMOS CUPOS EN GASTRONOMÍA!

Capacitate en todo lo referido a la #Cocina , #Pastelería y #Panadería con destacados Chefs y obtén la certificación universitaria de reconocimiento internacional que aspiras. ¡Tú puedes!
 
INICIO: #14Dic
+INFO: LINK /04144361790 LINK",0,0,0.47568497
"Y la palabra de moda es... ""rampante"".  mi teclado no tiene comillas latinas...¿?😅😐",0,0,0.43777713
"@USER, ese agujero lleno de hijos de puta. Os mereceis que gane Inés y cierre vuestra basura de televisión. LINK",0,0,0.44445586
hombre imaginario cuenta historias imaginarias.,0,0,0.3953927
"@USER Callate, puta. Sos mas vueltera para dormir.",1,0,0.46143943
"Man ODIO a Greta Thundercat, anda a rendir las previas pedazo de europea hija de puta",1,0,0.43004936
@USER @USER @USER @USER Callate que a vos no te llego ni a los talones. Puta,1,0,0.44906372
@USER @USER @USER Yo creo que es aweonao de nacimiento,0,0,0.34316745
"Si honda va a ser la empresa responsable de la fabricación de los nuevos humanoides, prefiero al rumano hijo de puta",1,0,0.42454123
"@USER @USER Las mafias no han cometido los crímenes, no intente justificar lo injustificable. PSOE  amigo  de Marruecos. El REY y su fortunon y sus súbditos muertos de hambre. Menudo demócrata es Hassan.",0,0,0.47327006
Que a alguien le moleste mas el hecho de que no pueda decir maricon que el hecho de que la homofobia exista tiene nombre,0,0,0.46206123
"@USER Ah dos perdonas si pq le han dado fav así que callate la puta boca porque sé donde vives y no me cuesta nada quemarte viva a ti y a tu perro pero salvando a tus hermanos que me caen guay (es broma, también salvaría s tu perro)",0,0,0.39676958
"@USER Y los machitos mal criados diciendo que las feminazis que exageran, desgraciados acaso están ciegos?",0,0,0.4145941
@USER Me gusta el pico pero no lo llamaría tampoco,0,0,0.44399288
la primera novia es una puta siempre pero te enseña para la siguienteeeeeee,1,0,0.40276867
Dos años de cárcel para un joven por incitar al terrorismo y a la violencia de género en Twitte… LINK vía @USER,0,0,0.46453097
"Yo ayer, cuando leí la noticia, también pensé lo mismo que tú y no salgo de mi asombro. Soy de los que estoy totalmente de acuerdo con erradicar cualquier atisbo de racismo pero.. ¿Los conguitos? Mira si no habrá cosas que denunciar!!",0,0,0.4486147
Ahora suelta esa alimaña en un pais occidental Beta,0,0,0.41170278
@USER @USER Callate vieja qla,0,0,0.39042866
"@USER @USER No tengo porque hacerles la pega a los políticos asquerosos que nos representan, gracias a ellos estamos en esta encrucijada, por lo demás Orrego no me representa para nada y para mal menor ya voté por el traidor",0,0,0.4323789
"Hsm no son nazis, solo ayudan, para flipar la hipoc... — Chau, puedo saber porque me sigues?? Creo que mi cu... LINK",1,0,0.43581787
@USER @USER Lo estaba gozando como un enano el cabrón.,0,0,0.4500425
@USER @USER @USER Callate narizón del orto,0,0,0.39941156
"@USER los que votaron por la nueva constitución son unos ignorantes, y lo peor es que cuando se tenían que votar por los constituyentes no fueron a votar ni el 40%",0,0,0.40210146
"@USER Bueno,  mujer, no te lo tomes tan a pecho. Puede que sean simplemente un poco inmaduros y no sepan lo que hacen. Ya sabes, la inmadurez es así,  se vuelve la gente mu loca",0,1,0.5457934
Un demócrata no tiene nada que celebrar hoy. El 4F92 fue el aviso de la dictadura que se nos venía encima de llegar estos fascistas al poder,0,0,0.43286046
"No te digo que no, que desde nuestr punto de vista es despreciable. Pero para ellos muchas veces somos aliens, sin posibilidad de poder llegr a integrarse (en alguns casos ni tampoco quieren, por que es lo que viven toda su vida). Quiero decir, que aunque no lo parezva, estoy de acuerdo contigo y deberia castigarse y tratar esto. Solo quiero que esto no se convierta en otro mastil de QUEMALO SON LOS MENAS que es la boya que algunos necesitan dentro de las ayusadas y otras mierdas que tenemos en este pais que tambien son jodidamente graves.",1,0,0.4339397
"@USER 2do, sabelon tenie mucha razón,  la gente ignorante es la que más plata y estudio tiene.",0,0,0.43250898
Ivanka Trump apuesta por el navy y el negro en su último look de trabajo (y se echa muchos años de más) LINK LINK,0,0,0.45123515
Mira feo qliao si no me mandas este twit fotocopiado no te leo ni cagando... LINK,0,0,0.43139336
"@USER Eres escoria, vergüenza me daria ser tu o tener que ver algo con una persona tan imbecil como tu, fuese o no un idol no quita que fuese una persona y merece tu respeto igual que  cualquier otra asique haznos a todos un favor y borra el tweet o",0,0,0.4010671
"@USER Bien Aweonao tu comentario Macari, dime cuando se terminó la guerra fria? Por lo menos en Chile gracias a la herencia de la Dictadura y sus cómplices pasivos sigue vivita y coleando!!",0,0,0.43386918
"Más vehículos al país... en fin, es complejo conocer fachos pobres convencidos de que saben mucho  y en realidad saben nada",0,0,0.48509187
"""Los gobernantes chilenos esconden su maldad"" Lonko Juan Catrillanca. #PautaLibre",0,0,0.39835456
"Alerta Digital, Rambla Libre, Estrella Digital, Periodista Digital, Contando Estrelas, El Diestro.. será por ""medios"" repletos de articulos destinados a incitar al odio. A mí me flipaba como cada vez que Google me enviaba una selección de noticias hecha por ellos al móvil se colaba uno de estos, porque me sorprende que exista público para todos.",0,1,0.58504564
@USER Otra payasa que no se cansa de hacer el ridículo!!! ?????????????????,1,0,0.42634124
Pero los indios lloran x peluca. ... LINK,0,0,0.41637576
"Putin prohíbe meme en el que aparece como ""payaso gay"" LINK #CiberCuba #Cuba",0,0,0.41033116
"@USER @USER Dejaron siega a una mujer que solo iba a trabajar, tiraron lacrimógenas a reporteros y periodistas, lanzaron lacrimógenas dentro de hogares con niños y ancianos, ellos no merecen reparación o estamos pensando con el culo ?",0,0,0.45863953
a algunos las neuronas no les dan para mas.,0,0,0.44781816
Aquí va una canción para todos y cada uno de los putos fascistas del PP… Fuck You de Lily Allen LINK,1,0,0.45358747
Guyana recibirá $30 mil de Unicef para atender a refugiados venezolanos -  LINK LINK,0,0,0.41504678
"Triste por la muerte de #carmechacon, una buena socialista y gran mujer. Todavía la recuerdo embarazada cómo ministra de Defensa. #DEP",0,0,0.41094458
"@USER lo que pasa entre 4 paredes es secreto de pareja... o trio o los que sean!!

eres libre de disfrutar como y con quien quieras. aunque me molesta ver parejas morrearse o toquetearse en público.

a las mujeres les gusta por el chiquitín??  si a casi todas. 
a mi?  pregunta a mi sra",0,0,0.41654342
Los miles de inmigrantes nacidos el 1 de enero | El Correo LINK  Un magrebí que llegó con 17 años y un subsahariano que lo hizo en patera a la misma edad retratan el fenómeno de los menores migrantes. LINK,0,0,0.46674815
#FirstDates501un vasquito pero creo que bujarron,1,0,0.40115282
Me enamore de un mayate,0,0,0.43454722
12 SEÑALES para DETECTAR si tus AMIGAS son unas CHONIS LINK LINK,0,0,0.41928062
Okupas en casas que no son suyas. Porque los demás tenemos que pagar y a esta gentuza les ampara la ley?,0,0,0.45437405
"Esto no es nuevo, es viejo y transbordado. Las mismas ideas de la izquierda rancia y vencida. Pero ahora peor mezclada con el modelo caribeño chavista. LINK",0,0,0.43648052
Argelia desbloquea las operaciones bancarias y comerciales con España LINK a través de @USER,0,0,0.4013439
xD me has hecho reír un rato.,0,0,0.41835108
"@USER @USER @USER Refugiados, están en situación de peligro inminente, en el momento que cierras una vía violan un derecho, cuando viene las autoridades de control abrirla y pones resistencia y utiliza la violencia para no permitirlo, estan permitiendo que se haga uso de la fuerza y peligren vidas",0,0,0.38798407
@USER @USER No hay todavía,0,0,0.3724217
"Este maldito se lo merece, Aquino eres un canalla hijo de puta 🤬🤬🤬 #larojaxtntsports",0,0,0.3556259
Lo siento pero el Mora es superior.,0,0,0.43342102
"@USER Así son estos mojones zurdos... amargados, resentidos, odiosos",1,0,0.44520143
@USER iba a poner facha-facha pero ya no tiene gracia,0,0,0.4971594
Aveces me pregunto si a esas chavas no les enseñaron algo de valores.... vestirme como puta actuar como puta y llamar la atención está cabron....,1,0,0.45233458
"Mayoría independentista, el PdCat igualaría a ERC.   LINK",0,0,0.422637
DIPUTADOS.HIJOS DE PUTA Q. VAN A PROVOCAR A LOS GENDARMES . QUIENES SON ?? KMAXIMO DEL CAÑO MORO BREGMAN CUANDO LUCHARON ×LOS JUBILADOS??,0,0,0.41812357
"@USER Por favor que alguien les avise, que delincuentes asesinaron a una Detective, y hasta ahora han guardado silencio.",0,0,0.43250102
@USER Las axilas de las feminazis,1,0,0.4324192
Torrente:: Su Mujer Es Puta LINK vía @USER,1,0,0.40599945
@USER negan es husbando 100% por dios no soy gay pero su polla entraba de putisima madre joder,0,0,0.4407833
maripan y la  re ctm monja qla  😡 bolivianos sucios qlos hijos de perra malos ctms #VamosChile,0,0,0.41856867
"@USER @USER @USER Contexto: CynthiaV corrupta, no reclamar porque es mujer, Iza destruye Quito, no reclamar porque son clasistas,  la venezolana criminal de perros, no reclamar porque es xenofobia, y porque tienen miedo que les haga algo. Ya se pasan, entonces no hacemos nada, todos cojudos",0,0,0.4440531
Y ayer hizo viento. Una especie de viento sahariano insoportable pero lo hizo.,0,0,0.45606965
"Discriminación por religión. Violacion al principio laico de la constitución india.

Vale la pena observar lo que sucede en ??.

Recomiendo @USER para información fresca. LINK",0,0,0.41777724
Bolsonaro llama 'mocosa' a Greta Thunberg LINK vía @USER,0,0,0.4000784
@USER Fuera Francia de africa,0,0,0.36618528
"@USER @USER Es totalmente normal y no debe darte vergüenza. ❤️
Siempre puedes usar un pañito y también hay camisas que son especiales para eso.
La lactancia materna es uno de los procesos más hermosos de la vida! 🤗
👀: No soy ninguna mamá loca feminista.",0,0,0.45042297
"ah y dijo “porque no todas las personas que se embarazan son mujeres”, hueon cuál es la necesidad francamente de estos cuicos abajistas iluminados",0,0,0.36195675
"@USER Wow, cuánto machito hispánico desbocado a los que se les va la fuerza por la boca hay x aki! De los que para ellos la mujer o es una puta o una virgen, o sea que son unos puteros medio desquiciados, ridículos medio hombres incapaces de  ver y tratar a la mujer como un igual",0,0,0.47743598
@USER Payasa de circo barato.,1,0,0.4002994
"@USER @USER @USER Ella ella la politóloga ella,cambia el disco rayado u el discurso trillado de un triunfo vergonzoso de una minoría derechista camino a mostrar nuevamente una INCOMPETENCIA brutal. Dan pena hoy x hoy. LINK",0,0,0.43385968
Bolsonaro califica de mocosa a la activista climática Greta Thunberg LINK LINK,0,0,0.34742495
"Pobre Amaia,que carita de tierra tragame,o mejor,de callate de una puta vez jajaja",1,0,0.3991006
"@USER Yo tenía planeado ir con una amiga, decir que somos bolleras y ver si nos ponen juntas",0,0,0.46544203
"""Demandan a Trump por trato """"inhumano"""" a indocumentados - Estilo FM LINK",0,1,0.5014154
Veamos si los fascistas que utilizan estos mecanismo contra los pueblos dignos y soberanos aceptan las recomendaciones. #Cuba CIDH pide una investigación internacional por violaciones de derechos humanos en Bolivia y emite 16 recomendaciones - RT LINK,0,0,0.4777289
como chucha vendis un mueble con entrega pa agosto la ctm,0,0,0.4051856
"Periodistas árabes afirman que Israel utiliza las fuerzas de la naturaleza en la guerra contra el Islam  Señores la naturaleza no existe , es la accion de DI-S. en este mudo, segundo asegundo",0,0,0.4383647
@USER @USER @USER está faltando un acto de repudio en contra de los comunistas antisemitas que apoyan a tu rival imberbe y un cariño a los que votamos por la centro derecha.,0,0,0.42024916
#INTERNACIONAL | #Canadá recibirá 451 000 inmigrantes para residencias permanentes.\n\n\nLos detalles ➡️LINK,0,0,0.39051068
"Ale, lo que tú digas, no debato con dogmáticos, ve a ver a tu lider espiritual para que te diga como tienes que pensar. Simple hasta la desidia.",0,0,0.48208907
"#ContigoCHV 
Pucha que FOME que el matinal cada día sea para mostrar fiestas clandestinas... dejen eso a las NOTICIAS.",0,0,0.4960351
@USER Peruanos gritando el gol de Bolivia. Patéticos 🤦🏽‍♂️,0,0,0.45469502
"Y seguimos con @USER, quien cuenta su experiencia profesional cubriendo migraciones. Re crack. LINK",0,0,0.44853342
@USER Siempre yeta… jamás inyeta! 🤪,0,0,0.38184533
"Saquen sus propias conclusiones. CC: @USER Palmada en la espalda, risotada, guiño, codazo 

Histérica, puta y majareta: los insultos que los hombres españoles dedican a Greta Thunberg | Tecnología | EL PAÍS LINK",0,0,0.4602718
Cuando las mujeres entendamos que nos merecemos un Gilbert Blythe y no un Hardin Scott dejaremos de sufrir de gratis,0,0,0.43800488
Pásate por una cárcel y charla con los internos. Luego me cuentas cuantos fascistas has encontrado.,0,0,0.48079783
"@USER @USER @USER Censurando las opiniones de los demás, pero después no quieren que les digan feminazis ?",1,0,0.461853
Un progre te dirá que vienen a pagarnos las pensiones (que es una forma moderna y superiormente moral de esclavitud) y una persona normal que problemas.,0,0,0.41948542
"@USER @USER El nazismo sí porque se basa en valores fascistas, racistas y discriminatorias. El comunismo no predica eso.",0,0,0.48457488
@USER Se quien eres mamon xD nah lo estoy viendo ya tranqui,0,0,0.42951122
Ya casi es Junio y tu sigues de puta #ElGorgojoDeMORENA,1,0,0.39409566
#Calama | Personal de os7 ejecuta una serie de operativos antidrogas en la comuna de calama que permiten la detención de 06 ciudadanos bolivianos LINK,0,0,0.46277714
"// Hostia puta, si tú eres del Fake Danganronpa, si mal no recuerdo¿ LINK",0,0,0.47232297
"COMPARTO con vosotros el artículo que he escrito para @USER\n#Malí, ¿hacia un nuevo emirato islámico como #Afganistán?  LINK",0,0,0.47132322
"@USER Es que sinceramente ni puta gracia me haces, y si me insultas menos, así que callate la puta boca, gracias.",0,0,0.43193826
@USER Facil que no pague la deuda y en 5 años prescribe. le va salir mas barato un abogado que elimine la deuda que pagar la wea a los chanchos culiaos de falabella.,0,0,0.46607602
"#Lucha por el planeta ?| Bolsonaro criticó a la activista Greta Thunberg y la calificó de ""mocosa"" LINK",0,0,0.39487913
@USER @USER Creo que solo a ti te interesa el fútbol sudaca,0,0,0.45492002
Basta ya de este pacto global por el que tenemos que respetar vuestras paranoias imaginarias! Vuestros dioses no existen!,0,0,0.45767352
"@USER @USER Ideología asesina similar a la nazi sólo que más agresiva, torturadora y chequista, seguida por asesinos potenciales. Cuídense de ella.",0,0,0.41871187
"ZP les daba visado al igual que Aznar y Felipe anteriormente. Una vez dentro se mezcla todo y mal, era la única manera de regularizar sin entrar en conflicto con el país de origen. El problema de ahora es la falta de visado que las autoridades españolas no conceden para viajar porque saben que no vienen como turistas. Además toda Sudamérica está en crisis profunda con una lucha de clases de terror. Mejor se queden hasta mejores tiempos.",0,0,0.43395033
Continuamos con los Sábados Negros en Traficantes de Sueños. Nuestro próximo encuentro será el sábado 11 de febrero de 2017.,0,0,0.48718905
El asqueroso podemita: LINK,0,0,0.42914823
"@USER Que estupidez más grandes, ingresan por pasos ilegales, cometen delitos de connotación. Parece que a la comisionada de los DDHH #MichelleBachellet, no le está resultando el negocio de los extranjeros en Chile. Solo como recuerdo el caso de la aerolínea LAW ingresó de Haitianos???",1,0,0.41426688
Inmigrantes intentan fugarse de Ceuta escondidos en un ferry LINK vía,0,0,0.39265674
Capitales chilenos salen de peru,0,0,0.4097502
@USER Pero es que esta payasa todo lo soluciona desnudandose?? Que paciencia!!,1,0,0.43807507
"Cuando la gente se pone en la puerta del metro y tengo que bajar, empujo a todos los culiaos y se me olvida el distanciamiento social. Y los insulto, pero digo algo así como ""deja bajar vieja fea""
El vieja duele más que un weona para algunas personas.",0,1,0.50647277
"Joder, que llega un punto en que alguien abre la boca para decir algo en favor del feminismo y lo matamos.",0,0,0.4658181
@USER @USER Solo dabemos ir a europa a decir que sanchez es muy mali,0,0,0.43746123
"Pero estas bandas ya existen en su país de origen, no?",0,0,0.4648815
@USER Cállate loca todo el año fue al revés puta,1,0,0.44935024
@USER Que eres soez mono culiao!!! Buenas noches bb 😘,0,0,0.41762006
Hostia el padre homófobo de Mauri,0,0,0.43006903
Lo de los menores no lo había leído. Obviamente a los niños hay que protegerlos. Nadie normal diría nunca otra cosa. Los menores se entregan a sus padres.,0,0,0.49100766
@USER si te lo comprai me pego el viajecito a tu casa primer aviso,0,0,0.45901564
Las superabuelas le dan bien al atracador negrata.,0,0,0.44780508
tu conoces al niño polla? y no hablo de jordi — xd estais tocaisimos quién a ver LINK,0,0,0.46764973
"""El hecho de no incluir a los hombres en el feminismo es tratarlos como idiotas"" @USER @USER",0,0,0.41899237
"Hoy no estoy para discutir con fachos.
Se bloquea.",0,1,0.5167069
"@USER Venga, todos los fachas conmigo...EA EA EA, VENEZUELA SE CABREA...Venga esa borregada, que no se os escucha...",0,0,0.4526435
"El independentista Merlos deja de narrar partidos en Gol, por @USER LINK vía @USER",0,0,0.3810783
"Que le habrá hecho creer el dueño de la ONG RPPACTIVISTAS que se cree que es la dueña pues. Lo bueno es que con esto está feminazi y sus amos ya se terminaron de descarar: son progres / socialistas , pro chavistas light y sobretodo les importa un carajo si el pais explota! LINK",1,0,0.47454193
"@USER Muchos pensamos igual.
Combatiremos en narcotráfico heteropatriarcal colocando mujeres como las cabezas de las bandas. 🤦🏻‍♂️.
Ella es la candidata zurda que, los que se cansaron de votar por el ""mal menor"", dejarán ganar.🤦🏻‍♂️🤦🏻‍♂️🤦🏻‍♂️.",0,0,0.46897694
Cuando descubren que eres bollera  Y te echas unas risas con ellos LINK,0,0,0.45251474
"@USER ,, pin pon , todos los rojos delincuentes en sus ejercicio  ..",1,0,0.4349775
"El feminismo va demasiado despacio en general, pero lo de los videojuegos es el puto pleistoceno.",0,0,0.45638648
CTM!! Puta la wea,0,0,0.42032152
"@USER No tengo un novio subnormal vs no tengo un novio, subnormal... Lo mejor hubiera sido no tengo un novio subnormal, subnormal",0,0,0.46589634
"Si un español agrede a un GC, echándole cal viva, excrementos, etc,le caen 5 años de cárcel, si lo hace un subsahariano e inmigrante, le damos cobijo,comida,etc algunos partidos políticos lo aplauden,si piensas como yo,algunos gilipollas te llaman,racista,franquista y fascista.",1,0,0.4605738
no quiero ponerme a estudiar arabe pero es mi ultimo dia sola y no he terminado ni el primer libro,0,0,0.40602466
"@USER @USER es parte de una construcción clasista, hijos de emigrantes europeos que se creen del primer mundo en un país sudaca para ellos , pero se olvidan que esos emigrantes europeos no era gente de alcurnia ni linaje, pero bue crecieron creyéndose superiores y así edificaron a sus famili",0,0,0.4327352
"Dante, cantale una canción de cuna en Árabe.",0,0,0.40726355
@USER Chamo cuando vienes,0,0,0.40486652
"La elección del domingo la leo así:
Los chilenos no queremos como Presidente  a Jadue, Boric, Lavín ni Kast !
Es la hora de los moderados.",0,0,0.4766944
"@USER LOS HOMBRES NO VIOLAMOS, QUE RIDICULA OPINIÓN 
A LOS VIOLADORES Y VIOLADORAS SE LES TRATA COMO VULGAR DELINCUENTES PERO EXTRAPOLAR QUE LOS HOMBRES VIOLAN Y TAMOOCO INCLUIR A MUJERES QUE VIOLAN ES SESGADO.
LA DERECHA NO APOYA A ORREGO, ESTÁ VOTANDO EN CONTRA DE COMUNISTAS EXTINTOS",0,0,0.48776394
@USER ... igual el tuit te quedó como el pico 😂,0,0,0.42627952
A las mujeres les gusta los hombres altos !!! 🤔,0,0,0.40622088
"Atención a los votos negativos arbitrarios a la noticia de 0 , spam e irrelevante, para que luego algunos aquí se pregunten si hay comandos tumba noticias y cuales son sus aviesas intenciones e ideologías. Repulsivo que haya quien quiera ocultar al público realidades como esta.",0,0,0.4855199
"La tarjeta del Happyland le ha hecho mucho daño a los chilenos 
#transbank",0,0,0.36956155
"@USER @USER Para esconderle a los Chilenos su ignorancia verdad Marta? Su sector es experto en esto, por qué no la asesoraron? #IzquierdaMiserable #FueraComunistasDeChile",0,0,0.43862212
Os resumo los #goya2017 antes de que terminen: queremos más dinero y qué malos son los fachas.,0,0,0.44742155
"A gobernar con cuidado de la mano negra que esta en latinoamericana, (EE.UU). La ignorancia de otros, sacar a una lacra para que no salga comunismo? Eso lo implantó estados unidos a los países y su gente y la más ignorante(que es mucha) siguió esa doctrina. LINK",0,0,0.43530682
Batata culiao habla todo el puto partido y weas que ni si quiera tienen relación! Y dice que le gusta el partido 🙃,0,0,0.4768527
@USER @USER Callate hijo de puta golpista.!!!,0,0,0.3696522
@USER @USER Al final siempre fue un infiltrado culiao más.,0,0,0.44051564
"@USER Aprendan magas de flojos qlo la Abuela les dio tiro y cancha, no los quiero ver llorar mangas de weones",0,0,0.4497518
Hasta para enseñar el culo hay que ser perra.,1,0,0.4843677
"@USER @USER Se llama democracia payasa, igual que Aznar compró los vosotros de CiU y PNV en 1996.",1,0,0.4597324
"Yo lo tengo claro, si tengo un cesto con 10 manzanas y una esta podrida y no se cual es, tiro el cesto entero. Lo siento por los inmigrantes que sean honrados, ellos arrastran a otros que no lo son tanto y se camuflan entre ellos. Por esa regla de tres habría que haber gaseado todo Madrid y matado a todos sus habitantes durante la crisis del coronavirus. ""Lo siento por los madrileños que estén sanos, ellos arrastran a otros que no lo son tanto y se camuflan entre ellos"", ¿no? Pero qué puto asco. Y encima pretenderás que eso no es ser racista. Tratar a toda una etnia como si fueran agresores violentos por cuatro que lo son. Ojalá te hagan a ti mismo eso algún día para que sepas lo que es. Iba a ser gracioso verte quejarte y calificarlo de injusticia.",1,1,0.5031618
"En la noticia no habla de violación en ningún momento, sino de abusos sexuales (por ejemplo, tocamientos). Que siguen siendo delito, sí, pero no de la misma gravedad. El comentario también iba para 69, pero me tiene ignorada.",0,0,0.44478884
"Alrededor de 200 inmigrantes saltan la valla fronteriza de Ceuta. Si a alguno de estos salvajes les toca un guardia civil hay guerra general; Propongo poner a los Mossos a defender la frontera, no pasa ni uno y todos contentos.",1,1,0.538002
"@USER Todos contra los comunistas, si a salvar la patria 😠😠😠😬",0,0,0.41314676
Vive Latino España 2022 lanza su primer fanzine @USER #Zaragoza (2 y 3 Septiembre) LINK LINK,0,0,0.42418522
"@USER @USER Y una aclaración para algunos indocumentados. El dictamen de la abogacía de la Generalitat, es solamente un dictamen, no es una sentencia, que solamente la pueden hacer los Jueces.",0,0,0.45841816
"No me gusta hacer leña del troll caido, pero.. vaya hostia te acabas de comer no? campeón?",0,0,0.43406722
Tengo unas ganas infernales de salir y pelarme a lo maldito🔥,0,0,0.44531196
@USER @USER @USER @USER Cállate zorra narcotraficante colombiana q pide likes en su página cómo debes d estar d la mente ponte a trabajar xq se ve te falta dinero,1,0,0.4058923
"@USER @USER Los personajes dd la historia siguen hablando en mexicano,  y no es el original. Si juegas en inglés es igual. Las voces dd narrador y GPS están en inglés y los personajes sueltan palabras en mexicano, en español de España es mejor aún,  todos hablan español o latino o castellano",0,0,0.42500156
Bolivianos qls ratones.. Así no se juega! Maripan mandandose puras cagas todo el partido! Puta que tengo rabia era un partido para goleada #ChilevsBolivia #VamosChile,0,0,0.42720732
@USER Que Trump sea una nulidad como político y diplomático no le quita la razón para reconocer a Jerusalén como la capital de Israel que ya es de facto. Saludos 😊✌🏻,0,0,0.41881424
"A la PDI no la mataron por ser mujer, no la mataron en un crimen de género,ni la abusaron, ACÉFALO CONCHETUMADRE! Increpa a los asesinos aweonao ql! LINK",0,0,0.44491422
@USER Pobre weon,0,0,0.37764058
mi perro el mongolo y sus aventuras: parte 84,0,0,0.3821542
"@USER @USER @USER Luego hay muchas que son todo lo contrario. Cada peli es distinta, el cine español no es un género.",0,0,0.41781563
"La vimos de compras en el Súper. Ahora a pie con un colchón en sus manos 🛌 

Merkel otra vez.

Imagínense x un segundo la imagen en Latinoamérica:

Autos negros desfilando, gritos x un lado, selfies x otro.

Y el colchón?

Cargado a 4 brazos x escoltas.

 LINK",0,0,0.47678787
"Los refugiados que llegan a Catalunya son de Gambia, Ucrania, Venezuela... Refugiats o migrants? LINK via @USER",0,0,0.4736822
"Qué pensará sobre la medida que tomó el partido político que tanto defiende el gnomo parásito, feminazi y virgen de CUIL de @USER ?! LINK",1,0,0.4551883
Lo de la madre de Bin Laden parece una escena del “Carmina o revienta” árabe LINK,0,0,0.42942885
Un triste récord: Calama es la comuna que registra mayor cantidad de detenidos por fiestas clandestinas a nivel nacional. LINK vía @USER Angamos #Antofagasta #calama #Taltal #mejillones #Tocopilla #SierraGorda LINK,0,0,0.46590787
Comentarios di-vi-nos. Argentinos enfrentándose a Españoles! Que podría salir mal después de la siesta. LINK,0,0,0.444337
"No se puede construir NADA sobre el resentimiento y la venganza, lo sabemos bien los venezolanos.",0,0,0.43102828
@USER Se entiende xq da rabia que las zorras sean tan regalones con los árbitros y la anfp,0,0,0.44114476
"@USER A que sí? Por eso dejé de dibujarlo, porque estaba demasiado raro XD pero si tú vieras al Rohan que hice... Parece travelo(?)",1,0,0.49589264
Soy migrante y he vivido en carne propia la realidad de las personas en movilidad humana. En el II Encuentro Nacional de Alianza Migrante invité a todas las personas en movilidad humana a participar en la evaluación de la Ley de Movilidad Humana. Juntos hacemos mejores leyes! 💪🏾 LINK,0,1,0.50086313
@USER que te calles la puta boca,0,0,0.40963224
"@USER me sale que no estoy becado por la beca indígena y cumplo todos los requisitos requeridos durante los años y salgo no becado?  Con promedio 6,8 de 4°medio?",0,0,0.44759452
Existen las bandas latinas y las bandas caninas. #FelizLunes LINK,0,0,0.428303
@USER Chama tu eres demasiado bella no quieres ser modelo webcam? XD,0,0,0.42842183
Decir que decir veneco es ofensivo por la palabra veneco y no se le debería decir veneco a otro veneco es demasiado veneco LINK,1,0,0.35398874
"Solo espero que Cataluña de verdad se independice y se lleve a los perroflautas a su República, dos días les dura l… LINK",1,0,0.41645452
@USER Cada día más weones en chile,0,0,0.46832055
"@USER Ese es mi ejército, a este lo quiero defendiendo a mi país de estos 🐕 comunistas .
Este ejército que nunca fue vencido y nunca lo será .
Nunca permitan que los obliguen por ley a no defender a su país cuando es atacado , nunca .
@USER 
@USER 
@USER",0,0,0.44952336
"Me parece que es bastante fácil de entender y no comprendo por qué cuesta tanto. Todos-as esos-as que aseguran que dejarse maltratar es d)e tontas o masoquistas (salvo que lo aseguren sin creerlo, lo que algunas hacen con mucho talento dramático por no confesar que están pasando por lo mismo) no tienen ni idea de lo que pasa a su mismísimo alrededor. Si miramos dentro de nuestras familias, ¿cuántas ofensas, insultos, indirectas groseras, si no hablamos ya de tortazos, que no son sino una exacerbación de lo anterior, no vemos porque no queremos o porque nos parece normal? No digo en todas, pero si no e en la familia es en el trabajo, y si no entre las amistades y si no en el vecindario o en la panadería. No hagamos que no entendemos. O a ver si creemos que justo nosotros mismos somos ""tan normales"". O a ver si no nos damos cuenta de que a los demás no les encaja alguna de nuestras actitudes o conductas. Por favor..nadie se puede meter en la cabeza de los demás para juzgarlos-as. No podemos dejar a otras personas a merced de su propio desprecio porque creemos que sabríamos manejar mejor su situación.",0,0,0.41858906
@USER @USER @USER Cierren la puerta que se les escapo un mongolico,0,0,0.406997
@USER @USER @USER VOMITIVOS ESTOS FASCISTAS DE MIERDA...,1,0,0.4404563
"Gobierno de España de derechas. Gobierno independentista en Cataluña liderado por un partido de derechas. Primera fuerza de la oposición en cataluña, de derechas. Ojo, igual la izquierda debería hacer un poquito de autocrítica",0,0,0.46139538
"Guste o no en unas elecciones históricas, ha ganado el bloque independentista, punto! Pero los NO independentistas están muy vivos en Cataluña y son mayoritarios; una cosa son escaños y otra votos...está claro que Catalunya esta dividida, toca hablar, dejar la guerra...#21-D LINK",0,0,0.44965094
"El ente emisor podría entregar novedades en el IPoM del 9 de junio. Un informe de ComunidadMujer calculó que su aporte equivale al 21,8% del PIB ampliado, más que el de cualquier actividad económica.

LINK",0,0,0.41931167
@USER @USER @USER @USER  Criticamos a los Fascistas que hay en la afición betica que apoyan NAZIS. No a ti,0,0,0.36726415
"@USER @USER Pues se nos viene que dios no existe y que el mal siempre triunfará, las mujeres esterilizadas tendrán que aguantarse su ira y sed de justicia así de simple",0,0,0.45634344
"Los comunistas, han pasado de disparar a los que huyendo saltaban el muro en Berlín, a si eres subsahariano darte paguita @USER",1,0,0.45830542
@USER Ese señor demuestra TODAS la falencias de la Democracia. Un ignorante e iletrado puede ser Presidente del Peru.😢,0,0,0.42733008
Estas elecciones les van a venir de perlas a los fachas de VOX.,1,0,0.42306054
"Venga, más hijos de puta de refugiados, ni llevándoles a vuestra puta casa se acaba esto, putos moros de mierda.  Antes tenía algún moro por mi perfil, creo que ya no queda ninguno. LINK",1,0,0.41525152
"Pues no, la verdad es que no me parece que de las cifras que das pueda deducirse que eso sea una falsedad. La población española está muy envejecida, desde hace ya muchos años las mujeres tienen muy pocos hijos y por tanto el ritmo de incorporaciones al mundo laboral es inferior al ritmo de altas de nuevos pensionistas. Cada vez hay menos personal en edad laboral para sostener los gastos del Estado (sobre todo las pensiones), eso es así. Para corregir esto hay varias opciones: o se aumentan los impuestos (medida muy impopular, y que tiene un límite), o se consigue que las mujeres tengan más hijos (no hay fórmula mágica para eso, hay motivos culturales para esta situación, y además aunque se consiga no veríamos los efectos hasta dentro de unos 20 años), o amplía la edad laboral retrasando la jubilación (eso se va haciendo, pero de nuevo tiene un límite), o se reducen las pensiones y otros gastos importantes como los sanitarios o educativos (de nuevo muy impopular), o se aumenta la masa laboral mediante inmigración. Evidentemente las cosas son un poco más complejas que inmigración sí / inmigración no, hay que tener en cuenta qué tipo de inmigrante llega en cuanto a preparación, entorno cultural, etc.; qué zonas del país necesitan qué tipo de profesional, medidas para facilitar la integración, etc. Pero a grandes rasgos, no nos quedan muchas más opciones para tener suficiente gente sosteniendo los gastos del Estado. Y sí, si se hace correctamente mejorará la economía gracias a esa inmigración. Te recuerdo que grandes potencias económicas como EEUU, Reino Unido o Alemania tienen unas tasas de inmigración brutales. Por algo será.",0,0,0.4845236
"Quien estafa a una familia con dos hijos con discapacidad por espina bífida. Hay que ser muy miserable e inhumana. Ojalá esta delincuente devuelva lo que les robó, por misericordia con esos niños 😞 #estafadoresdelaFe LINK",0,0,0.40420517
El de 13 reasons why es un cazurro.... QUIERES ESCUCHAR HASTA EL FINAL LAS MALDITAS CINTAS! Me está poniendo negra... -.- LINK,0,0,0.4639533
"@USER Es duro , pero es romantico y esperanzador , grafica como son las mujeres,  siempre guerreras y luchadoras",0,0,0.40251127
@USER @USER Esta mujer es súper puta y mi amorcito platónico yo le hiciera el amor noche y día le mamaria su cosita hasta desmayarte puta te quiero mucho,1,0,0.45033884
Evitar ser feminazi .... las fe@USER son rechazadas por la mayoría de los hombres.... las femeninas son aceptadas y protegidas por los hombres.. LINK,1,0,0.43873593
"Guisada tener una novia con pinta de niño paila, feminazi y que parece ñoca jajajajajajajajjaajjajaa",1,0,0.4130968
"Vendida, @USER, tienes cara para demostrar tu hipocresía, mejor cállate, perra. LINK",1,0,0.4214285
"@USER @USER @USER Sois poco menos que escoria,! No merecéis gastar la mínima energía en explicar o conversar con vosotros! Tú y tu amigo, en las montañas de Galicia y Asturias hay grandes ubres,con las que podéis babear todo lo que",0,0,0.46889994
@USER No solo eso sino que hay miles de denuncias falsas de acoso y de violación y escraches arruinando la vida a hombres inocentes. ¿Cuál es el motivo de la marcha? ¿Brecha salarial? no existe. Eligen distintas carreras. Y es mas en algunos casos ,0,0,0.4426884
"#Hechos | Para las autoridades venezolanas, frenar la ilegalidad en las trochas es un asunto urgente.\n\n\nLINK",0,0,0.41548306
@USER Haz una búsqueda en Twitter con el filtro 'Ana Pastor guarra' y verás cuántos perfiles hay de okupas. Un ejemplo: 👇 LINK,0,0,0.49877548
Supiera este ql que Maripán es un zorrón culiao del León Prado de San Miguel igual que el Tommy Boysen LINK,0,0,0.42980826
"¡Estudiantes de educación media! Este 23 de junio será el Día Internacional de la Mujer en Ingeniería y el programa Comunidad InGenio del @USER, realizará conversatorio sobre ingeniería y participación de mujeres en estas carreras.
Inscripciones: LINK LINK",0,0,0.48741692
"Magrebí o de Móstoles, es un puto mierda por asaltar a una anciana. Edito y añado: a mi padre el año pasado un angelito de estos casi lo mata de un empujón para robarle el móvil, con impunidad, en pleno día y en la puerta de su casa. La verdad es que no me habría importado que al huir se tropezara y se dejara los piños en la acera por cabrón.",1,0,0.4510624
@USER @USER @USER pero sí la primera con un coche totalmente nuevo\n\n\ny aún así te atreves a decir eso cuando ha estado cerquisima de verstappen durante más de 10 vueltas\n\n\ncreo que los pilotos que pueden hacer eso se cuentan con una mano,0,0,0.4311912
"#Podcast la Modelo Kendall Jenner mejora rendimiento del basquetbolista Devin Booker (Suns)🏀Multado Pat Riley presidente del #MiamiHeat ⚽️Juego de estrellas la MLS -Liga MX
⚾️Pete Alonso acusa a MLB de manipular las pelotas.. LINK",0,0,0.37278092
"Algunas mujeres se quejan tanto del acoso, pero ahi tienen fotos enseñando y/o sacando el culo 🙄😑",1,0,0.46264416
"La lucha de los defensores de la tierra no será silenciada, los diferentes gobiernos en las Américas deben garantizar su protección. #Valiente #W4R17 LINK LINK LINK",0,0,0.41829452
A los a sudacas nos despreciaron y somos sus nietos. Arrogantes y con síndrome de Nuevos Ricos Metánse Europa en el tujes LINK,1,0,0.49991512
Tu mujer es muy linda para verla con un solo ojo' la puta madre jajajajajajajjajaj,0,0,0.44456697
"Acaso me falta información, criterio o sentido común, pero percibo desproporcionada la pena en el caso Arandina. Vale, me informaré mejor...",0,0,0.42963463
@USER Cállate TRAIDOR !!!!!!!,0,0,0.41210115
mIRA TU CALLATE PUTA LINK,1,0,0.4452076
Breña: retoman atención en Migraciones LINK,0,0,0.4506642
"@USER Jajajaaj pixar pixar , q es pixar?",0,0,0.39915696
"""Transparencia Venezuela Cuando un indocumentado pasa de reposero y chocador de autobuses del metro a """"manejar"""" la política económica del país que hugo chávez ya había destruido, tenemos el resultado de la Vzla completamente destruida.""",1,0,0.41874194
Que no vuelvan,0,0,0.44150516
"@USER ""No."" a utilizar vocablos modernos con tu madre :)",0,0,0.3454441
"Buenos días Mi gente Bonita, a los comunistas no, esa gente es horrible y hace cosas feas.",0,0,0.48313588
"@USER Encontré mí billetera con toda la plata, todos los documentos y tarjetas. EN TU CARA ZORRA",1,0,0.41827473
"a Karina Oliva no nos queda mas que decirle que a Baradit, a Alberto Herrera, a Luis Mesina y a tantos otros los hemos tratado harto mas mal que a ti y (hasta donde sé) NO SON MUJERES",0,0,0.38567862
Mamá Alyson a @USER pero ya. ¿Que hay mejor que una guiri maravillosa tostandose al sol de Honduras? Lo puto más #Final1GHVIP5,0,0,0.4367313
No estuvieron de acuerdo en un tema relacionado con las fiestas clandestinas 🤔 LINK,0,0,0.39099935
@USER @USER Es que todas las sentencias deberían ser como la de la arandina,0,0,0.42162442
"Carmena y Colau, mucho hablar, poco hacer,..",0,0,0.3929764
"@USER Tienen una dictadura impuesta de cojones. Es como el fútbol con los homosexuales. Ningún futbolista es gay, claaaaro.",0,1,0.5068166
En europa eso se llama hacer labores humanitarias en una ONG.,0,0,0.37045917
"@USER Ministro o payaso de piñera segun uds expertos en pandemia 
Veo como mi pueblo clama de hambre e insertidumbre me partio el alma la sra de la vega que vende almuerzo sinverguenzas culiao moll abierto ganando millones uds son peor que los zares de rusia. Peor",0,0,0.43983412
Mira que me da pereza C's pero sois el claro ejemplo de ''todo lo que no sea lo que yo pienso es fascista'',0,0,0.4534704
Mood: hasta la polla de la gente imbécil,0,1,0.50103855
"""@USER: Los hombres dicen ""sólo fue sexo"" para no verse tan maricas.

Las mujeres dicen ""fue por amor"" para no verse tan putas.""",1,0,0.473705
@USER Mientras el ministro trabaja y trabaja en favor de chilenos para contener la pandemia los politicos vagos zurdos intentan destruirlo….con el voto obligatorio la gente conservadora anti zurda saldrá a votar….,0,0,0.4290975
@USER Medel qliao todas las faltas todas lo va a encarar ajjahajahaj no le perdona nada!!,0,0,0.37202284
"#21DCatL6 lo siento estimad@USER vecinos catalanes, bienvenid@USER al club!!tod@USER tenemos fachas en tierras!",0,0,0.44899076
Y los chistes fachos de Jimmy Scott LINK,0,0,0.48159477
@USER Yo es que me imagino un tío que viene de hispanoamérica o África a buscarse la vida y leyendo estos titulares tiene que alucinar y reirse a partes iguales.,0,0,0.43489477
"— No hay nada más lento que un caracol. — Cállate hijo de puta, eso lo dices porque no tienes Blackberry.",0,0,0.47980106
Asian Lives Matter ALM,0,0,0.4003318
@USER Habría que reformar varias instituciones... quedarían como 5 weones por rama!,0,0,0.46842706
@USER Siguen hablando del chamo que parece una muñeca de trapo viejo?,0,0,0.4907116
"mario, hablas de la hija de chavez pero vos decir ser italiano y no vivis en italia. Para los tanos (si les importara lo que hace un sudaca) tamben serias un traidor viviendo aca. #maldición",1,0,0.3882897
"Yapo loco, si es bacan ser jipi y andar en esa vola, pero se ponen muy re weones 🤦 LINK",0,0,0.45072553
"@USER @USER @USER Son subsaharianos, no son marroquíes, lo que significa que Marruecos los trae a la frontera para provocar y reírse del infame Presimiente!",0,0,0.47418183
"Eres super aweonao si piensas así.
Que crees? Que es webeo la seguridad pública? LINK",0,0,0.4151774
"Aquino y ctm árbitro reql hijo de perra.
Lampe el mismísimo y gran maraco bastardo perro ql.
Maripan, tranquilo no es tu culpa. Los HdP del VAR y los ratones ql de los Bolivianos arreglaron la wea.
#LaRojaXCHV",0,0,0.39519826
"..ya tardaba en salir quien pronunciase nombre catalán sílaba aguda como si fuese plana [es Eduááárd],[Ernééést],[Albééért] no son ingleses",0,0,0.3824553
Mi novia es la mujer más hermosa que he visto en mi perra vida.,0,0,0.40112054
@USER Puta grima que da... que haya gente que siga votando “socialista” ...,1,0,0.47869208
Permitir esta invasión de africanos y árabes antes de pedir ayuda para recibirlos a la UE es típico de políticos demagogos a los que no les importa en absoluto su pueblo y los van a usar para enfrentarnos. LINK,1,0,0.45664623
"#Noticias Solo en 2021 el Gobierno venezolano tuvo acceso al contenido de llamadas, de mensajes de texto y metadatos de 1,5 millones de cuentas o accesos de la operadora privada Movistar. LINK",0,0,0.3896249
#Sahel\nLos #conflictos son cada vez más #rurales en el norte y oeste de África\nLINK LINK,0,0,0.4542574
@USER No veo a las Feminazi reclamar por querer cambiar una mujer por una puerca camiseta ni a la prensa tarrinera llorando @USER @USER,1,0,0.45292184
"@USER @USER @USER Ingresar con cuchillos, generando caos en un lugar donde el personal se está sacando la cresta para darle otra oportunidad a gente que está gravísima, no es de delincuente. ¡Plop! Pd:deberías bloquear tu cuenta psicopata.",0,1,0.51024616
"Pese a todos estos problemas que son muchos, yo personalmente que tengo 74 años sigo pensando que estamos infinitamente mejor que después de la guerra civil, lo digo por que nací en el 1945 y mi vida desde luego no ha sido color de rosa, ni muchos menos, poco después de la guerra o sea uno años después naci yo hijo de un militar y una española de Setenil, mi padre prácticamente se papel además de macho reproductor, fué tenernos comos esclavos, pues fúe uno de los perros de la guerra y solo podia vivir en esa salsa, trabajae desde los 10 años hasta los setenta y las clase las tenia por la noche fuera de horario de trabaja, me secuestraron cerca de dos años como militar sin cobrar nada, por eso se como se siente uno de esclavo, sin defensa alguna y pudiendote fusilar por algo que llegue a entender, ahora hay más derechos y no se es esclavo militar, se puede hablar y decir lo que se siente sin peligro iminente de ir a la cárcel,en fin que viva la democracias todos somo iguales y sino pronto lo será.",0,0,0.39441267
#ONU: En #Venezuela persisten las necesidades humanitarias LINK @USER,0,0,0.40353405
"@USER Ajajajajja que buena! 
Típico de imbécil decir “me quitan libertad” No CTM! Es respeto a los otros! Nadie quiere tus babas",0,0,0.4836352
"Digo yo que si el fiscal no abre diligencias contra el resto de chicos de esa carpeta del móvil, quizás esté prevaricando y permitiendo la agresion sexual sobre una menor. No podemos quedarnos solo en los jugadores de la Arandina. LINK",0,0,0.4487815
"—Respira Sheida. No te alteres.— Cállate de una vez, no quiero escucharte, escoria. LINK",0,0,0.38172287
"@USER @USER Sigan llamando fascistas a los q no piensan como ustedes. Sigan adoctrinando. Sigan insultando al resto del país. Sigan sin escuchar a la mitad de Cataluña q no quiere independencia. Sigan saltandose las leyes, gracias a las cuales han ganado las elecciones. Será todo un éxito.😒",0,0,0.43310085
"Esta es la gente que necesita España, que me lo ha dicho un progre.",0,0,0.4216865
@USER Nos vemos mal como chilenos.,0,0,0.43853316
@USER Me puedes comer los webos x debajo payasa,1,0,0.45009354
CAGAMOS CTM. DONDE ES EL MUNDIAL DEL 2026????,0,0,0.43847537
Solo quiero decir que los antivacunas son unos egoístas culiaos,0,0,0.45037097
"@USER Guaro del D1, gracias no soy veneco",0,0,0.41629845
@USER Le dices: - bollera yo? PUES TOMA BOLLO *y le rompes la cara*,1,0,0.45842558
"#Gibraltar #Casemates - 08/03 - vista de la nube de #Levante esta mañana temprano -a mediodía, todavía persiste, pero ha mejorado, con mucho sol brumoso y una temperatura de  27ºC con un viento del Este suave o moderado a del Noreste. LINK",0,0,0.42725745
@USER @USER @USER Callate hijo de puta sorete malnacido lo criticas por q sos una mierda y nu… LINK,0,0,0.4282197
@USER Los peruanos en el extranjero odian al chino y su descendencia así le dicen.vivi años alla,1,0,0.3829528
"Me dejaron de seguir en masa los weones  de Herbalife en instagram 🤣🤣🤣🤣🤣🤣

Si un oncólogo dice que sus productos son malos yo le creo. El  médico lleva años de estudio y se dedica a curar el cáncer...
No es un emprendedor de la salud",0,0,0.416438
"@USER Vivi en Mexico...y alla habia un dicho: 

los argentinos se suben al avion (en ARG) como simples y comunes mortales, y se bajan de el (en MEX) como actores, empresarios, cientificos, etc.",0,0,0.42748225
@USER @USER Pobre loca falta de sexo.,1,0,0.45409027
"+ y mi género. TODOS los padres DEBEN apoyar a sus hijos. Deben entenderlos y quererlos por doquier. Porque son sus hijos, joder.",0,0,0.43891254
- ¿Cuál es tu problema? - Mi novia es tremenda perra !!! LINK,1,0,0.41409737
La asesora de D Trump inventa una masacre para justificar su veto a los refugiados LINK Alucinante ¿Ignorancia o engaño?,0,0,0.4704826
.@USER denuncia ante la @USER la difusión de audios de la víctima de agresión sexual por tres exjugadores de la Arandina LINK,0,0,0.39769572
"@USER @USER me hace acordar a la perra de Nancy, me puso 00 tambien JAJAJAJAJ PERO NO HICE NI MIERDA LO MERECIA :(",1,0,0.42244446
"Mirna, para algunas feministas celebrarle un vestido a una mujer es acoso, ojo ahí #pautab @USER @USER",0,0,0.40734458
El payaso cancela viaje 🤡,0,0,0.40913445
"Es un absoluto FRACASO TODAS LAS MEDIDAS DE @USER @USER, ustedes son responsables del fracaso total por ineptos y no escuchar a los especialistas, a los profesionales; weones tozudos...toda la gente ya está chata, aburrida...cuarentenas, toque de queda... LINK",0,0,0.48470694
@USER @USER No me estas demostrando nada. Ya he dicho que no los cuenten en ningun bando. Incluido el independentista.,0,0,0.4481131
"Ha estado super ajustado, qué puta rabia. Mireya merecía, y de lejos, quedarse esta noche #OTGala7",0,0,0.4352244
"@USER Pero si es una frase que usaban muchos para acosta, para juvenal y para muchos otros DT chilenos. El bus lo han puesto demasiados entrenadores (exitosos y no existosos). Es un gusto futbolístico. Su visión futbolística es pro bielsa y no le gusta Acosta.",0,0,0.46365124
"Con estas emigraciones hacia Europa un día los Alemanes, Españoles no será de Alemania y los Árabes impondrán sus religiones y su cultura y los Africanos harán lo mismo, periodistas q defienden que les den sus casa y comida",1,0,0.45074803
"@USER @USER Ojo has visto tu si los medios de comunicación hablan sobre el tema salud, educación, vialidad, inseguridad, cuanto aumento la migración, la desnutrición, corrupción, etc.?",0,0,0.43651298
"@USER ¡Yo también! La flama que arde en nuestros corazones es la de la libertad, la democracia, la entronización del derecho a prosperar en la vida, y la de la energía creadora para iniciar proyectos de cualquier tipo. Nosotros somos la luz; ellos -los comunistas- la oscuridad. Saludos",0,0,0.45304927
"Si queréis limpiar vuestro Twitter de gentuza que apoya abiertamente las violaciones, os podéis pasar por estas capturas... LINK",0,0,0.46633208
"Quería ver por qué Mr Wolf es tendencia, pero me tiene bloqueada. Eso me pasa sólo con los fachos. Raro.",0,1,0.50845855
"La del burro, papayeros culiaos LINK",0,0,0.42337692
Ergo... Para un rojo España es el culo del mundo excepto su cine que es una puta maravilla. #BoicotALosGoya LINK,0,0,0.4648304
"@USER Lo bueno del caso es que si uno dice algo, de una vez salen como fieras las feminazis, alegando que “la culpa no era de ella ni de cómo bailaba “ ?????",1,0,0.4089449
@USER @USER Cállate la boca gordo hijo de puta,0,0,0.4293922
@USER @USER Jajaj que gracioso kion cuando dise no pares de ablarme raul y despues callate hijo puta,0,0,0.4098498
"#LoMásLeído Los audios de la menor del caso Arandina: «Si se van de la lengua, incluyo cosas inventadas» LINK",0,0,0.42559934
"@USER Y que muchos piensan que no son nazis porque igual no le pegan a nadie, pero encuentran un ambiente racista ~relajado~.",0,0,0.44745603
Un borrador de EL LIBRO NEGRO en el que a la prota en vez de mierda le tiran encima acelgas. Tu mach Verhoeven @USER,0,0,0.43980703
Acá es como que vas al club a tomar algo y si o si tenes que cruzar a sudaca para qué tal está 🤷🏻‍♀️,0,0,0.4703786
"Maripan lo deberían enterrar en el mismo estadio, taparlo con diario al malo culiao.",0,0,0.39766562
Yo le hubiera dicho: “callate esa puta boca y manda foto de la traga venao” LINK,0,0,0.42800853
"@USER @USER Hijo de puta subnormal, respeta",1,0,0.38248304
Ultras neonazis recibieron con obsequios al nazi ucraniano Zozulya a su llegada a Sevilla  Esta es la escoria que d… LINK,0,0,0.44050083
@USER Chica pues como maricon aqui?,0,0,0.4017384
@USER @USER Parece mucho por la cantidad de viajes al exterior revisar en inmigraciones la cantidad de viajes realizados y ahí está la respuesta a tu interrogante parece que juega a varios cachetes,0,0,0.4770416
@USER @USER ¿a que sigues los pasos del poeta maricon?,1,0,0.44146535
Posibles violadores LINK,0,0,0.46284404
El jugador Kingsley Coman será juzgado por violencia de género LINK vía @USER,0,0,0.3972788
JAJAJAJAJAJAJAJAJA que agresivo voy a llorar porque me dijo lesbiana. LINK,0,0,0.41061795
"@USER Toda esta basura sucia tendrían que estar en prisión,el recto de su vida.Por corrupto,ladrones,fascistas, MANIPULADORES.",1,0,0.4770069
"Las #mujeres representan el 51,7% de los 42,9 millones de personas migrantes latinoamericanas y caribeñas. Ellas migran por razones como la pobreza, falta de oportunidades, deterioro ambiental, desastres naturales, persecución y violencia de género: @USER #CEPAL. LINK",0,0,0.45730278
"Ha tenido suerte, en sitios como Arabia Saudí o Irán, según su avanzadísima religión le habrían cortado la mano, así que no se puede quejar.",0,0,0.40719387
@USER Ya valiste verga con tu magia... Lo ves? Soda es de jotos.,1,0,0.47352776
"ohh el técnico se Bolivia me tiene chataaaaa, callate un rato #PartyChilensisFtLaRoja",0,0,0.4065821
@USER cada vez hacen menos la migración y se quedan en la península en la zona del sur el invierno es suave,0,0,0.42675653
"@USER @USER Xo claro,la merma ya se sabe que utilizáis lógica binaria(ya te lo explicaré).O leninista o nazi.O inculto o rojo",0,0,0.4701525
"este ""individuo"" va a ser un muñeco roto a no mucho tardar",0,0,0.41639656
"@USER pues como cuando Louis C.K. hace humor sobre pedofilia. Se llama humor negro. Si no te gusta, te jodes.",0,1,0.5285614
@USER no te mereces que te preste ninguna malla más por escribirlo así perra 😒jajajajaj,1,0,0.40517205
@USER @USER @USER @USER @USER Pobre tarado que no sabes lo que dices .... pobre tarado,1,0,0.38010058
"Ahora q voy a jugar al MM1 en el rojo me salen en el test cyndaquil mudkip y sobre todo psyduck, son los q mas me coinciden xd, pero me",0,0,0.42722198
El primer paso para frenar esto es ilegalizar a todas las ONGs que promueven la inmigración ilegal,0,0,0.4779966
"@USER @USER Te imaginas si nos devuelven el oro robado, las obras de arte...coño! Y los millones de los Eres? Te imaginas? Pá qué te vas a imaginar eso....pá qué!! Payasa.",1,0,0.44684437
"@USER Y la ultra derecha es entonces un terremoto grado 1000, CTM",0,0,0.4596999
@USER @USER En Venezuela sería limpiar el culo y la totona sin papel toilet (época en que el Papel Maracay dominaba el mercado),0,0,0.4420002
"No hay peor enemigo de una mujer, que otra mujer... y si encima es feminazi, que Dios se apiade de tu alma. Tanto que hablan de patriarcado y violencia de género, uds necesitan mirarse un poco al espejo primero.",1,0,0.4884975
"@USER Ambos son nefastos. Insisto pero no he cuestionado su proceso electoral, yo también creo que quien gane lo hará de manera democrática.",0,0,0.43580058
"#GHDirecto hostia puta, que mala madre e sido. No sabia que ser madre era estar sentada, callada y no poder cantar,bailar y pasarlo bien. Dios que he exo!? Mis hijos ahora serán unos delincuentes asesinos.",0,0,0.4462698
"Entiendo que será expulsado del país, no?",0,0,0.48093462
@USER @USER Bueno tu quieres que España deje de ser un Estado pq sea poco liberal? Pues es lo que me pides a mi como catalán.,0,0,0.4850873
Saquen a ese arquero culiao 😡,0,0,0.43930018
Un barco de la ultraderecha patrullará el Mediterráneo para impedir el rescate de emigrantes LINK LINK,0,0,0.3523755
"@USER ¿Cuál bloqueo? El bloqueo en el que se excusan para no asumir sus responsabilidades del gran fracaso que han sido las políticas socialistas de un homicida intelectual como el tirano de Nicolás Maduro.\nY no, no viene de la prensa ""derechista"", sino de la realidad de los chamos.",0,0,0.46262333
@USER Ni no-independentistas tampoco. Hay voto independentista entre los votantes de Cat - ECP. Me consta.,0,0,0.4749017
"Hijo de re mil puta que es, espero que la sociedad le de el castigo que mereces.",0,0,0.43106166
"Port-au-Prince,Haiti.
Hola Greta! Cuando puedas, pásate por ahi!
Donde realmente hace falta hacer algo, no va nadie porque no hay forma de enriquecerse. 
Conclusión: el planeta os importa una puta mierda! No es más que ???
 LINK",0,0,0.42815793
Todo el apoyo a la nación mapuche para la recuperación del fundo #LaFusta @USER dile a tu hermana que entregue la tierra!!! #PautaLibre,0,0,0.42315575
"@USER @USER @USER Rorito tienes una parte de razón, puta que poca participacion hubo, pero como van las cosas,  se viene fuerte Provoste y aunque sea con votos d la derecha, que por lo demás en una sociedad democrática cuentan, como también los comunistas, se gana en las urnas y ayer ganó Orrego.",0,0,0.4702615
"Las reacciones a la muerte de Chacón, de todo signo político LINK #Noticias #Actualidad #News LINK",0,0,0.40948853
"@USER Me imagino que ahora aprobarán un proyecto donde se repara a los miles de Chilenos, víctimas de la violencia (que tú apoyaste), pérdidas de trabajos y destrucción de sus negocios?

Funciona así o no?",0,0,0.49210677
@USER @USER Cállate. Tú eres bien zorra. 🌚❤,1,0,0.4157994
"Claro, porque durante los gobiernos de Mariano Rajoy y Jose María Aznar no llegó nadie.",0,0,0.4274843
"@USER @USER @USER Es mucho más attas que eso, Perrochet solo empujó lo que otros habían definido como legal. El problema es de ESTADO el chileno y el mapuche y para que lo entiendas piensa quien fue el primero.",0,0,0.48223308
Oro para Perú en la esgrima de los #JuegosBolivarianos2022. El peruano Lucas Lutar venció 15-14 al venezolano Antonio Leal en la competencia de florete.  Así fue el final del enfrentamiento. 🤺 LINK,0,0,0.41393527
"@USER @USER Te explico yo di mi opinión de unas argentinas q quieren a las actrices, fue una simple opinión, esa cuenta empezó hablar mentiras , q yo había ido a casa de viví, sin permiso q era  acosadora, jamás he ido fueron los dueños de la galería los fueron y son amigos de ella.",0,0,0.43036765
pues parece que sí.,0,0,0.4160816
"Estoy alucinando.Vecinos apalean a delincuentes, y como da la casualidad de que son magrebies pues ya es por racismo. No por que tengan antecedentes, hayan hecho robos con violencia o atraquen a ancianos. Para algunos es por racismo, se ve que si no fueran magrebies y fueran españoles entonces si se les podría pegar.Tomarse la justicia está mal (y si, está mal, pero si la justicia y las autoridades no actúan la gente acaba harta). Atracar ancianos con violencia y acumular antecedentes no, no puedes defenderte y tienes que quedarte indefenso, porque si te defiendes eres malo. Pues la verdad, yo veo peor atracar que defenderte. ¿No todos eran vecinos? Seguramente. Puede que sean familiares o conocidos de víctimas. O puede que sea gente que solo quiera pegar y actuar de forma racista, siempre hay de todo y no lo sabemos. Lo que si sabemos es que si esas personas no tuvieran antecedentes no les hubiera pasado nada, por que al final muchos es el único lenguaje que entienden. A ver si nos enteramos que a la gente le importa 3 leches si son magrebies, españoles, marcianos o canguros, lo que no quieren son delincuentes. Por favor, no buscar racismo donde no lo hay.",0,0,0.45844853
NO LLEGARON NUNCA Y EMPATAN LA CTM!,0,0,0.40742853
@USER @USER @USER Cállate perra,1,0,0.40061006
"los que se fueron también son guerreros. por tí, gitano. #DiaMundialContraElCancer LINK",0,0,0.3830737
@USER Conclusión: Er Benni era un cabrón facha que ayudó a Trum,1,0,0.38783434
"Todas las personas necesitamos alimentarnos🍴 para sobrevivir, sin importar nuestra nacionalidad.\n\n\nEn Ecuador, las personas refugiadas y migrantes adoptaron diferentes estrategias ante la dificultad para obtener alimentos🥫.\n\n\nConoce más: LINK LINK",0,0,0.45362225
"@USER Que bonito ambiente (fuera de sus pedos administrativos) a mi si me gusta ese ambiente sudaca, esos momentos son en los que los jugadores y afición sienten la playera y por eso se rompen la madre, no como cuando vienen acá a hacerle al pendejo",0,0,0.45833397
"Reacciones a la muerte de Carme Chacón, exministra socialista de Defensa: La muerte este domingo de la política… LINK LINK",0,0,0.4701271
"#LaRojaxCHVsaquenle el micrófono a ese venezolano por favor ,me tiene chato su tonito .",0,0,0.45832103
"GRETA ZUMBE, DILE AL QUE TE PAGA = ""SOROS"" QUE ME CAGO EN TODA SU PUTA MADRE, PERO VAMOS LLENA DE MIERDA DE CUERPO ENTERO LINK",1,0,0.47196034
"🚨 Un africano independentista catalán, nuevo alcalde en Mallorca ➡️ LINK LO QUE NOS QUEDABA POR VER",1,0,0.45600867
"@USER @USER me perdi de algo??  justicia xq? no ha hecho nada grave , yo diría q dejo de hacer , xq  yo hubiera  hecho  una cárcel especial pa los delincuentes del 18 - O y q se pudrieran ahi de x vida",0,0,0.43990332
"@USER Vea Pauta Libre, está lleno de mujeres",0,0,0.4653388
@USER @USER CHAO....COMUNISTAS MAL NACIDOS...JAJAJAJAJAJA 🤣 🤣 🤣,0,0,0.39105937
"Pega muy fuerte entre la ""muchachada"" facha en Ejpaña la idea de que el indepedentismo catalán es ""cuestión de quitar subvenciones"". Risas",0,0,0.44749102
Desarticulada una organización dedicada a vender documentos falsos a inmigrantes con un detenido en Soria y otro en Palencia\nLINK,0,0,0.4181816
Oramas cree que el riesgo independentista desactiva un adelanto electoral LINK vía @USER,0,0,0.40573695
@USER @USER @USER @USER Que usa lo de aplaudir a un Tanzano como si ser de fuera o Africano fuese una ofensa y tuviese que aplaudir a cualquier canario aunque ese jugador me parezca un autentico truño que no ha demostrado aun nada.,0,0,0.4714369
"#PorLaMemoriaM4 ¿Encontrar y enterrar un familiar, asesinado por un régimen dictatorial es una afición? ¡Este gobierno es una vergüenza!",0,0,0.445265
"@USER pero guiris es genial, follamigo y perroflauta son papelón",0,0,0.42922318
"@USER @USER Qué patética eres, hija. Si Sánchez os ha dejado de lado, solamente vosotros, Cs y PP os lo habéis buscado. Arrimadas, lo único que sabes hacer es ladrar. ¡Gua gua! ¿Qué pasa? ¿No vas a votar a favor de las propuestas buenas para los ciudadanos?",1,0,0.4688099
"El Papa bromea con una monja: ""Te doy un beso, pero tú no me muerdes""LINK dónde están las FEMINAZIS indignadas???",1,0,0.43110058
CASAR EX-JUGADORES ARANDINA: EL JUEZ PONENTE DEBE MARCHARSE DE BURGOS SALVO QUE SE RECONOZCA…………….. LINK LINK,0,0,0.470007
Está de moda pasarle plata a los barzuos qliaos 🤷🏻‍♂️ LINK,0,0,0.4293752
"El hecho de que no se denuncien en su momento casos de acoso, abuso y violaciones es porque simplemente la humanida… LINK",0,0,0.39676782
"Se quejan porque el mall Costanera center sigue funcionando después de un suicidio, pero nadie dice: oye si, mall culiao....no voy a comprar más
Son de cartón giles culiaos 😒",0,0,0.47293827
"Pablo Iglesias, eres tú? PD: Por gente como tú y el efecto llamada hoy han muerto esas 50 personas. Espero que duermas bien esta noche crack.",0,0,0.43328422
"Vaya perla de sabiduría de esta gentuza: “No es tan malo que los refugiados musulmanes violen a las mujeres suecas, ya que es algo cultural en ellos” - Barbro Sörman (diputada socialista feminista. Fuente: LINK",1,0,0.44820702
El gobierno vuelve a expulsar a emigrantes venezolanos/as. Son unos miserables,0,0,0.46026516
"Sí. Ya estoy harta, me hierve la sangre cuando me dicen feminazi. LINK",0,0,0.43450412
Si van a andar enseñando culo en las redes sociales como lo puta que son al menos lávense las patas!!! 👊 LINK,1,0,0.46624663
Se mudan porque es un barrio más rico. De la misma forma que los que viven en Vallecas lo hacen porque es de lo más barato de Madrid y pueden moverse en transporte público.,0,0,0.49516484
"@USER Conozco varios que se creen comunistas, pero participan activamente en iglesias cristianas. Conversas con ellos y defienden la propiedad privada, claro que la de ellos, la del resto se debe repartir.",1,0,0.4952145
@USER Resultas más patética de lo habitual cuando pretendes agradar al líder de tu secta,1,0,0.44259778
"@USER Por fanatismo e ignorancia, de hecho esa no es la bandera mapuche real,",0,0,0.40607935
"@USER @USER  jaJá...Cuidao q aguantáis coño, NO cejeis en ello q 1 facha no os amilane, joé  (sto va pa largo o q?) OS SIGO !eh!",0,0,0.43941844
"Si la suerte me abandona y ves que estoy un poco triste, es que tú eres una zorra y un buitre no come alpiste.",1,0,0.46944618
"#PautaLibre
La hermana de Luksic, dueña de 30.000 hectáreas, de territorio Mapuche...",0,0,0.4065005
"@USER tu, payaso maricon. Ahi tienes al barça. Alegrate ahora comemierdas.",1,0,0.472297
"@USER Piñera fue a Colombia a invitar a los venezolanos (y a hacer el ridículo) y ahora los expulsa, separando a padres de hijos.",0,0,0.40140885
– Querer es poder. – Entonces puedo que te calles la puta boca.,0,0,0.42707863
#RacismoEs  que los tres García anduvieran detrás de la güera y que ella se quedara con el más güero de los 3 LINK,1,0,0.43681487
"Hay veces que no te queda más opción que salir de tu país. Esto le ha ocurrido a millones de personas refugiadas en el mundo.\n\n\n¿No crees que merecen una nueva oportunidad?\n\n\n#MeTuveQueIr\n\n\nPara ver más, visita: LINK LINK",0,0,0.44387743
Raca raca de la monserga de género para mayor gloria -y subvención - del lobby mujerista que desprecia y criminaliza a los hombres. Disfruten lo votado.,1,0,0.47336906
@USER @USER Hace mucho tiempo que argumento mi propia opinión en datos.\nLa inmigración tiene un origen claro y la ilegal unos beneficiarios más claros...,1,0,0.38050732
Como eso que @USER se taparia el logo Nike de la camiseta pq los ctm de @USER le deben plata a la ANFP. No entiendo una mierda..,0,0,0.48492953
"#ENVIVO Mujer sufre violento portonazo en condominio de Ñuñoa
 #24AM 

📡 Sigue la señal en vivo #24Play ➡ LINK LINK",0,0,0.49309853
"Csm, hasta cuando ‘ Los Delincuentes ‘ tienen chipe., ( Libre ) LINK",0,0,0.45132056
"Por culpa del Patriarcado es que soy una ignorante.

Karina Oliva",0,0,0.39993453
@USER No mereces más comunistas tampoco. Son una escoria para el pais. Donde se meten queda la escoba y fracasan. No entiendo como existen todavía.,0,0,0.4709253
@USER Cállate y agregame de amigo zorra x2,1,0,0.39944497
"Es que es verdad, ilegalmente es facilísimo. Se perfectamente la cantidad de papeles que necesitan los inmigrantes para conseguir la residencia legal, porque he ido a acompañar a amigos a hacer los trámites. Y tú lo estás averiguando ahora por tu novia. Por lo que es tremendamente INJUSTO para los inmigrantes legales que se esfuerzan durante años que haya descerebrados que defiendan la inmigración ilegal, y legalizar por la cara a cerca del millón de inmigrantes ilegales que tenemos, como pedía Echenique en nombre de su partido hace unos días.",0,1,0.5060837
ya esta el subnormal de luis enrique jodiendome apuestas sin poner a suarez,1,0,0.42912075
"Ninguno, no tiene a priori el problema. El problema es considerar a gente que quiere una vida mejor como un problema para el país. La inmigración debe ser controlada, que no se me malinterprete. Pero tampoco está bien criminalizar a inmigrantes ilegales, ya que la mayoría lo son por necesidad.",0,1,0.5081908
la expulsión del apelante durante 10 años. ¿Solo 10 años?,0,0,0.4611618
Manda cojones. Los fachas pidiendo los huesos de republicanos para devolverlos a las cunetas. Estos si que tienen problemas mentales,1,1,0.51391566
Maricón me despierto pa tomar la pastilla en una hora y de definitiva en cinco mi vida es wow,0,0,0.41701633
"Stop imponer roles de género que no son ni roles de género, son putos juguetes",0,0,0.4754834
"+ Racistas, fascistas, homófobas y de más ideas. Algunos jamás deberían haber salido de sus cuevas. +",0,0,0.42035067
Ese negativo es de un masoca español o de un progre ¿ no se ? adivina,0,0,0.48837528
"@USER Increible que con la caga que hay hoy, llamen a votar este domingo; políticos de mierda la ambición de estos weones va por sobre la salud de los chilenos , una pena tener este tipo de lacras",1,0,0.49946725
"El otro día leí unos argentinos celebrando una broma sobre lo gay que era ver #RolandGarros. Con razón están como están che, háganse ver",1,0,0.48025402
@USER Cuidadín que llamar hijo puta a un hijo puta te condenan y no lo digo por nadie que no merezca una guillotina. Al revés. Arriba la cuchilla y debajo la rugosidad oxidada. Sucio. Lo merece el gnomo.,0,0,0.48462036
@USER @USER Anda cállate la puta boca subnormal que te ha pegado un zasca que se ha escuchado desde allí.,0,0,0.4330931
"@USER @USER @USER @USER Dile que se lave pos sacowea.

Y el que debería pagar eres tú, un impuesto por aweonao.",0,0,0.46717796
"RT @USER: ESPAÑA: Sobre lo que os decía de las enfermedades, la inmigración y el asalto a la valla de Ceuta   LINK",0,0,0.4523167
@USER neonazi tu prima la coja. Llámame machista guapi.,0,0,0.45598567
"Acabo de pensar que en realidad no debo odiar a quien no quiere cambiar solo por no querer cambiar, incluso si es una persona de mierda",0,0,0.44487005
Fabiola Campillai sobre postergación de juicio a excarabinero: “Para el delincuente hay más garantías que para las personas dañadas como yo” LINK,0,0,0.43932936
"@USER como estáis tan evolucionados culturalmente le recordais a cualquiera cuales son las normas cívicas. Españoles, negros y árabes sin excepcion, yo no he visto españoles poniendo pies en asientos. Negros y árabes bastantes.",1,0,0.45586243
@USER Tú lo que me parece a mi es que eres un poco homófobo machote,0,0,0.46491325
"FRAGATAS hechas en una ciudad cuyo alcalde de medallas a trozos de madera, y no le parece mal armar a esa tiranía, que entre otros cosas está machacando a Yemen. No es del Podrido precisamente.",0,0,0.43716592
"@USER Si yo fuera corrupto o estafador o un avezado delincuente... sin lugar a dudas que a Briones le encargaría mis ""negocios"" y a su amigo Kast que me ayude a esconder la plata mal habida porque además con sus sicarios al peo... igual me serviría para espantar las moscas!",0,0,0.47567016
@USER Por acoso y violación a la intimidad,0,0,0.39457342
y lo empata Colombia! gol ctm!!!!! #ClasificatoriasxTNTSports #COLARGxTNTSports,0,0,0.41355065
El voluntario de Cruz Roja que lo atendió al llegar a la costa andaluza se quedó atónito. Nunca había escuchado algo parecido. No saben ni por donde les da el viento,0,0,0.44446042
Ojalá las feminazis no me den palo por subir este video ??????????? #dolar LINK,1,0,0.4440154
Primera falta que hará un chileno y le va a poner amarilla este ctm,0,0,0.44244933
Que se los repartan entre Vaticano y Carmena,0,0,0.41775402
"#expulsioninmigrantes no digan que son todos delincuentes, de 56 en total 20 tenían antecedentes aquí y en su país de orígen ¿y los demás? esos buscaban salvarse de condiciones de vida horrendas y los sacaron a empujones de éste, ""el asilo contra la opresión""",0,0,0.45062122
"Esta es la táctica de los socialistas, comunistas y sindicalistas, arruinan todo lo que tocan, y luego tienen que arreglarlo los demás, pero eso no se queda ahí, cuando los demás logran arreglar el daño que han causado a la sociedad, vienen luego con sus medios de propaganda, de cientos de predicadores, que tratan de alzarse con los méritos de haber arreglado ese desastre, lo malo es que hay demasiados ignorantes y berzotas, que se creen que son los que les benefician, y precisamente son los que generan mas pobres, solo una reflexión, si a los de izquierdas les votan los mas pobres, y a los de derechas les votan los mas ricos ¿ a quién le interesa que haya mas pobres ?",0,0,0.48491836
"@USER @USER Te gustan los niños,fascista de mierda?",1,0,0.45477661
"Qué bueno eres, gitano @USER",0,0,0.3639092
"@USER CTM ayer lo dije 20 veces!!!!! Wn lo asegure, dije q la barrera estaba muy atrás q era una wea imposible!!! Mira el venezolano CTM hdp",0,0,0.4597855
"@USER Una pandilla de ignorantes, vividores a costa de imbéciles que les creen.",1,0,0.4352495
La justicia británica falla a favor de Guaidó en el caso del oro de Venezuela LINK,0,0,0.36952347
Oye los comentarios llenos de fachos culiaos LINK,0,0,0.46010587
"@USER No negarás que llevo toda la razón. Estaría bien que dijeras, “Barella, soy independentista y defiendo mis ideas desde el respeto a los demás, no estuve en esa manifestación proclamando la independencia de Catalunya, porque creo que no era el momento. Esa gente se equivocó”.",0,0,0.4249236
En vez de ayudar a que podamos tener hijos y mantenerlos dignamente ¿España puede (y debe) duplicar su población inmigrante? LINK,0,0,0.48336256
"200 inmigrantes saltan la valla de Ceuta hiriendo a siete guardias con cal viva. @USER no te olvides de dar la sanidad universal a estos que vienen a integrarse en la sociedad armados, no sea que se hayan abrasado esparciendo la cal viva en la cara de los agentes.",1,0,0.43729934
"El presidente estadounidense, Donald Trump, dio este lunes su pleno respaldo a la polémica política antinmigración del nuevo Gobierno italiano, que ha rechazado aceptar en sus puertos a barcos de rescate de indocumentados en el Mediterráneo LINK",0,0,0.43259653
@USER @USER como q no marikita q hacemos los pibes sin nuestro moro?,0,0,0.44744578
Definitivamente tu eres una perra 😍😍😍🔥🔥🔥🔥👑 LINK,1,0,0.43292978
@USER Alicio culiao pesao 😆,0,0,0.36952406
@USER hablando de Mufa y yeta. Ya nadie comenta esa costumbre republicana de decirle al presidente yeta como en su primer mandato. O la pandemia ya destruyo todo?,0,0,0.46621495
"@USER Derecha derechona liberal p’a mi mojón p’a ti, lo que tenemos en Castilla pero sin procesiones",0,0,0.4186631
"@USER @USER El día que salga Oliva, sí; efectivamente la ignorante Oliva como gobernador no lo hará? 🤦🏼‍♀️",0,0,0.44301412
Que vaya el gobierno a darles de comer. Se pasan la vida machacando a la Iglesia y luego le piden ayuda. Que se la pidan a los moros!,0,0,0.4781789
@USER Tranquila !!! Los chilenos somos buena onda 😃,0,0,0.44503444
#Deportes | El jugador marfileño fue diagnosticado poco después de haberse anunciado su fichaje para cubrir el hueco dejado por Erling Haaland\nLINK,0,0,0.4356324
"""Vamos que el PP les ha llevado en autobús desde Senegal, Mauritania Argelia, los ha dejado en Marruecos y ale a saltar o a la patera, RUINES  Valerio pide """"colaboración"""" pero culpa al PP de la avalancha de inmigrantes: """"No hizo los deberes"""" LINK",0,0,0.4227717
@USER Nicolás moras es muy bueno me la suda el Ezequiel este,0,0,0.41290817
@USER Aquino CTM!!! Vamos Chilitooooo mierda LINK,0,0,0.4270306
"Defender el Río Truful Truful lugar sagrado Mapuche!
No a la Central El Rincón aprobado por comité de Ministros de Piñera: Carolina Schmidt (M. Ambiente), Enrique Paris (Salud), Lucas Palacios (Economía), María Undurraga (Agricultura) y Juan Jobet (Minería y Energía)

#rioslibres LINK",0,0,0.45331654
"""Si la música calla, ¿cómo nos guardaremos de la muerte?"": Ángeles Mora. La poeta española, que acaba de publicar 'Soñar con bicicletas', es la invitada de julio a la serie Autorretrato artístico de un escritor, en WMagazín 👉LINK LINK",0,0,0.44654876
Fijo que esta semana queda la cagá porque más encima el viejo chico es yeta! LINK,0,0,0.467475
le pedimos a las pseudo-feministas sudacas que nos explicaran de dónde sale el capital para hacer sus pañuelos verdes y acabamos en el estado de israel  -alguna agencia de noticias verdaderas,1,0,0.4671867
El 99.5% de lxs que dicen feminazi son hombres desechados por alguna mujer que se empoderó y lo mandó a la mierda..,0,0,0.46915168
"@USER No entiendo, ahora siempre tratan de defender a los delincuentes. Que asco",0,1,0.5022076
Ahora vay agregar 2 minutos paraguayo culiao,0,0,0.38884825
"Por favor, que a éste le señor le metan a vivir en casa de algún político.",0,0,0.46667925
@USER jajajaj Las únicas pruebas que veo es que tú eres un retrasado genocida comunista,1,0,0.46864948
@USER Quién quiere moras??👹👹,0,0,0.4052279
"@USER Pues nada, que hablen árabe, ruso o swahili entre ellos.",1,0,0.42325205
"Tremendo este salto con inmigrantes hendidos por las cuchillas, flacos como presos de Auschwitz y sin nada que comer. La foto canta sola. LINK",0,0,0.43853003
"Y comida ,estudios ,sandad y dinero de bolsillo para gastos particulares, si les falta algo ya ellos se lo buscan en la calle.",0,0,0.4248758
"@USER @USER Ustedes las feminazis por norma y por estilo de vida demuestran su odio a los hombres, ya ni lo disimulan, no es la primera vez q tratan de hacerse las graciosas esparciendo su odio contra los hombres. No parecen q hayan venido de un hombre.",1,0,0.4642837
@USER ESTAY NERVIOSO PORQUE ERI UN PELAO CULIAO CHUNCHO CTM,0,0,0.4451732
"@USER Que un partido apoye la represión (algo inherente a cualquier Estado) no significa que sea fascista, utilizar los términos correctos es bueno para hacer análisis de la realidad correctos y no caer en ese tipo de errores.  No todo es opinable.",0,0,0.48431394
"@USER ... a Chile le pena un weon talentoso en el medio, eso de tener a los de arriba empezando las jugadas y luego picando a terminarlas no nos llevará a nada bueno, nos hace súper predecibles, si ayer jugamos contra unos malos qliaos y no se pudo ganar",0,0,0.4540057
@USER Si me pasó. La perra de la ex de mi novio hacia lo mismo lo chistoso es que el sabe que pongo & que no. Todas ridículas.,1,0,0.47434196
"Muy de acuerdo con el OP. Personalmente voto a VOX, y porque rechace la inmigración ilegal, no significa ni que sea racista, ni que me den igual los inmigrantes que vienen a nuestro país irregularmente. Me dan pena, pero no se les puede dar documentación así como así habiendo entrado ilegalmente. Lo mismo va para los que vienen con un visado de turista, se les caduca y se quedan aquí, eso también me parece mal y deberían ser expulsados.",0,0,0.46585798
"IDV le ganó 1-0 al Táchira en Venezuela. Se fue arriba al minuto 3, y aguantó todo el entusiasmo del local.\n\n\nAl final, con uno menos, resistió IDV, y a pesar de que empató Táchira, el VAR dijo NO por fuera de lugar.\n\n\nTáchira eliminó a Santos, pero parece que hasta aquí llegó.",0,0,0.43219873
@USER Cállate puta no grites,1,0,0.3942466
"Si te rodeai de payasos, no esperí que te tomen en serio po!!",0,0,0.41427884
En vez de fomentar trabajo y que la gente gane más pasta lo que hacen es pagar a otros.,0,0,0.41764838
"Disculpe, he sido muy crítica con este artículo y he fundamentado mis críticas, Ni soy un maltratador, ni soy machista, ni comulgo con muchas de las ideas del feminismo de cuarta ola. Si tiene usted problemas con los discrepantes de su propio género, no aproveche un debate sobre mujeres.",0,0,0.4328843
@USER Tan aweonaos que se ponen.,0,0,0.3914452
@USER Y pensar que hay imbéciles que siguen a este payaso.,0,1,0.5036957
@USER @USER  ME COLAO DE FACHA ES ALFONSO MERLOS LINK,0,0,0.38263783
Brutal y no saben lo difícil que es ser migrante 😔 LINK,0,0,0.41134283
"@USER En la película entendemos porque en el anime Onda está desmotivada, porque su antiguo entrenador le insistió jugar con las mujeres y porque comprende tan bien al ojeras. En el anime vemos q Onda motivada nuevamente y espero en los últimos capítulos ver a una como la película.",0,0,0.47704056
También acosan a quienes NO aceptamos sus discursos. Nos exponen en sus redes y si hacemos lo mismo se excusan con que son menores y mujeres.,0,0,0.478163
"@USER grupos de ultras que idolatran al Che,ese asesino,taxista y homofobo además de apoyar a los presos de ETA, anda como ustedes ...",1,0,0.4551006
@USER Conchudo no tienes sangre en la cara la escoria eres tú no avanzamos por personas que no suman entre ellas estás tú!,0,0,0.41415843
"Por que no pasa esto en mi país?
Chile culiao de mierda LINK",0,0,0.44432914
@USER @USER Martina no decís que soy yo porque te doy vergüenza? Ya sabemos quien va a ser la sudaca indocumentada 👩‍🌾,1,0,0.4771478
#NoticieroW | La retoma de relaciones con Venezuela no será de la noche a la mañana: exembajador Ricardo Lozano &gt;&gt; LINK LINK,0,0,0.44877127
"@USER Increíble lo ridículo y totalitario el pensamiento de izquierda feminazi:

Gente que no tiene familia y cuyo único fin en la vida es promover asesinato de inocentes (aborto) ahora pretende decirte cuánto debes ganar, cuando ser padres y cuantos hijos debes tener.

Sinvergüenzas",1,0,0.42206174
"Te lo mereces, eres un puto maricon de mierda y lo acabas de demostrar! Ya tengas mil uefas! Me alegro por tu derrota Emery 🖕🖕",1,0,0.4644107
"Greta Thunberg elegida como Persona del Año por la revista @USER. La derecha conservadora, la que la ninguneó, trató de mocosa y mandó a regresar al colegio, debe estar con espuma en la boca en estos momentos. LINK",0,0,0.40958554
"@USER típico de mariquita mala, resentida, gorda y malco que ni siquiera pone una foto de ella misma.",1,0,0.4523894
"@USER ls fascistas ls veo n ppsoec`s, y como tu pienso q hay q ser inplacables con ellos xq son criminales y no van a cambiar",1,0,0.4651053
@USER Haz patria y partele la madre a un sudaca.,1,0,0.39723292
@USER Llevar esa prenda de vestir puede suponer un riesgo de muerte para toda la gente que esté en un radio de 30 m de esa persona.,0,0,0.42222378
Así actúan los Comunistas con los DDHH LINK,0,0,0.46922496
@USER güera eres increíble una gran noche cantando y bailando contigo LINK,0,0,0.4402414
@USER cállate perra! unas birras después de toda la mierda familiar navideña?,1,0,0.43765107
@USER @USER Chile no necesita a la derecha maraca y traidora de chile fuimos. De que sirve sacar a mas derecha cobarde presta poto zurdo? Van a seguir entregando al pais.,1,0,0.45125896
"@USER @USER Seguramente los provocó, al tiempo....Siento vergüenza de compartir lo que séa con estos primates, nacionalidad, raza, color, pasaporte...
Estamos rodeados de hijos de la gran puta, que defienden a grandísimos hijos de puta. Con perdón de las putas, que no tienen la culpa.",0,0,0.4499688
Por cierto me hace muy feliz que este tuit haya puesto en pie de guerra a macarrones con tomatico contra el discurso Woke latinoamericano. LINK,0,0,0.47359383
"Qué Keiko Fujimori hablé de corrupción ahora, es de sirvenguenza, el burro hablando de orejas. Es lo peor que le a sucedido al Perú por muchos años esta mujer, su apellido es sinónimo de corrupción total.",0,0,0.43957222
lo personal es político pero no por ello tienes ke ir a una manifa ke convocan sindicatos de mierda,1,0,0.49360842
#ImportunicionEnTVN Después de #NuestroTeatroEnTVN ahora disfrutando de adaptaciones de cuentos chilenos! Que buen sábado por @USER,0,0,0.45623788
"@USER @USER Recopa sudaca, recopa Mercosur no la jugamos",0,0,0.44091314
@USER Esta es si duda alguna la mujer más sexi y hermosa del planeta ufff,0,0,0.43984145
"Lo mejor es trabajar uno sólo porque sino te critican de explotador pero en fin, siendo como es la gente te criticarán por envidia por ser muy trabajador",0,0,0.42983863
"3️⃣ Sriracha: la salsa picante de un refugiado vietnamita que conquistó Estados Unidos sin gastar un céntimo en marketing 😲\n\n\nSolo el primer mes, usando botes reciclados para almacenar su salsa, ¡logró hacer 1.000 dólares de beneficio!\n\n\n@USER\nLINK",0,0,0.47177604
"Diego Alves, a la afición del Valencia: ""Sois un desastre"" LINK LINK",0,0,0.3904037
JAJAJAJAJAJAJAJAJA CTM LINK,0,0,0.4306689
Este chiquillo con cada tuit más payaso. LINK,0,0,0.46030012
Y ahora me lo creo,0,0,0.4308482
"Puto hipócrita de mierda, el que no tendría ni para un taparrabos serias tú. Vas aquí presumiendo de lo bueno que eres, pero mientras te dedicas a comprarles juguetes de 400€ a tus hijos, cuando somos los demás españoles los que se los pagamos, porque tú no tendrías ni para la primera hoja del taparrabos, puto mamaracho. Limpia tu puta casa de ratas, puto USUARIO Y por último: El violador eres tú!! Puto comunista de mierda e hipócrita, que mientras vas de bueno aquí quieres violar a tú mujer mientras duerme, puto depravado.",1,0,0.46718797
"Curiosa la lectura de Puigdemont: un dia te dice que toda Cataluña es independentista, otro día te dice que tiene un escaño más que la suma de los partidos constitucionales.",0,0,0.46749339
Sáquenme de latam por que no quiero otra vez los mismos ideales de Chávez en otro país para que me dejen con menos del sueldo mínimo y me quite plata por lo que me esforcé 🤡 ustedes zurdos son un cancer la verdad y no soy de derecha para que me digan fasci…,0,0,0.44965312
"Histérica, puta y majareta: los insultos que los hombres españoles dedican a Greta Thunberg  LINK
Yo me quedo con el mensaje, sí, una puta cría 
Allá cada uno...",0,0,0.4399507
"Los culiaos celebras más que la chucha y la wea fue regala 
#PartyChilensisFtLaRoja",0,0,0.35267648
"Si se confirma ventaja de Keiko, Perú se uniría a Ecuador y a Uruguay en rechazar a la izquierda, dejándonos a los chilenos como únicos huevones del continente que le entregan el poder, no a cualquier izquierda, sino a un PC marxista, chavista, fidelista y nostálgico de Stalin",0,0,0.45073316
Mayoría absoluta independentista y aún mayor de las derechas.,0,0,0.43332595
"💪 #AquíVamos  |  Sercotec abre capital abeja para mujeres. #24HorasCentral

📡 Sigue la señal en vivo #24Play ➡ LINK LINK",0,0,0.45915398
"Zorra Colau,amante de moros,pensando en votantes.Si tú eres atea desgraciada!!! LINK",1,0,0.45276296
Casi pierdo el tren a El Soto por subnormal,0,0,0.46468392
Puta que son alaracos los Bolivianos #LaRojaxCHV,0,0,0.38209686
"@USER @USER @USER @USER Calla,guarra española",1,0,0.37937847
@USER Hubiesen sido 2 clásicos Ganados por la ctm hasta cuando termina esta maldicióoooon 😪,0,0,0.379245
"La cara de @USER en su reunión con @USER es un poema, me recuerda a la pequeña, delicada y loca de Greta ???",1,0,0.4254087
@USER @USER @USER @USER @USER @USER @USER @USER @USER @USER @USER @USER @USER @USER @USER @USER @USER @USER @USER @USER @USER @USER @USER @USER @USER @USER @USER @USER @USER @USER @USER @USER ... Comunistas😈 y zurdos/as !!! 😡🤣,1,0,0.40604177
@USER Malditos representantes que manejan todo no? 😁,0,0,0.4397247
"Y dónde están los ecologistas, naturalista, defensores del medioambiente y demás voceros tipo la loca posesa de @USER que no están YA trazando plaes de acción para ayudar en este desastre!? O como no es @USER o #Brasil NO necesitan montar EL SHOW de costumbre!? LINK LINK",1,0,0.46732846
"Hey! tanta gente hablando paja de las Feminazi y del ""supuesto ridículo"" que han hecho sobre la canción. Protesta es protesta y hay un millón de maneras de hacerla. Sino te gusta, pues no participes. Si quieres apoyar la causa, sugiere otra manera.",0,1,0.5020785
Gracias twitter por enseñarme tuits de hace 22h que no he vidto porque los quitaste de mi puta TL a la hora en la que fueron escritos :)))),0,0,0.4370814
"@USER @USER @USER Ahhh ese es Alberto Fernández, 🧐como todos los argentinos que llegaron  en barco,🤡🤡🤡",0,0,0.43457794
@USER o putón o facturo tu eliges xd,0,0,0.3863705
"No es ""su"" producto. Los cultivos pertenecen a multinacionales y les pagan una miseria que apenas les da para sobrevivir malamente. La canción no da visibilidad a sus condiciones. No quitaron la publicidad para arreglar problemas, tan solo para evitar las quejas.",0,0,0.4507267
"Soy una taza, una tetera, un plato hondo, un subnormal LINK",0,0,0.4443579
"@USER @USER @USER @USER @USER @USER @USER Si te lo dije, el limite es que no ha nacido, no tiene sensaciones, no tiene una historia, no puede vivir independiente mente y la mujer embarazada decidió no continuar. Intenta lograr esas condiciones en otro escenario, no existen. Literal solo aplica en este contexto.",0,0,0.43407404
¿Desde cuándo los jugadores de fut se volvieron tan homosexuales? twitter.com/publisportmx/s…,1,0,0.48830485
@USER @USER Qué espanto de presidente tienen los argentinos.,0,0,0.46266514
"@USER la nacionalidad mal otorgada y con comportamientos no adientes y sin voluntad de integrarse etc..se puede retrotraer, así que menos happy inmigrantes porque les queda lo que se quede Sanchez",1,0,0.3998131
@USER Buenas! estoy viendo la serie de la Canada fascista del HOI IV y no veo el capitulo 28 por ningún lado.Esta disponible en youtube?,0,1,0.5408542
"@USER @USER Hay una película en netflix, una mujer que defiende su depto, me olvide el nombre. Sigue bella, quiero ser así de viejita👌",0,0,0.4744972
@USER Tú eres mi puta.,1,0,0.4035933
"6/ Pero, más allá de la dominación económica y monetaria, Francia también usa la fuerza militar para seguir manteniendo el yugo colonial sobre estos países: solo en los últimos 20 años Francia intervino militarmente en Sahel, Guinea, Chad, Djibouti, Mali, Costa de Marfil y Libia. LINK",0,0,0.4511895
"En shock, nos acaban de avisar que el vecino, quien también tenía Covid, no resistio. No pudo más! Y falleció.

Ctm! Mi padre se salvo de milagro y ayer volvió a Casa.

Tengo sentimientos encontrados.",0,1,0.50881124
@USER Otra vez el Fraude Amplio legislando a favor de los delincuentes.... A alguien le extraña?,0,0,0.46015525
"cómo se consigue ese milagro de convertir a un raterillo del tres al cuarto en un yihadista aspirante a ocupar una plaza en ese paraíso lleno de vírgenes prepúberes? Pues no hace falta ser Premio Nobel para entender que todo el entramado de la yihad ha sido creado y financiado por los jeques saudíes a los que muchos en Occidente adulan y otros como nuestro campechano rey emérito se han enriquecido m?s que sobradamente. Y luego vemos a su hijo Felipe compungido y llamando asesinos a esos dementes, cuando bien podría usar ese calificativo con su propio padre que lleva décadas negociando los con autores intelectuales de los atentados yihadistas.",0,0,0.45827854
"Es tan importante visibilizar la lucha del pueblo Mapuche, una  lucha por mantener no sólo su tierra, sino también su cultura, su cosmovisión, su vida. #PautaLibre",0,0,0.44878983
"@USER Todo hay que decirlo grupos de argelinos, esa gentuza de la cuál estáis llenando nuestras calles",1,0,0.42376748
"Curioso al parecer las unidades que son las ""mismas"" pero cambiadas de género tienen diferentes habilidades, armas, color.. LINK",0,0,0.42523372
1er Festival de Blues Sudaca. Este jueves con cuatro Bandas de Blues Chileno. Es hora de apoyar y que nos acompaen. En La Juguetes nos vemos.,0,1,0.5180713
"Coño, como si tu te vas a EEUU con visado de turista y te quedas allí. Tan fácil como eso. Ahora si, olvídate de tener un trabajo decente sin papeles.",0,0,0.46802476
chamo yo quiero entrenaaaar,0,0,0.4130261
"Jair Bolsonaro reaccionó contra Greta Thunberg y la llamó ""mocosa"" LINK",0,0,0.3667028
@USER Pero del lado marroquí,0,0,0.38471085
El riesgo político acecha cada vez más a Silicon Valley LINK ¿Será Trump una amenaza después de que apoyaran a Hillary? LINK,0,0,0.4758316
Rezo para que tengas un fin de semana INCREÍBLE y lleno de bendiciones 🙏🏻🙏🏻🙏🏻 . . . . . . . . #ABOGADO #immigration #immigrants #inmigrantes #inmigracion #inmigración #jorgerivera #abogadodeinmigracion #casosdeinmigración #indocumentados #daca #t… LINK LINK,0,0,0.4383763
"@USER Te lo pido nuevamente! Ocúpate de lo tuyo! Haz cursos para mejorar en lo que haces, que eres patética! Y deja estos comentarios para los coherentes!",1,0,0.41117963
"Sacaron de la UCI a la DC, a ese mismo partido q inventó q los comunistas comían guaguas y q después hizo el golpe",0,0,0.43318576
@USER Musulmán... Viene con una paga incluida,1,0,0.4384959
@USER uf eso conllevaría a fregar sarten y tapadera y no se yo si me merece la pena por 2 trozos de pizza ?,0,0,0.4631239
"""Cuando el de los tacos te dice """"Uy no güera, ya se me acabaron los de pastor"""" LINK",0,0,0.39909422
"@USER @USER Por lo menos el hijo de ese weon va a ser feliz, porque tiene un payaso como papá",0,0,0.47417268
"@USER @USER @USER Así es, el @USER no debe olvidar NUNCA que esto fue un voto contra la extrema izquierda ignorante e intolerante, no es un voto pro DC
#EleccionesGobernador2021 #Elecciones2021CL 
Cc: @USER",0,0,0.41045865
"@USER Estoy herrado si pienso q España es 1 país de puteros? Espero q se olviden del hijos de puta, NO es correcto, bon dia Cristina como ves me he levantado bastante espreso y muy asqueado de tanto españolito de bien",0,0,0.43411928
Menuda banda de indocumentados sois @USER LINK,0,0,0.4311454
"@USER Como el tonto de zp, que al final tuvo que poner las concertinas, si estos solo saben de robar, no saben de llevar un país.",1,0,0.4708529
Mi goals mujer es tener una vajilla súper súper súper súper perra con oro ylm.,0,0,0.44357926
@USER @USER El cambio debe generarse desde el origen en los hogares se dedicaron a trabajar y darles lo mejor a sus hijos pero se olvidaron de lo más importante guiarlos por eso les fue tan fácil a los zurdos adoctrinarlos,0,0,0.45311424
"Rayos, me bloqueo el marica",1,0,0.4739884
"""Representa su mayor temor –una mujer feminista, empoderada– y la solución –el femicidio– para tranquilizar a su manada"".

¡Lean la nota de @USER sobre las complicidades machistas!  De a poco nos acercamos al carnaval definitivo ✊. LINK",0,0,0.45594656
"Como #BlackWomen Salvaron al Evangelicalismo Para los cristianos negros, el acoso sexual y la violacion son un problema tan importante como el aborto. LINK",0,0,0.4247605
"@USER @USER @USER @USER @USER @USER Me sorprende q los altos mandos d la PNP,NO se hayan manifestado respecto al libre ingreso sin ningún tipo d filtro d sujetos indocumentados,la mayoría d prontuariados delincuentes d procedencia venezolana q NO vienen a trabajar sino a delinquir,derramand sangre inocente d la PNP",1,0,0.3744012
"#Mundo ? | #Bolsonaro llama “mocosa” a #GretaThunberg tras condenar asesinato de indígenas 

- La activista se ha convertido en un ícono de la juventud preocupada con el cambio climático - ?️ 

Conoce los detalles aquí ?
LINK",0,0,0.45202702
@USER @USER Pues yo no veo que se obligue en escuelas el islam ni que las leyes vayan acordes ni que las mezquitas dejen de pagar impuestos como si hace el cristianismo. Que hayan más personas musulmanas en España no cambia eso.,0,0,0.497886
"@USER @USER Lamento decirte que así no funciona, los comunistas nunca asumen la responsabilidad de sus errores, lo hacen pésimo pero no es culpa de ellos, siempre otro es responsable, y se afirman con el populismo",0,0,0.45357078
"bitch, tu eres la perra' atte reb",1,0,0.41776758
@USER @USER Cuando el socialismo se apodera de las instituciones el buenísimo jode la concordia y los malos tienen ventaja. Manta de hostias y todos a la puta calle.,0,0,0.46928796
@USER A qué hora viene el aweonao de turno a hablar de los jesuitas?,0,0,0.43947586
"Tranquila, están a la espera de entrar a nuestro país 40.000 subsaharianos. Cuando haya más manteros y los pequeños comercios tengan que cerrar, ese día defiende a tus taxistas de corbata 👔 y tu libre comercio. Ideales? Vividores del postureo!   LINK",1,0,0.44667804
"@USER @USER El mismo partido donde ganó las elecciones una mujer @USER, y el patriarcado no le permitió ser presente del partido…🤣🤣🤣",0,0,0.4122547
"@USER @USER Jajajajajajaja , grande peluca!!!!! Pichula para el resto!!!",0,0,0.4464006
"@USER Esta es la clara muestra de que repiten como loros, son personas poco instruidas, ignorantes que tienen un discurso que hasta hace poco les servía. Pero ya no somos tontos, no nos tragamos sus discursos",0,0,0.43899077
Trump inicia en Utah la drástica reducción de las reservas indias y parques naturales LINK LINK,0,0,0.43671507
"El puesto d gobernador q hoy pelean 2 ZURDOS, es sólo un invento para agrandar el E° apitutar amigos, familiares y operadores politicos d los mismos de siempre.
Solo podemos salvar Chile en las parlamentarias donde debemos tener mayoría d derecha para #JakPresidente no hay otra.",1,0,0.40228108
una álbum de mora x badbu tiene que ser la ostia,0,0,0.45718473
"@USER @USER @USER @USER @USER Nadie te echará en falta. Desaparece de una puta vez, montapollos",1,0,0.38278073
@USER Lo de puta bien no? Ayyyyy:___),1,0,0.40012845
@USER pero mamona que no llega mejor inet a mi choza!,0,0,0.4064892
@USER La verdad me salen más comentarios de apoyo a la chama que al motorizado salvo uno que otro incel.,0,0,0.41444668
@USER Un informe pone al descubierto que la remontada del Barça és una treta independentista para acallar el juicio Millet i Montull,0,0,0.45640957
"Nos salvamos de una comunista ignorante y falta de respeto...el football es lo que nos va quedando y femuestra que juntos somos mejores, la izquierda todo lo destruye..no lo permitamos! #RespetoParaNelsonAcosta  @USER infeliz como diria @USER LINK",0,0,0.43553126
"no se como andará la cosa por ahí, pero si tengo q bajar a la calle con un grupo de tíos liandola y encima te dicen q bajes.. O bajas con palo o con cuchillo, y no a negociar, directamente a hacer daño, en dos palos bien dados y dos tíos en el suelo el resto empieza a pensarselo. El problema es la policia primero y el resto de días que tienes q salir mirando por las esquinas. Eso se soluciona solo bajando 10-15 vecinos con cara tapada y repartiendo fuerte, pq la policia en barrios medio que, hace poca cosa hasta q hay drama, y ya es demasiado tarde.",1,0,0.49337077
Con todo es racismo pasará como todo es facha..que al final perderá el significado y ya veremos,0,0,0.45934203
"@USER @USER @USER @USER Qué liberales y progres sois toda la escoria que intentáis defender un asesinato, Dios quiera que no le toque a un ser querido vuestro, veréis el asco que produce ver este tipo de comentarios. Sois patét",0,0,0.43431172
@USER @USER si lo es pero por desgracia metemos en la violencia de género cosas que no lo son,0,0,0.4267549
"@USER @USER Yo mismo tapé mi Rut, no sea ignorante. El Rut de la Cami lo dejé visible porque ella misma publicó su Rut.",0,0,0.4759045
Un juez federal suspende el veto de Trump a los inmigrantes y refugiados Las aerolíneas ya pueden aceptar de... LINK,0,0,0.44761375
@USER @USER @USER ha empezado el marica ese,1,0,0.3859222
"La culpa de los progres, que creen que si los países europeos invierten allí es un saqueo y una neocolonizacion. Luego se van al Starbucks del barrio chic de su ciudad y no piensan que los norteamericanos nos están saqueando ni colonizando.",0,1,0.5335193
"@USER @USER @USER @USER @USER @USER @USER @USER @USER @USER Yo amplio, los beneficios de estos visitantes del Magreb.Vienen sin documentos, disfrutan de una ciudad que no han cotizado para su confección.Sólo traen la intención, de apoderarse de lo AGENO. No vienen a trabajar, tenemos obligación a su mantenimiento TOTAL. CUAL ES TU OPINION",1,0,0.433669
Pues los perroflautas de tus amigos se han comido una 💩más gorda que tu retraso LINK,1,0,0.46384475
@USER Pero subnormal eso son 2 años y pico no 4 no sabes contar o qué,1,0,0.43763456
"@USER @USER @USER @USER Por una puta vez que me quedo callada me echáis mierda, pues no sabéis con quien os habéis metido.",0,0,0.4463432
"@USER feminazi ya sé que no, transfeminazi si jajaja",0,0,0.39231518
@USER dilo otra vez nazi comunista de mierda! di lo de al carre con otra de tus enajenaciones mentales!,1,0,0.45889565
que fuerte testimonio ctm me saco el sombrero por esa señora #chvnoticias,0,0,0.39047757
El asesinado es de nacionalidad venezolana. Estaba cerrando las puertas de una barbería cuando fue atacado por tres hombres que se movilizaban en un auto. Policía investiga si tiene relación con los hechos violentos suscitados en esta semana en la provincia #SantaElena LINK,0,0,0.4574644
@USER Tengo que descasetear algo ahora y le estoy sacando el poto a la jeringa,0,0,0.4437566
"Greta me parece una pendeja, y los otros 3,1 M son mas PENDEJOS QUE ELLA. LINK",1,0,0.41734096
El cuñado de Arrimadas llama 'fachas' a Cs LINK,0,0,0.37275875
@USER No me digas de verdad q crees q no hay nazis d clase obrera. Tú eres mejor q eso,0,0,0.42232805
@USER @USER Sapos Culiaos sin mar los Weones,0,0,0.41028243
"Fuese Martina echo cagando a ese ctmre, entero agresivo y barsa el.culiao petulante #VerdadesOcultas",0,0,0.40674052
"Leo las LINK y nadie sabe nada. Alexis Sánchez hace rato no es aporte. Aparte de sobrevalorarlo no saben reconocer cuando el wn tiene que ser cambiado . 

Si Lasarte no lo hizo, ni rueda se atrevió, lo hizo el destino . Vamos Chile CTM 🇨🇱",0,0,0.4365771
"@USER sigue enseñando cartelitos, payasa ??? LINK",1,0,0.4307532
"@USER Sabias que 2013 @USER ya era asesora y hacia campaña con #PapaCorazón Marcel Claude sabiendo que estaba demandado por NO pago de la pensión alimenticia a la ex esposa. 
que opinas de la feminista Karina Oliva? LINK",0,0,0.461457
"Mare meva, quin dia de Nadal els espera.....El cuñado de Arrimadas llama ‘fachas’ a Cs  @USER LINK",0,0,0.39868528
En el fondo me alegro por el subnormal de Emery.,1,0,0.4732887
@USER Pero quien coño es esa vieja imbécil que habla de mi marido. Ella que coño sabe a ver pero de que va la zorra esa,1,0,0.48813924
"Cómo se extraña al Colo Gil 😢

#VamosColoColo
#CCSERxTNTSports",0,0,0.42335224
@USER Solo porque es moro sino estaría en prime time.,1,0,0.46273002
@USER Ya me rompiste las bolas aunque sea en joda No te mereces este pais y la reconcha puta de tu madre,1,0,0.40755025
@USER Una mujer…o varias,0,0,0.3611714
@USER No me dan ninguna solución. Todos los días hablo con un ejecutivo y me dice que no se puede hacer nada. CÓMO NO VAN A PODER HACER NADA SI USTEDES ME DIERON DE BAJA EL SERVICIO DE LA NADA....INEPTOS!!!!,0,0,0.44373396
"""Este venezolano, sabe..."" comentario del socio cuando ven los resultados. 
Trabajo como consultor externo desarrollando un pequeño BI para uno de sus productos.
Siempre debes entregar valor a tu trabajo, no importa si es pequeño o grande... Eso habla mucho de ti...",0,0,0.45561388
"Tanto machismo, feminismo y mierda rara... Que cada uno haga lo que quiera.",0,1,0.5441193
@USER Very aweonao de tu parte,0,0,0.36215293
A los 13 eres niño/niña mas alla de la apariencia fisica... malditos pedofilos!!! #Nayareth,0,0,0.43859294
si esa señora fuese tu anciana madre te habrías unido al linchamiento.,0,0,0.4276284
"@USER No eres antivacuna, eres aweonao no más",0,0,0.38026673
"Cuando hagas esa relación, no olvides mencionar que nuestro rey emérito lleva cobrados 2200 millones del régimen salafista más poderoso del mundo, y sigue cobrando.",0,0,0.46251076
"Tu clase trabajadora ha votado masivamente a la ultraderecha españolista con una bandera rojigualda así de gorda. Y no os ha votado a vosotros, paladines de la lucha obrera. Me explicas por qué? Por qué les dejáis en manos del fascismo? Inútiles? LINK",0,0,0.43042606
Y este es el din,0,0,0.48572525
"Mauro la puta madre no te mereces irte de ninguna manera, lo voy a extrañar muchísimo",0,0,0.4366546
"MAÑANA‼️ No te puedes perder el Taller de imagen, video y Storytelling del Programa Marketing Digital para mujeres emprendedoras impulsado por @USER. 
Te esperamos. Inscripciones 👉LINK LINK",0,0,0.45293027
"Respeto eso de que seáis género neutro y tal y utilices la e aunque suene como el culo, pero en el español el masculino engloba al femenino.",0,0,0.45038626
"Otra víctima a manos de los delincuentes.. Asesina a mujer policía de pdi. Hasta cuando chucha ?
Malditos",0,0,0.44971037
Que pena que el mejor performance sea de unas vestidas. Que malos premios #VMAs,1,0,0.40814972
"Obviamente, @USER no iba a desvelar la nacionalidad de los 3 moromierdas que han abusado en Tudela de una niña.",1,0,0.42483371
"Ser homosexual implica que nunca hay agujero equivocado.

Punto para los gays.",1,1,0.534414
"Perra, pero callada, me gusta.",1,0,0.46756086
"@USER @USER Yo vivo al lado de esta toma llegaron con maquinaria pesada a allanar el terreno, tienen camionetas, SUV, fiestas y fuegos artificiales, ya sabes porqué, mayoría son venezolanos, haitianos y colombianos
Ahí se debía en ene 2020 construir un SAR para 10.000 familias de los cerros",1,0,0.4693267
"Ramirez vete de una puta vez, tu eres la lacra de este equipo y aquí estas de mas hace tiempo",0,0,0.41079894
@USER Verga chamo!! sacando la cédula 😂🤣😂,0,0,0.4412718
"@USER @USER @USER Eres un blandengue llorón que se excusa de su fracaso con que ha sido explotado. Explotados había en la  revolucion industrial, en las minas del África subsahariana, en la exclavitud, tu eres un vago de 7 suelas que va de explotado.",0,0,0.48032442
"Que Colombia no es como Venezuela, ni como Nicaragua, ni como Perú, ni como Chile...Pues sí, estamos de acuerdo, Colombia podría llegar a ser Peor, con el sociocomunismo más radical de Latinoamérica.\nCuidado con ese "" acuerdo nacional"", podría ser la mayor trampa de la historia.",0,0,0.48715657
CALLATE YA NO TE PUEDES ESTAR RIENDO CADA PUTA FRASE CALLATE A LA VERRRRRGA YAAAA,0,0,0.42706987
"Bolsonaro tilda a Greta de ""mocosa"" y ella lo asume en Twitter LINK vía @USER",0,0,0.4034525
Ser inmigrante en la era Trump: la experiencia de una docente argentina LINK vía @USER,0,0,0.46025267
@USER Yo escupo en la constitución franquista del PP. Es una basura que nos queda del franquismo como recue… LINK,1,0,0.43822563
"Yo hubiese puesto y una polla como una olla, pero no todos podemos ser poetas. LINK",0,0,0.42023104
@USER No soy indepe pero soy referendista No soy racista pero los rumanos roban cable No soy homofobo pero no está bien que se besen por la calle No soy machista pero las mujeres se aprovechan de su físico para subir No soy de derechas pero si trabajasen podrían pagar la luz. Jordiiiii,1,0,0.43464473
La Fuerza Civil de Nuevo León investiga el video donde 6 jóvenes detenidos interpretaron el performance #UnVioladorEnTuCamimo; se perfila que fueron obligados. LINK LINK,0,0,0.44323716
"pobres, se arriesgan en pateras porque huyen de la guerr.. Ohh whait..",0,0,0.43411976
@USER Callate puta. Ya te dije no sirvo de amiga,1,0,0.42543072
Ante la triste noticia de la repentina muerte de Carme Chacón. Nuestras condolencias a  @USER y a toda la familia socialista.,0,0,0.41551572
Las selecciones de Colombia y Venezuela buscarán mañana la medalla de oro en el fútbol femenino de los Juegos Bolivarianos que se disputan en Valledupar. Colombia con el empate será campeón. 8 goles a favor 1 en contra. 6 puntos. @USER @USER @USER,0,0,0.4416651
"@USER @USER @USER @USER O sea, no tienes idea de lo que escribes y claramente no tienes idea de historia,payaso muerto de hambre,insisto idiota,no se de que nos vengariamos si ustedes no le han ganado a nadie nunca,salvo cuando se aliaron con brasil y uruguay para atacar entre los 3 a paraguay, cobardes",0,0,0.4338678
@USER Que mal le hace a las mujeres este tipo de mina que se hacen noticias por cuantas relaciones con hombres famosos. Pobrecitas,0,0,0.42198431
"Mira lo qie te digo. Me da igual que sea gabacha, pero eso de ser Weasley como que no.",0,0,0.4913984
"@USER Y que calidad moral tienes tú para criticar a todo mundo, si el juega basura tu eres una basura hijo de perra",0,0,0.44581127
"En Barcelona un grupo de inmigrantes indocumentados agrede gravemente a un turista norteamericano qué defendió a una mujer acosada por estos bandidos,tan poca hombría tienen los españoles qué no defienden a sus mujeres o son como la manada.?",1,0,0.4172528
"@USER LINK Mejor llama a @USER, alli tu opinión tendrá algo de valor. Una oportunidad de oro desperdiciada en la anterior legislatura, con esa estupida idea de ""no vamos a pactar con el PSOE""....y ahora dices que si.... os quedan 2 telediarios",0,0,0.4637948
Eduardo Mendoza sobre esta ingenuidad independentista de llamar democracia a un referéndum ilegal. LINK,0,0,0.40644565
"@USER @USER @USER @USER No, me refiero para que voy a ir a fiscalía si está demostrado que delincuentes del estallido son liberados a solicitud de los fascistas que avalan a los fascistas, por lo que presionan a traves de marchas fascistas

 #PrimeraLínea @USER",0,0,0.4302848
@USER @USER @USER Dos weones que el único lugar donde han pateado una pelota es en la consola de play. Además hace rato que estos programas hablan más de lo extra que de lo futbolístico,0,0,0.4614404
"Sin lxs independientes, la oposición vale callampa.",0,0,0.41726542
"Te voy a enseñar lo que es una perra, PERRA.",1,0,0.45804736
@USER no te dejas ver pue chama,0,0,0.3981693
"@USER El problema de ser un imbécil no es serlo,es demostrarlo. LINK",0,0,0.44707057
"""¿Las mujeres son más campesinas? Un estudio sobre persistencia campesina, trabajo y género"" por Daniela Pessolano. 

DOI: LINK LINK",0,0,0.4574137
@USER @USER @USER @USER Este debe ser de los weones que usan el libro negro del comunismo para debatir.,0,0,0.47975904
"Sara sufrió una caída que ocasionó la pérdida de su embarazo de 8 meses.
Estuvo presa casi 10 años porque el Estado la acusó de homicidio en un país donde el aborto está radicalmente penalizado.
Por casos como el de ella y muchas otras es que el aborto debe ser legal. LINK",0,0,0.40944964
Delincuentes redactando algo que no entienden? la declaracion se la escribieron del PC..  Los 34 son los monos del PC LINK,0,0,0.48948473
"Expulsaron 25 delincuentes venezolanos, solo faltan 1.199.085 ...",0,0,0.39491156
Ese nefasto invento de los planes hace que toda esa escoria violenta tenga tiempo para inventarse guerritas imbéciles en lugar de invertir su tiempo en pensar cómo van a obtener un ingreso legal y honestamente (trabajando).,0,0,0.4676389
@USER @USER Iván mejor trabaja pedazo de imbécil deja de paracitar en la politica escoria inutil LINK,0,0,0.41385803
Coincido. Vivo cerca de las Aguas y pareciera que esa federación de deportes festeja todos los días desde el 27. Mis perros y gatos están súper nerviosos. Si van a fregar que lo hagan en un solo día. ? LINK,0,0,0.44848803
AL CHARLESITO NO CTM #PartyChilensisFtLaRoja,0,0,0.40750372
@USER Que le den a la puta corona...!,0,0,0.4295584
"Se puede ser subnormal y ya, pero ser subnormal y del Real Madrid ya es pasarse xD",1,0,0.44770575
"Estoy viendo los resultados de las elecciones en Peru y no puedo creer que la mitad del país quiere el maldito Comunismo.. Así está divida la gente. 
La TV tiene que ver mucho en esto y en el lavado de cerebro hacia la población…
Chile debe estar igual. 
Gracias a Dios no veo Tv LINK",0,1,0.5293138
"""Eres tan peste negra, eres tan feria de abril"" LINK",0,0,0.41465494
"És que tenemos que estar pendientes de donde están estos terroristas ,?",0,0,0.43049768
#LaRojaxCHV vamos CTM!! Más que nunca necesitamos otro gol para Chile,0,0,0.4383048
@USER Yo te sigo porque eres el único facha con algo de gracia de todo Twitter,0,0,0.47282264
@USER Así sera y en bandeja de plata el que pidan asilo político,0,0,0.42595723
"19:30 hrs. ya se sabía el ganador de la RM y otras regiones // los peruanos llevan más de una semana sin saber aún que leviatán los gobernará...
eso es progreso y desarrollo q solo se consigue en países con estándares estables y confiables, como aún lo es Chile
#VOTACIONES2021",0,0,0.46428233
Alomojó el tío ese no apoyaría a los nazis si el vecino no les hubiera invadido el país por la puta cara.,0,1,0.50170475
@USER Ese tío es subnormal !!,1,0,0.39341313
"@USER Cuento suyo....Vote x Orrego sin miedo, para safar de los zurdos hiperventilados.",0,0,0.4733018
"@USER @USER @USER @USER @USER  imagino la alegria de los editores de noticias y los malditos periodistas festejando la muerte de esta martir de la PDI,les cuesta mucho decir que fue asesinada,ustedes no estan por la ley y el orden por que pierden financiamiento !!",0,0,0.39399788
"Menuda hostia tenéis las personas que pedís un ""día del hombre"" y los que habláis de feminismo sin tener ni zorra",1,0,0.47883505
"@USER CÁLLATE CARA DURA HIJO DE TU PERRA MADRE, me clavaste el visto después de 3 mensajes preguntándote que te pasaba, te voy a dar un trompon gil.",0,0,0.48880965
Claves para detectar si eres GAY LINK LINK,0,0,0.43603772
"Porque es maricon, ha salido de la cantera, y eso concuerda mucho con la gran cantidad de pierdeaceites que hay en… LINK",1,0,0.46562442
"@USER Tienes razón mano, saludos de un venezolano en chile",0,0,0.45976916
"@USER @USER Lo de las chulerias con Marruecos y Argelia nunca nos ha funcionado(a Francia tampoco por cierto)Hay que tener en cuenta que como país no tenemos fuerza ninguna y no tenemos nada con que presionar,bravuconadas las justas,ahora hay que ser intelingentes,claro dudo,seremos NoListos",0,0,0.42691484
Lo que se consigue con empresarios canallas y masiva inmigración ilegal que permite bajada de sueldos y de derechos laborales por la enorme oferta de mano de obra barata. Y los políticos la mar de contentos. LINK,1,0,0.44351426
@USER Tiffany callate la puta jodia boca antes que vaya para Orlando a cagarme en tu madre por puta y des… LINK,1,0,0.43481398
@USER nadie dice lo contrario... el mercado de las prostitución es unos de los mas sangriento para las mujeres.... ya que están se ponen al servicio del patriarcado en su peor versión,0,0,0.44492522
"@USER Un completo ignorante Castillo, dice cosas sin sentido alguno, un horror para el Perú",0,0,0.40874702
"@USER @USER @USER,tu eres una puta,tu madre otra puta,tu abuela otra puta,me cago en tus muertos m… LINK",1,0,0.42349657
@USER  :has puesto fascista y comunista pero esqe yo soy taxidermista.,0,0,0.47810918
"Pueden haber ciertos problemas entre mujeres, obviamente, pero jamás mi protagonista denigrará a otra mujer por un hombre. Tampoco, en los otros libros que escriba, mis protagonistas serán sumisas. Escribo y veo en mi mente mujeres independientes, sororas y poderosas.",0,0,0.4340847
"""¿Y si """"devolvemos"""" Ceuta y Melilla y así dejan de saltar la valla? LINK",0,0,0.4580711
Malditos Sudacas @USER @USER LINK,1,0,0.38160494
Ctm están ordenaditas de quien salió primero aldkskkdks 😍💕😍💕 LINK,0,0,0.3537297
"@USER El acoso es culpa de los hombres, ustedes deberían de poder vestirse como les venga en gana: no es no y punto",0,0,0.44826195
@USER 'Profe al final no te puedo enseñar mi polla salterina pero te puedo mostrar un testiculo que grita.Apruébame anda',0,0,0.47903314
@USER Espera apenas estoy en el primer cap cállate ya la puta madre,0,0,0.39036343
Welcome,0,0,0.4284173
"""La Policía asegura que los niños apenas tenían agua, ropa y comida:  """"Parecían refugiados de países del tercer mundo"""" LINK",0,0,0.40825006
"Alguien alguna vez se tomo el tiempo de ver quien es esta mujer? Bueno haganlo, se llevaran una sorpresa.Creo que lo que mas necesita Chile es que sus ciudadanos lean y se informen. De otro modo seguiran siendo presa de la Elite. Estos estan todos emparentados. Por eso se coluden LINK",0,0,0.42273778
"Creo que si Orrego gana, va a ser por poco margen. Oliva puede ganar con más del 60%. Lo dejo escrito porque las predicciones valen ya callampa y nadie se hace cargo de nada, no voy a ser menos.",0,0,0.47244188
Qué mierdero chama 😂,0,0,0.39790204
@USER Q ya lo sabemos callate ya puta,1,0,0.421865
Algún día me voy a casar con Puerto partida (Soy un marica digo soy un cobarde),1,0,0.40385407
Es su gran oportunidad Masistas y Feminazis de unirse en Mordor! ? ? ? LINK,1,0,0.42523792
@USER @USER Este es el maricón de Aida?,1,0,0.47043583
"&lt; por mí “amigos antes que furcias” fue la respuesta. En el momento que tuve novio, dejé de ser como un colega más, mi parte de “chico” dejó",0,0,0.4257951
"En México te puedes reír de los pobres, ricos, fresas, prietos, güeros, pelones, negros, nacos, ancianos y homosexuales...ah pero no se te ocurra reírte de un gordo, porque se te va el 98% de la población encima. Es un crimen ofender a un gordo, en un país de gordos.",1,1,0.558352
@USER @USER @USER coño esq me la sudan bvuestras conversaciones de monguer yo solo queria chall ''JUSTICIEROXXX'',0,0,0.35775274
"@USER @USER Que gente mas patética si quieren enseñar la polla que lo contraten en un puticlub aquí en las redes NO , patético , ridículo......",0,0,0.47562438
Cuando la feminazi descubre que es feminismo y no feminisma LINK,1,0,0.3897906
Elecciones en Perú:  la amenaza de Pedro Castillo de expulsar a venezolanos afecta directamente a Chile. LINK,0,0,0.42840225
Tufillo a voxer que tumba..todo el atraso de lo peor del siglo XX es un mochilas.,0,1,0.50907654
"@USER @USER @USER ¿Por qué cojones respondéis aquí en un hilo donde se ridiculiza al feminismo y nadie os ha hecho mención pero nunca en las menciones arrobapolicía donde se cometen delitos?   Menos cháchara y a trabajar, que os pagamos para algo.",1,0,0.47649494
"Estoy en el médico, y dice una señora:
+Yo llevo aquí todo el día, pero no me tocaba y me he ido a fregar los platos.",0,0,0.41774926
Y justo me tengo que apellidar Martins jajajaja. Moreno culiao.,0,0,0.44163287
Que gran equipo y que afición tan miserable 🤔,0,0,0.41102433
quien creó las matemáticas y sobre todo los LOGARITMOS CTM wn,0,0,0.37786755
"@USER @USER @USER No ctm ellos mismo lo dicen día a día, ahora si vo soy un ignorante culiao es tu problema así que callate mejor ctm",0,0,0.450053
"justo iba a comentar eso, pero al final decidí pasar porque discutir con esa gente es como chocarte contra un muro. Es que ya ni disimulan mínimamente para tapar ciertas noticias, ""spam"" cuando tengo 2 envíos de esa web de un total de 88. No sé ya qué clase de gentuza hay que ser para defender abusos a menores abiertamente y no caérseles la cara de vergüenza.",0,0,0.48995912
@USER @USER @USER País con ALEMANES po gil... donde al menos pagan sus cuotas de socio,0,0,0.37560254
"“Chávez, el ardiente feminista”",0,0,0.39087033
@USER @USER @USER Manja rola de qué chama !,0,0,0.40088823
"La persona más racista que me he encontrado en Australia ha sido un indio de color pro trump,contra si mismo y cualquier raza discutiendo 1h",0,0,0.419033
"Esto es basura informativa. Hay que ser más consciente de la responsabilidad que tenemos trabajando como periodistas y difundiendo determinadas noticias, con este tipo de titulares tendenciosos. xDD si un negro degolla a otro no se puede decir.",0,0,0.47045097
"@USER Bueno respecto a lo de ""guapo""... el que echó la semana pasada es más guapo que él 😅",0,0,0.48042527
ONLINE EN LINK Thalia peliroja canchonda en busca de una polla bien guarra ...#sexo por #webcam 🚨 LINK,0,0,0.49173632
"Princesa tu puta madre, trae a mi conejita, no te mereces mis mimos ni mis besos. LINK",0,0,0.4141256
Acusan a las ONGs de complicidad con los traficantes de personas en el rescate marítimo de inmigrantes LINK,0,0,0.43830702
@USER Por aquí siempre la amamos en permanente situación de explicar y defenderla del machismo incluso de las mujeres más brutal desde el inicio del tiempo. Es una tremenda y exitosa mujer!,0,0,0.41975936
@USER @USER Ahora pasme un video de dalas sobre el feminismo y ya me pego un tiro,0,0,0.47116137
Pierden todos los peruanos. Lastima. Ese señor Castillo no sabe ni hablar. LINK,0,0,0.40704635
General Raul Isaias Baduel convoca al desafio politico desde la carcel Abril2012 LINK 153 PronunciamientoMilitar ^,0,0,0.41624913
"SOMOS MUCHO MÁS DE LO QUE SUEÑAS SER PINCHÉ SUDACA CAGADO, y si no te gusta dime donde nos topamos pa reventarnos el hocico 1:1 @USER LINK",1,0,0.42571044
me saqué un 9 en el final de biología para vos hija de puta q no me quisiste promocionar por unas centésimas EN TU CARA Y EN TU CANCHA,0,0,0.445487
"@USER @USER Pues claro. Siempre diré que las cosas no son ni blancas, ni negras. Ni siquiera tienen por qué ser gris. Pueden ser tu propio color 😊",0,0,0.4572569
"#AEstaHora, en Villa del Rosario, Norte de Santander, lanzamos la campaña #ContraLaTrata #PonteElCorazónAzul. Este municipio fronterizo con Venezuela tiene alto flujo de población migrante y aquí queda “La Parada”, espacio de contacto y captación de víctimas de trata de personas. LINK",0,0,0.44833577
@USER claro si los q la sacaron fueron los peruanos q venden sopaipillas y los ambulantes delincuente del paseo ahumada,1,0,0.38315958
"Mientras los inmigrantes ilegales invaden nuestro país y agreden violentamente a la Guardia Civil, Interior mantiene el plan de retirar las concertinas en las vallas de Ceuta y Melilla #SánchezLárgate LINK",0,0,0.44758993
@USER Yo pondría a los colombianos y colombianas 1.,0,0,0.36798105
@USER ja! en verdad eso crees? tu eres la que no aguantaría hacerme un paizuri sin enamorarte de mi polla,0,1,0.5047014
"Si sales del país en compañía de #MenoresDeEdad, ten en cuenta estas recomendaciones que te hace Migración Colombia. LINK",0,0,0.42405182
@USER @USER OSEA ESO QUE SON DOS MARICONES MEJOR HM,1,0,0.43727437
@USER @USER @USER Buenas tardes una consulta.Que vacuna están colocando como primera dosis a mujeres en periodo de lactancia? Gracias,0,0,0.49353313
"@USER @USER @USER Los amaestrados por Soros y la teoría globalista, etiquetan de racistas si verbalizas la debacle de meternos lo mejor de Africa el delincuente mantero, Mbaye senegalés llega y monta un sindicato manteros, actividad ilegal, y hoy pone verde a los españoles como diputado jaja SIGUE LINK",0,0,0.44653723
"- Puta gente nacida después de 1989, que imbécil es. + Tú eres del 94, simplón. - Eso, dame más motivos para odiarlos.",0,0,0.47449556
#TITULAESNACIONALES: Interpol captura a deportado salvadoreño que es acusado por los delitos de violación y acosos sexual,0,0,0.45194322
"Desbloqueme, dale zorrita. Sabes por qué te cagué a palo? Por puta, te merecías la cagada a palo' Lo que uno tiene que escuchar en la calle",1,0,0.42921272
@USER @USER Yo no digo que tú seas nazi. Però sí que esos nazis son españoles.,0,0,0.4663052
"@USER nunca lo imaginé, quieren hacer lo mismo que hicieron los venezolanos",0,0,0.42347163
Que la UGT y la patronal manden el mismo mensaje es como poco de risa.,0,0,0.4498903
"@USER Chupasangres como tú que prefiere mamar de la teta del Estado, haciendo como que trabajan para él y victimizarse constantemente por no tener lo que otros se han ganado con esfuerzo.
Parásitos de mierda que reclaman igualdad o no conocen la definición de equidad.",0,0,0.47896174
@USER @USER @USER @USER Vamos chilenos 🇨🇱🇨🇱🇨🇱🇨🇱🇨🇱🇨🇱🇨🇱🇨🇱🇨🇱,0,0,0.39799362
Paren de poner a venezolanos arbitrando.,0,0,0.41473594
Man que tráfico tan maldito,0,0,0.43319404
"Esa lógica confusa donde tu habla extranjera derrite mi Mexicana vida de no saber qué dices ... pero si voy espero no me contagien, o igual me pinto los chinos de Güero. (Es sarcasmo)🤭",1,0,0.42947388
No tardarán mucho.. ya están expropiando y obligando a alquilar casas,0,0,0.46679926
Un currículum de puta madre para servir carne de rata en burger king. porqué tu eres el King de los gilipollas.,0,1,0.51930404
"@USER , alias “Gestitos”. Eres una payasa de primera! Vas a perder los 4 de la banda que quedais en el Parlamento con esas formas de mierda q tienes",1,0,0.48025745
"Que bonito es Lara, Dios mío que bonita es Venezuela.",0,0,0.464299
"Ojala algun dia CHILE y los CHILENOS abran los ojos respecto a la Democracia Cristiana, son personas que podrian vender a su Madre por poder y dinero. Apoyaron la Dictadura. Iban casa por casa mostrando a los partidarios de la UP. Y en este gobierno han apoyado al Infeliz en todo LINK",1,1,0.5443431
"Qué asco me dan los que se creen algo porque un montón de monguers les endiosan por el simple hecho de ser subnormales, como los youtubers.",1,1,0.504254
"que horrible cuando te preguntan qué vas a estudiar y te empiezan a tirar abajo, la puta madre ni siquiera terminaste el secundario callate",0,0,0.43771708
que asco me da la puta gente que campea y hace el guarro en fortnite espero que si tu eres alguien de ellos dejes este juego ya:/,0,0,0.40297362
"fernanfloo no as hecho lo que te dige de geometry dash que juegues otro nivel que no sea online o eres marica, puto miedos de mierda maricon",1,0,0.3975811
quiero decir bastante y caritas,0,0,0.41380745
Un guineano de 24 años presuntamente abusa de una turista sueca. ¿Dónde están…? LINK,0,0,0.40637013
"@USER @USER Si, y ek siguiente papa sera negro jajajajajjajaj",0,0,0.40722352
"@USER @USER Payasa mocosa, títere del progresismo comunista.",1,0,0.41299748
"OYE Y YA, LOS FACHOS SE MANDAN A CAMBIAR DE MI PERFIL, NADIE LES ECHÓ MANÍ.",0,0,0.43289727
@USER Ustedes son delincuentes defendiendo delincuentes,0,0,0.40162677
@USER Tu te as ido por que no tienes ni puta idea de lo que es un hombre de idea tu eres un chaquetero fascista naci,0,0,0.41593337
"@USER Pues lo ideal seria, todo al mismo contenedor, luego contratar inmigrantes, ponerlos en una gran cadena y hala a separar. Resulta que reciclas el papel que has comprado y luego lo vuelves a comprar. Alguien se lleva el beneficio pero sin trabajar.",0,1,0.5476113
@USER Tu eres mi lady zorra barata,1,0,0.43749094
@USER Estas son las joyitas que tenemos en el congeso. Una manga de ignorantes populistas. Competencias mínimas para ser legislador es lo que se necesita.,0,0,0.4603321
Reconocido político colombiano ratifica respaldo a Gustavo Petro - Prensa Latina LINK,0,0,0.39780554
"En estos dias por Tik Tok aprendí que el permiso que deben sacar los chilenos pa entrar a USA cuesta el módico precio de: 14 dólares solamente.

I mean. Nos vamossssssss. LINK",0,0,0.42293194
Puta el weon maldito #MeaCulpaEnTVN,0,0,0.37988946
@USER Ninguna mujer es puta y el que lo diga es un rancio 😁,0,0,0.40347433
"Feminista y Plurinacional, que recoja las mejores aspiraciones de los Pueblos que salieron a las calles, que se manifestaron y que en el proceso de emancipación popular, han logrado romper el binominal y abrir el camino a nuevas fuerzas organizadas.",0,0,0.4597487
"Pues a mi me recuerda tus diversas lesiones graves y me descojono, subnormal. Acabado. @USER @USER @USER",1,0,0.440313
"Uno defendía a los comunistas en toda instancia, pero desde el estallido, la cantidad de post-verdades, el descrédito a los demás, el escribir un relato que no es, al incluso desconocer donde participaron y fueron parte, llega a niveles insoportables. Faltan el respeto a todo.",0,0,0.4444717
"""No hemos conseguido una mayoría alternativa al bloque independentista"". La reacción de Iceta tras las #EleccionesCataluña LINK",0,0,0.38406187
@USER @USER @USER No es un tema de “migración”\nSe está apoyando a los refugiados.,0,0,0.4006043
"@USER @USER Y nosotros reciclando y separando basura...

Y la Greta loca, haciendo mutis por el foro.",1,1,0.56203604
Diosmio qué cantidad de venecos profesionales pridiendo plata en las kys 😞\n\n\n*Cof cof*,0,0,0.40395296
"Malnutrición, infecciones respiratorias y malaria: el panorama de salud de refugiados LINK LINK",0,0,0.42122176
"@USER @USER No firmes. Y denuncia. Simplemente, he dicho lo que dice la ley. Por tanto, indocumentado no soy, al contrario. Es fundamental que el trabajador sepa sus derechos y los deberes del empresario.",0,0,0.46314657
Eso. #BoicotalosGoya. ¡Son una panda de antiespañoles! Mejor pedimos un Burger a domicilio y vemos la peli esa que me he bajao que...,0,0,0.45310077
Jair Bolsonaro ‘no se corta’ y arremete contra «la mocosa» Greta Thunberg LINK,0,0,0.37178916
@USER Que tipo más ignorante y cegado por su creencia religiosa y pensar que existen personas que piensan igual que este sujeto,0,0,0.4281369
"porque las multas sólo sirven si ingresas dinero y lo declaras. Si no declaras nada las multas no significan nada, no sirven para nada.",0,0,0.48375073
"Por puta te mereces tremenda paliza, nadie te quiere mijaa",1,0,0.4028571
- Callaté Visto Que Te Dejo En Puta🎤🎶,0,0,0.43792325
"LOS SUBSAHARIANOS, CAMINAN BAJO EL SOL DEL DESIERTO COMO PALOS INCLINADOS DE GIACOMETTI (LO QUE LE ESPERA KAFKIANAMENTE AL EUROPEO)  LA LEY DEL MÁS FUERTE DE LOS TÉCNICOS DEL MEJOR POSICIONADO  TÚ PUEDES PENSAR QUE TODOS SON BUENOS TODOS SONCOMO MOSCAS  SITUVIERAELMISMOARDORJESÚS",1,0,0.47207502
@USER @USER @USER @USER SOIS UNOS FASCISTAS! OS METÍA EN UN CAMPO DE CONCENTRACIÓN Y OS EXTERMINABA! JAJA (zumbaos),1,0,0.37138352
"@USER Pues voy a hacerme todo el brazo izquierdo en blanco y negro con toques de color. El dragón será todo negro con reflejos rojos, por ejemplo.",0,1,0.5616133
Vuestra enfermedad con la catalanofobia llega a límites insospechados. Luego os extraña la antipatía que despertáis LINK,0,0,0.48769453
"Fiuu madre mía.. cuanta tensión hay en ti, que falta de percepción de la realidad y que bajos conocimientos de la mente humana. Sin duda alguna tú necesitas algún tipo de terapia para poder comprender que casi nadie nace tan ""gilipollas"". y por tanto necesitais un cierto tratamiento.",0,0,0.4608102
"@USER Todos contra la marxista ignorante Karina .
No queremos mas comunistas como autoridades .
@USER 
@USER 
@USER",1,0,0.42452982
"@USER @USER Por tanto tú verás que defiendes o dejas de defender, pero el concepto de justicia te lo estás pasando por el forro, al igual que hicieron esos jueces, los cuales merecen irse a la puta calle simplemente por pasarse por la piedra conceptos como el indubio pro...",0,0,0.46383888
Esto mismo digo.... Como vamos a reducir haciendo cual o tal cosa contraria lo normal.... Feminazis no las queremos en el poder. LINK,1,0,0.4319983
Prefiero guerra civil antes de entregarles el país a los narcos y comunistas. LINK,1,0,0.42059878
"6 subnormal JAJAJA no sé que indirecta ponerte dani, me vas a aborrecer a este paso",0,0,0.40217572
"@USER A cada rato,los chamos hacen noticia en Perú ,todos los días.por su bien deberían ir a su país,de verdad nadie los protege su embajada no dice nada,son seres humanos .se equivocaron de País .PERU es un país pobre tercermundista dónde reina de todo ,la cuál ya estamos acostumbra",1,0,0.45893553
"Sorry si no he seguido a todos quienes me siguen, pero a veces se me pasa. Avísenme, por favor.

Pero si eres comunacho, no te sigo por hediondo, por feo y por acéfalo. 🤷‍♂️",1,0,0.41550896
"@USER @USER @USER @USER @USER @USER
Entonces??.... hablamos de generar leyes a BENEFICIO y por intereses de los POLÍTICOS, y no necesariamente pensando en el beneficio hacia LOS CHILENOS??...... ESTO NO LO ACEPTO!!....",0,0,0.43216553
"Una pena la muerte de Carmen Chacón. Una político del @USER  que caía bien, también a los miembros de la oposición. DEP.",0,0,0.41103157
Y no quiere que los devuelvan a sus países. Encima con síndrome de Estocolmo. No espabilados.,0,0,0.4973515
Ayyy cuánta fuerza en esta mujer 🥺 LINK,0,0,0.37971285
"Parecer serio en una Fotografía esta mal? Nada les gusta…
Malditos maricones! 🤷🏻‍♂️🤷🏻‍♂️🤷🏻‍♂️🤦🏻‍♂️🤦🏻‍♂️🤦🏻‍♂️",0,0,0.45170242
Las mujeres son libres de vestirse como se les de la puta gana. LINK,0,0,0.43373537
"Mko es que después las mujeres preguntan por qué uno es asi, que pereza hermano a lo bien",0,0,0.40535098
El güero de fiesta jajaja el problema no fue animarlo sino después calmarlo #funweekend LINK,0,0,0.38330734
@USER Chile solo un 25%votara Jadue...aca somos indios pero no weones,1,0,0.47072813
"@USER Papi como digo yo, diles. Vayan a mamar",0,0,0.41911182
"@USER @USER @USER @USER @USER Capturas +20,04% - 10.135 ciudadanos venezolanos capturados en 2022.\n\n\nDelitos por los que más son capturados ciudadanos venezolanos:\n\n\nTráfico o porte de estupefacientes 3.492 capturas.\nHurto a personas 1.301 capturas.\nHurto a entidades comerciales 842 capturas.\n\n\nSigue #hilo 👇 LINK",0,0,0.40424946
Sentencia Caso Arandina: Convocan dos concentraciones en defensa de los exjugadores de la Arandina condenados LINK,0,0,0.44749746
"Resumen comidas Navidad con familiares de +50 con Facebook:

•Fake News, Comparaciones, Podemos caca, Greta la loca, Catalunya, Viva el Rey y el orden,carne, carne, carne, unga. 

Dame paciencia señor. Klaus.???????",0,0,0.42857808
"Eso de que no está haciendo daño a nadie, mis cojones. Está quitando ventas a las tiendas que venden legalmente. Competencia desleal.",0,0,0.48617342
"mira, me cansas, cállate q no tienes ni puta idea de nada LINK",0,0,0.4176167
"Basta de italianos en los pits de Ferrari, consigan unos inmigrantes que son los que saben.",0,0,0.47610176
"Mujeres feministas, podrán tener la razón en todo, se los concedo, pero hasta que no te pica un koko y te lo rascas no sabes lo que significa la libertad!!!! Corta!!!!!",0,0,0.43812206
"@USER Es una mujer mayor, de otra generación y otra sensibilidad, aun así, mantuvo cordura y declaró disposición al dialogo. Convenza o no, a algunxs, el pueblo o los pueblos son más amplios y diversos que nuestros nichos y en ese ecosistema se gobierna.",0,0,0.4253419
"Llevan  dos horas mirándose el ombligo los santiaguinos culiaos, y de regiones nada. Y hablan de descentralización los patudos",0,0,0.46954665
@USER #MeToo es por acoso y violacion por abuso de poder. Lo de Depp es acusación de supuesto maltrato en pareja. No son lo mismo.,0,0,0.4830469
qué temazo arabe de ecko ahre,0,0,0.3618414
"Para ti la perra gorda', si es que Noemí está hasta el toto de tonterías, y con razón! #otdirecto12d",0,0,0.4199674
"Pues seria ideal para poner un manicomio.. /sarcasm, por si acaso",0,0,0.4565569
"Vieron que las feministas son re violentas pero cuando es contra la mujer es como 'no, terrible hijo de puta no pueden ser tan violentos' xd",0,0,0.43197542
@USER @USER Te paso por las barbas de los 🥥 piñera CTM.,0,0,0.40813246
"En su primera visita a África Subsahariana como ministro de Asuntos Exteriores, Unión Europea y Cooperación, José Manuel Albares ha visitado #Mauritania y #Senegal, dos socios estratégicos para la acción exterior española LINK vía @USER LINK",0,0,0.40052572
"@USER @USER @USER @USER Lo leeré, pero eso no pasa ni en Francia, donde por cierto, hay mucha más población argelina que en toda España africanos, marroquíes y argelinos y desde hace 20 años. No veo matando a los franceses. Aunque en vuestro ideario llegará...dentro de 10 años, seguiré oyendo lo mismo.",0,0,0.46007556
"vendo entrada para el festival puro latino en el puerto de santa maria, zona platino #PuroLatinoElPuerto 💗",0,0,0.42991126
"Cathonys Blaugrana: Cap. 10855: Moussa Ndiaye: Nacio en Dakar (Senegal), el 18 de junio de 2002, Es un futbolista senegalés que se desempeña como defensa en el FC Barcelona ""B"" de la Primera División RFEF de España. Además es internacional con la… LINK",0,0,0.42045727
"🎙 Sinclair, exfutbolista inglés, opinó sobre la salida del atacante senegalés del Liverpool\nLINK",0,0,0.35091698
@USER No pedazo de hija de puta .callate la boca no tenes autorida moral para hablar.Devolve lo que robaste.,1,0,0.4387693
"@USER Estos zurdos culiaos son tan idiotas, quieren veneficios sociales, pero no quieren pagar impuestos, estos culiaos de dónde creerán que sale la plata",1,0,0.4742264
@USER Buen lunes virgencita y excelente semana también pd: piñera qliao,0,0,0.4296405
MMMMM TU NADA MÁS KERIAS ENSEÑAR LAS CHCHIS PINCHE BIEJA PUTA!!!!,1,0,0.4503057
No hay Paz para los Malvados... ¿Te enteras Puchi? En Europa no hay quien te de amparo político. Eres un proscrito. Pero no han puesto precio a tu detención porque en realidad no vales nada de nada. Que triste. ¿No?,0,0,0.45270997
@USER Debe ser la única mujer en existir en el mundo como para que esa sea su característica más sorprendente. Wow.,0,0,0.38709235
Es maravilloso y rotodosiano a la vez,0,0,0.42446613
"Luna vete a hacer un vídeo con el Niño Polla, imbécil.",0,0,0.49715224
"No, te lo explica a ti. Te dice que, aunque raras, hay violaciones de mujeres a hombres. Esterilización para ellas.",0,0,0.4856819
Como esta la cancion arabe pa los baileeees,0,0,0.4043123
"@USER esto es una invasión africana, Salvamento Marítimo como cooperador necesario y oneges ni te cuento, de que viven??. Nadie denuncia que van a por inmigrantes a aguas marroquíes. Vaya futuro tiene España",1,0,0.4926887
@USER Son antiespañoles y anti igualdad.,0,0,0.4252814
"¿Se puede ser más necio e indocumentado? Sí, se puede ser Pablo Casado. LINK",0,0,0.4435093
@USER Mamahuevo que t pasa chamo,0,0,0.4002324
Los militantes del @USER ante la ¿política? inmigratoria del Gobierno: Acogemos al Aquarius:Fantástica muestra de solidaridad. No acogemos otra vez al Aquarius: normal. Saltan la valla en Ceuta:los acogemos!!(la semana pasada). Ayer vuelven a saltar la valla: hoy los devolvemos!!,0,0,0.46930903
"Amix, ya no quiero ser la prima exótica, ""les blanques"" de mi familia se olvidaron porque se fueron del país sin papeles a buscar un mejor futuro.",0,0,0.38625395
@USER La policía marroquí lleva dos semanas con heridas graves otros en uci y el gurugu quemado !! Y Marruecos debe aguantar todo eso! Y salen los periodistas españoles pagados por el régimen argelino insultando Marruecos!,0,0,0.43842328
@USER @USER El pana con la bandera negra.,0,0,0.45418274
"@USER Eres mierda y de mierda se ten recordara toda tu puta vida, y cuando mueras serás recordada como lo que eres, basura de mierda. Los muertos por covid19 te están esperando...",1,0,0.39720342
"Acabo de cachar lo viejo que estoy, 13 años en twitter LINK",0,0,0.43668562
"@USER Yo estoy despierto Valentín! Fui socio honorario 38 años, de 1961 hasta 1999, en que el Pte. Ceferino me colocó la medalla conmemorativa. Ya hace años no voy al estadio. Jacobo.",0,0,0.43953496
"#BuenViernes #mayate si no te bañas no esperes cobrar ni la cena, hasta los guapos apestan.",0,0,0.41678607
@USER Valiente estúpida siempre sembrando odio,1,0,0.4301155
"🟥 #NoticiasBBC

El uso de la selva tropical ""fue sostenible, sin causar pérdidas de especies detectables o alteraciones durante milenios"".

Sin dañar el medioambiente: Habitantes de la Amazonía vivieron 5.000 años ""de manera sostenible""

LINK",0,0,0.40266627
"Sufrí de discriminación en la comida corrida, vi cómo llegó una pareja de güeros y vi cómo se fueron satisfechos mientras seguía esperando mi comida. LINK",0,0,0.3989184
"No entiendo porque #Weona es #TT ahorita , aprovechando la ""Moda"" : Harto Weona es esa tal #KarinaOliva , tan ridícula, mediocre e ignorante, que dice que lo del #Narcotrafico es algo patriarcal, como toda feminazi , patetica a más no poder.-",1,0,0.4658218
@USER @USER Jueron loh pacohhh..típica frase de loa flaites retardados,0,0,0.42421514
Y donde está podemos y los periodistas afines para protestar ????El Gobierno expulsa a los 116 inmigrantes que asaltaron ayer la valla de Ceuta LINK vía @USER,0,1,0.5003729
"@USER Vaya que patética!
Queriendo dar lecciones de moral cuando ni usted ni su partido la tiene
Ud cree que mentir,estafar y ser corrupto se limpia con un Ave María e ir a misa?
Pues siento decirle que en el siglo XXI ya no cuela pero,claro en el medievo como vive usted aún se lo cree",1,1,0.50019854
"-Emo mongolo con gorra -Dice su edad con ""lvl"" -Bio de mongolo. - ""se patina guai en Sevilla"" - Dinosaur LINK",1,0,0.44909173
"Feminismo no debería ser abolir la prostitución sino pedir mas hombres putos. Lo mismo con el porno, pedir que enfoquen a actores guapos.",0,1,0.5320064
Cabron tú no eres patrón tú eres la puta de pina,0,0,0.41229343
"@USER @USER @USER @USER Si tu hija se vistiera así como le dirías ¿monja? no, obviamente le dirías lo que parece, una PUTA.
No es lo que te parezca o no correcto, es lo que es adecuado para la edad de un niño, vistiéndose de esa forma solo atraerá las miradas de enfermos, más bien es una advertencia ?",1,0,0.45706514
Yo no te discuto como sacar una muela así que cállate la puta madre,0,0,0.41604108
"Pues nada, lo dicho. Somos una sociedad blanda y pasiva, incapaz de moverse y tomar medidas para exigir nada y ellos son todo lo contrario, gente sin miedo y dispuesta a todo = batalla perdida.",0,0,0.47124818
"Arabia Saudita permite que mujeres vivan solas sin permiso de los hombres

Que gran paso 🙌🏼🙌🏼🙌🏼",0,0,0.43880627
"@USER no se puede estar de acuerdo en todo... luego nos buscamos unos fachas para echar unas risas y solucionado, compañero 😉",0,0,0.46659413
Un tío me ha tirado ficha por la foto con la olla en la puta cabeza en Instagram de verdad ya es que no puedo enseñar ni mi olla roñosa,0,0,0.45693702
"@USER Menos mal que no dijo ""JUNTES"" como los weones",0,0,0.46317187
"@USER Milagro! Biobio titula delincuente y no ""joven"". La pobre pareja seguro era conocida dem periodista sino no me lo explico. #DelincuenciaDesatada #RecuperemosChile",0,0,0.4303214
el jueves?,0,0,0.4463515
"Si al que pisara tierra de forma ilegal se le devolviese por donde vino, estas personas seguirian con vida. Sigamos fomentando la trata de seres humanos alimentando oenegetas y con politicas de el que entra no sale.",0,0,0.4808014
YA CALLATE PUTA PERRA ME TIENES CANSADO CON TUS PENDEJADAS,1,0,0.45691013
"Ese es el problema, que no hay voluntad de atajar más a estas bandas latinas, yo no se si por pasotismo, si es por politicorrectismo o si para que la gente se radicalice en sentido contrario. Es decir, para que la gente tienda más a posturas poco moderadas y racistas, dejan que haya un cierto nivel de delincuencia de este tipo a nivel de calle. Lo del politicorrectismo es típico, para que no se piensen que soy racista, dejar manga ancha.",0,1,0.53459936
"totalmente de acuerdo, en los 90 no había delincuencia",0,0,0.39680544
@USER Es el único wn q se puede pasar a alguien ah ni voy a entrar más a debatir por estos muertos culiaos,0,0,0.4205164
"@USER @USER @USER @USER @USER Anda a llorarle a los argentinos, brasileros y uruguayos, que los exterminaron...su presidente se metio en una guerra que implico en la muerte del 90% del py.",0,0,0.43360916
"2-8-2015. Finaliza el plazo dado por las autoridades para que los extranjeros indocumentados se inscribieran para ser favorecidos por el Plan de Regulación de Extranjeros, según lo dispuso el decreto 327-13.",0,0,0.42307535
¡Y la prehistórica de Carmena diciendo que estos simios que saltan la valla son los mejores.!  200 inmigrantes hieren a varios guardias civiles en un nuevo salto violento de la valla de Ceuta. LINK,1,0,0.4214803
"El presidente brasileño se expresó luego de que Thunberg denunciara el asesinato de dos indígenas en el amazonas. Thunberg respondió a través de sus redes sociales
LINK",0,0,0.42448786
@USER La DC fachos vestidos de democratas!!!,0,0,0.446304
"Hola, soy un subnormal sin personalidad ni amor propio y quiero que me cambiéis para ser el mismo gilipollas que todo el mundo  #Cámbiame507",0,0,0.483498
"@USER @USER No, ella es cobarde, machista, aprovechando su posición como juez y diciendo ""respeto a quien respeto merece"" creyendo merecerlo por tener más años de carrera, arrogante y humillando en TV NACIONAL a 2 personas. Si hubiera querido ser honesta, con decírselo a él hubiese bastado.",0,0,0.4229185
@USER El cabeza de pico,0,0,0.3836288
"@USER Muy sonriente con Boadella, se confirma, las personas INDESEABLES NO SE REPELEN, y lo de INFAMIA, viniendo de una GOLFA, no es relevante.",1,0,0.45122054
"Digamos que le están traduciendo al chorizo lo que piensa la sociedad en un idioma que entiende. A ver si por llamar chorizo a un posible musulman, por el tema del cerdo, se va a ofender alguien.",1,1,0.5246203
Deberian ir todos al super y quejarse de la conducta homofoba de aida. A ver si asi hacen algo de una puta vez hostia,0,0,0.4651346
"Estoy en una fiesta y acabo de ver un libro titulado ""The Religions"" y sólo me puedo imaginar los capítulos: los putos moros...",1,0,0.4600367
@USER Maldita seas Laura Albornoz LINK,0,0,0.40493345
"@USER @USER Joder se me ha pasado condenar el franquismo dos días, voy a ponerme una alarma",0,0,0.4049532
"Pero si Gorytop es muy retrasado y asqueroso — No le conoces entonces, es un amor.  LINK",0,0,0.42720145
@USER Los albañiles bolivianos q me están reformando la cocina y el baño son unos gentlemen al lado de esta guarrilla callejolera.,1,0,0.4294597
Aquino ctm no nos cobraste la misma,0,0,0.4353751
Y habrá que ver si cumple algo de los cuatro años y la pena no es sustuida completamente por la expulsión.,0,0,0.4567105
"@USER @USER Que la reacción de este niño es admirable, claro que sí, y mas a tan corta edad que muchos niños simplemente se quedarían asustados llorando.
Pero que te refieras a Greta como ""del demonio""sabiendo que es una simple marioneta a la que están jodiendo su infancia, es de gilipollas.",0,0,0.48728803
chilenos que apoyan keiko. saco weas qls ! #namas,0,0,0.4379781
"Cada población liberada, cada bandera izada, supone un duro revés para los intereses del imperialismo en #Siria🇸🇾. ¡Honor y gloria al Ejército Árabe Sirio! LINK",0,0,0.39646757
@USER Cállate zorra,1,0,0.4182293
"Nací y crecí en una ciudad con más del 50% de la población extranjera. Luego me mudé a Madrid a uno de los barrios con más inmigración, por ser de los más baratos. Nunca he visto problemas de convivencia debidos a los inmigrantes; si acaso con los ingleses, que son los que generalmente no tienen ningún interés en integrarse.",0,0,0.44602606
Estoy estresá a punto de tirarme los piercing de los pezones ctm,0,0,0.44482434
"Si algún día tengo una hija lo primero que voy a enseñarle es a trabajar, para que no tenga que andar de puta para que le regalen todo.",1,0,0.4103433
"@USER @USER Esta elección, más bien, representa el regreso de los nefastos tres tercios...",0,0,0.39888874
"@USER Jajaja callate gila, inviame y voy perra !!",1,0,0.38239428
"@USER @USER Y también es una manifestación de esa manía de esperar a que el feminismo sea una suerte de mesías que arregle todos los problemas del mundo, que si no están las feministas de chile echando baldes de agua a los incendios en Australia, es que son feminazis o terfs o algo asi",0,1,0.5112785
"@USER Salvo sus familias, nadie más salió a apoyarlos para que los repusieran cuando se cerró el congreso. Ellos solos se suicidaron y ahora quieren volver a fregar al país de nuevo. Si sus familias reinciden y los eligen, el resto de la población les dará de nuevo lo que merecen.",0,0,0.43868384
@USER Pero y lo moderno que es? Acaso has visto tú más películas en blanco y negro que él?  Tiene que follar mogollón.,0,1,0.5042741
"Las violentas pueden ser reeducadas, pero primero debemos proveer a los hombres que cometen agresiones sexuales. Los depredadores de nuestra sociedad. Personas que han perdido religión, cabeza y corazón.",0,0,0.4671011
"@USER Algo de eso puede ser.... Si bien está bien que se expulse a los que son delincuentes, creo que a veces la se es poco empático con el drama de los inmigrantes.",0,0,0.49437118
"El Liverpool planifica tan bien su futuro que la marcha de Mané parece algo nimio.\n\n\nLa magnitud real del senegalés es legendaria, habiendo llegado del Southampton para formar un tridente histórico. LINK",0,0,0.3921604
"Mañana a las 10:00 tengo audiencia por una situación que ninguna mujer y sobre todo, ninguna madre debería vivir. 
Les pido me tengan en sus oraciones, buenas energías o lo que sea que crean, para que esta situación se resuelva y solo sea un mal recuerdo para mí y mi familia🕯",0,0,0.37076825
"Encuentro que SAO tiene una buena historia de fondo, pero los protagonistas son muy weones. Muchos amor y esas cosas raras. Al menos,para mí, la primera temporada es pasable, pero las que vienen son del asco.",0,0,0.46382424
"'@USER @USER @USER @USER Usted odia a las feminazis, yo a los pendejos es cuestión de gustos, cada quien a lo suyo, no lo ando juzgando por eso ya que me importa un comino, pero si me decis Feminazi sin leerme siquiera si me molesta.'",0,0,0.4331203
"Cuando no tienen a ETA, o a Catalunya o los inmigrantes o todos a la vez, la cuestión es hablar de algo, con lo que supuestamente les gusta el dinero ajeno podian hablar alguna vez de corrupcción. LINK",0,0,0.43554488
"#inmigraciónARV  La disuasión de las cortantes concertinas no es cuestión de estadísticas. No disuaden, símplemente generan una actitud más agresiva a quienes saltar quieren y a quienes impedirlo deben. Al final se convierte el salto en un asalto en el que suele ganar el saltante.",0,0,0.47640938
"@USER Esos son los Haitianos, recuerden que antes del aporte cultural de Bachelet, habían llegados los peruanos, y después de los haitianos los venezolanos. Hay más de 1 millón de bonos para inmigrantes.",0,1,0.52147794
"@USER A MI no me educaron en Cataluña.. me educó la escuela franquista, y a los ÚNICOS que odio es a los herederos del General..",0,0,0.40416697
"Para mí, alguien que usa la palabra ""feminazi"" así porque sí, sin siquiera explicar sus razones, pierde automáticamente el derecho a ser tomado en serio. LINK",0,0,0.39080885
"Responder y reaccionar a historias constantemente no recibir respuestas y seguir haciéndolo no es ser perseverante, es que INCOMODAS. Aweonao",0,0,0.37435514
Yo creo que con que volváis al colegio y aprendáis como se solucionan las cosas en una democracia con un estado de derecho mas o menos estable de 2020 basta,0,0,0.4314962
casi todos los acabados en digital exceptuando alguno que lleva años arrepintiéndose de haber elegido ese nombre,0,0,0.4138147
@USER Ahorita sale una feminazi y dice que todo eso es gracias a los logros del feminismo y no al intelecto y fuerza de voluntad que tuviste que tener y aplicar para darte cuenta que mujeres y hombres somos seres humanos iguales con las mismas capacidades y oportunidades en la vida,1,0,0.42265993
"Si claro, comparas a niños españoles educados en el cristianismo que vienen con sus padres y que no rompían un plato, a marroquíes que se han criado como hijos de la calle, que no están supervisados por adultos y que delinquen continuamente.",0,0,0.4547234
Q cagada a palo te mereces hija de puta! La misma q le diste a tu hija y más. LINK,1,0,0.3953722
Pero son críticas políticas o por el hecho de ser mujer? O ya no importa? LINK,0,0,0.45072725
@USER Callate que tu mama esta re perra o no @USER ?,1,0,0.42966503
@USER @USER No hau tierra sagrada por el aro los mapuches! Dejense de webiar,0,0,0.43980193
"@USER No creo que sea muy objetivo hablándote de la música de Rosalía porque siempre he sido fan, pero su propuesta ha puesto patas arriba toda la música hispana y latinoamericana desde el primer día.",0,0,0.39604077
sali de ver little women y DONDE ESTAN LOS FORROS HIJOS DE PUTA QUE NO ME NOMINARON A GRETA GERWIG FORROS,0,0,0.44114757
"@USER @USER @USER Quique, estoy loca por leerlo, eres genial y autentico donde los haya..!  Kiss from NY ❤ #Ácido 👏 LINK",0,0,0.47334215
@USER @USER @USER @USER @USER @USER No puedo evitar que me haga gracia que utilices un texto escrito por ti en la supuesta prueba de lo que estás diciendo\nLINK,0,0,0.37581506
"¿Cómo insultan l@USER negacionistas del Cambio climático a Greta? (Que además son l@USER machistas de siempre):

Hombres: estúpida, histérica, puta y majareta.

Mujeres: Niñata, loca y patética.

 LINK",0,0,0.4353295
"@USER Declaraciones ignorantes, prejuiciosas y discriminadoras.",0,0,0.3955144
"claro, claro, no existen delincuentes españoles.. cinco veces me han atracado o intentado atracar en plena calle y las cinco delincuentes españoles.",0,0,0.42796484
"@USER @USER @USER @USER Y requeriría una terminal en casa mesa de votación, la que es conformada por chilenos sorteados, comunes y corrientes, que no tienen porqué ser expertos en informática. Y esta parte de vocales sorteados es clave para la credibilidad de los resultados.",0,1,0.5132516
Van a seguir viendo igual pero se les puede expulsar en vez de darles papeles y una paguita provocando un efecto llamada por el que cada vez van a venir mas. Salir a la calle a exigir esto a los políticos es solo un primer aviso. El siguiente si no cambian seria dejar de votarles.,0,0,0.4843666
"@USER @USER tanta gente ignorante q no tiene calle opinando de lo q son nuestras historias y nuestros amelos
si son tan capos por q no hacen algo por su país en vez de criticar acá?",0,0,0.4411355
@USER @USER @USER @USER @USER Jajaajaja ósea que tiene miedo porque anda viendo psicopatas en todo lados lo bueno es que ahora no ve solo comunistas en todos lados LINK,0,0,0.42740664
"@USER @USER @USER @USER @USER @USER @USER @USER @USER @USER @USER @USER @USER @USER @USER @USER Seba...nada van a decir. Guardaron silencio ante los abusos y acosos sexuales. Feministas cuando les conviene. Apoyaron corrupción porque las ofertas de trabajo silencian principios.
Presidente regional @USER ya tiene pega en @USER",0,0,0.37082916
@USER Así es todos flojos acostumbrados a estar en la miseria y que le metan el pico durante 30años y más ahora con el borrego después se llenan alegando pero cuando se pudo cambiar no lo hicieron solo 5mntos bastaban,0,0,0.43559194
"@USER Señora, que se vayan, eso es bueno porque se viene toda la inversión cubana, nicaragüense venezolana y rusa. (Nunca, nadie.)",0,0,0.47713548
Invasión bárbara,0,0,0.42581975
"escuchar #Árabe y mover el orto, van de la mano 💙",0,0,0.4603795
"Ya ves, 26 millones de sovieticos murieron luchando contra los fascistas, entendemos bastante, si. LINK",0,0,0.4331987
mira callate pq no voy nada cielo hija de puta,1,0,0.40522242
"No entiendo las políticas neoliberales ni a los neoliberales,que apoyan la libre circulación de mercancías y a la vez apoyan las concertinas y los muros para frenar la libre circulación humana. LINK",0,0,0.4869847
"Ya que #Jaén es TT aprovecho para recomendar la visita a nuestra ciudad, y pongo como ejemplo nuestra Catedral, nuestro Castillo de Santa Catalina, nuestros baños árabes, o la iglesia parroquial de San Bartolomé, entre otras muchísimas cosas que ver. LINK",0,0,0.44409478
"@USER El resultado en clave independentista no puede ser peor para los trabajadores. Los 2 partidos mas votados son derecha liberal, preparaos! los recortes d #ArturMas una caricia comparado con la q se viene. Veis ya la aberracion del nacionalismo?",0,0,0.46007457
"Ctm y en las tribunas están los campeones de la libertadores , que vergüenza deben sentir con el técnico que tenemos y la forma que juega #colocolo 

#VamosColoColo",0,0,0.4215813
No veas tú lo que me preocupa que un subnormal piense que mis estrías no son bonitas 😂,0,0,0.45176658
"#Reseña: Las lágrimas de una inmigrante, de Karem Suárez @USER  LINK #libros #lectura #escritoras #mindfulness #CrecimientoPersonal",0,0,0.46216223
@USER @USER Espero que sean +18 y mujeres xd LINK,0,0,0.39998874
"ME CUENTAN QUE UN GRUPO DE LESBIANAS Y FEMINAZIS ESTÁN EN DESACUERDO CON QUE ESTE ENTE NEGOCIE EN LAS REFORMAS,PUESTO QUE LAS SIGLAS DEMUESTRAN UN CLARO INDICIO DEL PATRIARCADO.porque se pronuncia(PENE UD.) LINK",1,0,0.45776793
"Hostia puta, que alegría echar a los franceses, y de esta manera. Enhorabuena a toda la afición del Barcelona. Partido para volver a ver.",0,0,0.45652485
"Maginense si cuento las veces que me mame y me mande cagadas, fua LINK",0,0,0.42325342
"@USER @USER @USER No comparto todo. El toque de queda ha ayudado a que haya menos weones en las noches, se duerme mejor, se está más tranquilo. Deberían dejar que militares estén más presentes resguardando el toque de queda.",0,0,0.48382807
@USER ven aqui no mames Zorra / @USER en vivo en LINK,1,0,0.3709777
a fregar lo que queda sucio y seguiré viendo The Commitments 1991. voy por el minuto 3   ?‍♂️,0,0,0.4453407
"Oye morales si no es por el penal puta que eres malo ctm, mas de 10 goles. Perdidos #VamosColoColo",0,0,0.4192596
"@USER Y a este que bicho me pico.

.ahora es candidato ?",0,0,0.4761085
El Gobierno otorga a la Comunitat más de 20 millones para la atención de refugiados ucranianos LINK,0,0,0.44730473
Y en la cara de muchos venezolanos amiga mia! Miserable @USER eres una escoria LINK,0,0,0.43813202
"@USER LGTB+, piensenlo bien, en Cuba, Venezuela, Rusia y China no pueden marchar en Libertad, como hasta ahora lo pueden hacer acá.\n\n\nDESTRUIR COMUNISMO !!!!!\n\n\nEXPULSAR A pedro castillo !!!!!",0,0,0.4750673
@USER ¿Qué apuestas a que no hace nada por las musulmanas? Ellos en slips y ellas apenas enseñan la cara.,0,0,0.48474297
el que te montes una película de terror para criticar a un chaval a priori inocente dice mucho de ti y nada de él.,0,0,0.43512315
Ahora a ver quien para a la ultrachusma importada.,0,0,0.48719192
"Mujeres: Los hombres no lloran, son tan insensibles. 
Los pibes: LINK",0,0,0.416114
"@USER Deberia ser al reves, el cobre y el clima bonito para nosotros y que los zurdos se queden con sus amigos en wallmapu.",0,0,0.48567405
"@USER @USER @USER Madre mia, o sea que el Español se habla por la inmigración, ese comentario es muy xenofobo, hagaselo mirar\nEn otro orden de cosas, porque se tiene que estudiar Español en España fuera de horas Lectivas? Y no me diga que por que Cataluña no es España, que le veo venir\nYo también",0,0,0.4895339
Una guerra mundial por los inmigrantes lol  Les sacaba los ojos. Mi madre se ha juntado con dos señores mayores y sueltan cada perla...,1,0,0.47396988
Conozca a la socialista vasca embelesada con Otegi en la 'foto de la vergüenza' LINK,0,0,0.47925112
@USER No pude reunir las firmas porq estos analfabetos culiaos no me ayudaron,0,0,0.41508916
@USER @USER Tan senzillo como que CiU no era independentista. Se rompió la federación precisamente por esta cuestión,0,0,0.3978842
"@USER @USER @USER @USER Usted sí que necesita revisar su salud mental. Es una sectaria, totalitaria y anti demócrata de libro. Desprecia y humilla a otras mujeres (Nani p.e. y familias dándoselas de superioridad moral o intelectual. Es usted chusma prepotente, mala y enferma, loca por chupar del bote. LINK",1,0,0.4311822
@USER Libertad a delincuentes peligrosos?,0,0,0.40598297
"@USER y para que nunca se te olvide, 10 champions, reyes de europa, sigue mandando fotos de tu pito, pinche joto.",1,0,0.4780466
"@USER Caso Arandina, vergonzoso ver personas defendiendo unos violadores que aún  tienen el morro de decir que no hicieron nada, asco!!!",0,0,0.4268366
@USER eres tu el mongolo que no sabes ni insultar? En fin sigue pensando en eso envidioso👍,1,0,0.46776757
"@USER Callate la puta boca y cobrame los tomates, CAJERA!!!",1,0,0.37571827
"#Pulsar2021xLaRed se la funan por andar Carreteando!!!
Y los QLIAOS es lo que más escuchan!!
Chilenos de Corazón 🤣🤣🤣😂🤣",0,0,0.45167226
"La UDI quiere una ley para impedir que se expropien los fondos de pensiones y los únicos que no han entendido nunca que esa plata es de las y los trabajadores son ellos mismos, hipócritas culiaos",0,0,0.48328716
"El problema es que no se les mete un puro del carajo ni se les expulsa. Y eso hace que cada vez mas gente esté hasta los cojones. Y que desde Podemos, IU y un poco el PSOE también se mire para otro lado solo sirve para dar alas a VOX. A pesar de lo que los sectarios de la caverna izquierda digan, la gran mayoría de los 4.00.00 de votos de VOX son de gente que está HASTA LOS PUTOS COJONES de cosas como esta, de los ocupas, y de muchas otras mierdas que desde el poder prácticamente han dado carta blanca. Y gente como 86 que sistemáticamente manipula la realidad para defender o justificar a desgraciados como estos. Ahora el señor Tabarras ha dicho que ""por supuesto que no se les permite vivir aquí"", lo cual es una manipulación como un tanque de grande puesto que la policía sabe perfectamente donde están la mayoría de los ilegales, y cuando se ven en vueltos en algún problema no se les expulsa después de identificarlos. Y si llamas a la policía en muchos casos pasan del tema totalmente. Están atados de pies y manos por políticos fanáticos y mediocres. Tarde o temprano habrá gente que se harte y se tome la justicia por su mano. Y la culpa la tendrán todos los impresentables que han mirado para otro lado con el problema o justificado a los delincuentes.",1,0,0.49063563
"@USER @USER @USER Venga, y este veneco quien le da derecho, arregle primero su casa, y luego opine de las demás, su opinión y el papel higiénico nos sirve a los colombianos petristas exactamente para lo mismo, y si quiere también su cara, metido.",1,0,0.47771642
"#Migración | Según la cifra de la Agencia de la ONU para los Refugiados (ACNUR), al menos 6.659.220 ucranianos han huido de su país, partiendo principalmente hacia las naciones europeas vecinas.👇LINK",0,0,0.3937343
Así sin cabras ni camellos? Y las costumbres?,1,0,0.43254918
"@USER Santiaguinos montón de saco de weas, ingresen a la universidad de inmediato",0,0,0.42626834
@USER La noticia está redactada como la mierda... para seguir asustando a los weones giles asustados con la vacuna 🤦‍♀️... esta wea debería ser sancionada,0,0,0.4687897
Agujeros negros: Los verdaderos monstruos del espacio LINK LINK,0,0,0.44412675
"#Líbano #4August | Por la inestabilidad reportada en los silos del puerto, la actividad aconteció en los alrededores de la Estatua del Inmigrante, al este de la terminal que está en la línea de visión de la zona cero.\n#BeirutBlast #beirutexplosion LINK",0,0,0.42466015
Para los ridículos que preguntan si el orgullo gay es necesario. LINK,0,0,0.44173655
@USER @USER @USER @USER La verdad es que no me fijé mucho. Pero era una mujer.,0,0,0.41619903
"Ay, que subnormal puedes llegar a ser a veces. De verdad",0,0,0.45867896
Menudo subnormal o Jonathan Viera este...Tonto da virgen,1,0,0.45455799
"Trajimos a #Bolivia de la altura de La Paz a la altura de San Carlos de Apoquindo, somos muy weones los chilenos 🙄🙄🙄🙄.  #VamosChile",0,0,0.44833612
"Como  saben que el borrego va a perder ponen cuarentena, para ver si la gente no sale a votar por la Karina, pero saldremos igual a votar en masa y Karina Oliva triunfara, los miserables y criminales fachos  quedaran de nuevo con el aji ensartado en el (*)",0,0,0.43877134
"Lo más cagado, es que cuando estaba morro, me enojaba que me dijeran 'güero'...  LINK",0,0,0.4344523
"@USER Por suerte su dinero, imaginé intentan robarle su inteligencia, se irían tristes y con las manos vacías",0,0,0.42968303
Los sindicatos subvencionados ¿no colaboran? No habían quedado en que la Iglesia católica era muy mala?,0,0,0.44413316
@USER te paso por mi lindo pico,0,0,0.45069692
@USER callate zorra querés que te viole putita,1,0,0.445621
@USER Aquí la violencia de género es violencia machista.,0,0,0.47947916
"Un país que no es capaz de respetar a sus pueblos originarios, quienes son los que nos entregan la identidad cultural, no merece respeto. Todos los gobiernos y todos los chilenos tenemos una deuda con nuestros pueblos originarios. #PautaLibre",0,0,0.48040926
"@USER @USER @USER @USER Nadie ha mencionado la palabra ""obligar"", además de ti en este hilo, dicho de otro modo, sólo tú haz interpretado que se quiere hacer eso. Sin embargo, lo que se propone es dar la oportunidad de ""quienes quieran"" puedan estudiarlo en las zonas de gran población de origen mapuche.",0,1,0.5042794
"@USER Dialogo: Wena culiao, tambien te hicieron venir.
- Si wn, tuve que limpiar el jaguar…",0,0,0.45061955
"@USER @USER @USER El retraso lo tuvo tu madre cuando te engendró. (Ya ves que no llevo bien q me insulten indocumentados).\nAhora:\nsolo tienes que mirar el alcance del tuit de danibordas y el lamentable ridículo del tuyo.\nDedícate a otra cosa, esto no es lo tuyo, y ata a tu perra.",0,0,0.427563
@USER Cállate nazi de mierda,0,0,0.41416296
@USER @USER @USER @USER @USER @USER Los supremacismos racistas son los que han matado a Europa y eso es lo que defienden los indepes. por eso solo os apoya la ultraderecha.,0,0,0.4670025
Hoy toca una en blanco y negro para hablar después en un Flimcast 😁,0,0,0.4209913
"@USER Deben desaparecer.\nSon una mafia que se tomo las calles, ante la falta de autoridad hacen lo que les viene en gana.\nDetrás hay desde reducidores de autopartes,  microtrafico,  delincuencia común, indocumentados , toda una estructura criminal en muchos casos.\nNo a mototaxismo",1,0,0.44373325
"Es repugnante el ejemplo de los inmigrantes frente a la mujer. Violadas en varios casos, maltratadas, tratadas como escoria, la misma que existe en su país de origen. Si es más fácil: un día,ocurrirá otra desgracia de violación por parte de esa gentuza.El Pueblo responderá.Piense LINK",1,0,0.44826376
"Alejandra y Carmen son dos mujeres refugiadas que se unieron para compartir este poema con el mundo.\n\n\nEn él, expresan sus sentimientos y anhelos, sus esperanzas y miedos.\n\n\nMuestra tu solidaridad con ellas y con las personas #ForzadasAHuir amplificando su mensaje. LINK",0,0,0.42355716
Cuando ciclismo se parece demasiado a lo detestable de otros deportes. Mucho monguer. LINK,0,0,0.43587106
"Ojalá vengan más refugiados e inmigrantes subsaharianos, y ya verás como los maricas tienen que quedarse en el armario por mied... — Ahora dilo sin llorar LINK",1,0,0.44328853
"Si gana la Oliva le echo la culpa a todos esos sacoweas con banderita chilena en el avatar que dijeron que no iban a votar por un DC porque era contra su naturaleza… y le dejan el camino libre a algo peor, aweonaos qls",0,0,0.42230937
"@USER @USER Muy cierto, esto es pura lucha de clases. Lo mejor es sacar las guirnaldas de aninalistas, feministas, ambientalistas, ciclistas... My ahí.... Denuevo serán como máximo el 10%",0,1,0.5727563
@USER Cállate puta jajajaja,1,0,0.39615926
Por favooooor que no gane ese viejo culiao del borrego,0,0,0.45827338
Tu estás tonto y en tu casa no lo saben.,1,0,0.47327822
"@USER no creo que sea bueno mostrar tanto la casa d esa familia q ya fue agredida por estos delincuentes😡
A todos estos infelices hay q  sacarles la cresta🙏
No puede haber terror en la ciudad😡😡
@USER y @USER castiguen más😠🙏",0,0,0.44379988
"xq la gente cree q pfizer es la única vacuna, la salvación y la sinovac vale callampa y por eso estamos como estamos en vez de ser israel o eeuu que huea les pasa ME EMPUTA porq es un tema político no de salud q no lo ven aber q piensan uds porq de todos modos es multifactorial",0,1,0.51110727
@USER @USER que terroristas aweona? o no vei noticias. fueron 2 delincuentes comunes y corrientes weona ignorante.,0,0,0.42553017
"Caso Arandina: 38 años de cárcel para los tres acusados por agresión sexual a una menor

LINK

#LaArandina #ViolenciaMachista #NoEsNo LINK",0,0,0.44932276
Puedes ir y chuparles sus negromoras pollas en fila. Y luego los metes en tu casa para que tu mujer haga lo mismo. Y si tienes hija tranquilo que también le darán rabo aunque no quiera.,1,1,0.52208126
"@USER @USER XD... de nuevo... quién está hablando de esos otros crimenes xD...\n\n\nEstoy acusando al boric por la inmigración ilegal? No, estoy acusando al boric de robos de dineros fiscales? No xD...\n\n\nEstoy desconociendo tus datos? Tampoco xD, solo digo que no es de lo que estoy hablando xD",0,0,0.47516227
"Cientos de personas se concentran en Aranda en apoyo de la víctima de La Arandina

LINK",0,0,0.4100832
Cagoneo culiao gigante el de los sixers weonoooooo!!!,0,0,0.44124702
Qué tiene que ver tu comentario con la noticia.Por favor no divagues y se coherente con el tema de la noticia.,0,0,0.4444544
Lost en el Gabacho recomendado Gala Ropa By Karla Carrillo #boutique #tijuana #recomendacion #famosa LINK,0,0,0.42924193
"@USER A ver payasa, no tienes suficiente, con dar por culo aquí, que también quieres manipular otros países?",1,0,0.44766176
VÍDEO Los peligros de la segregación racial o cómo ha aumentado el apoyo de la comunidad negra a Trump #RutaTrump  LINK LINK,0,0,0.44727263
"#LluisCompanys foi asasinado polos fascistas ao grito de Viva España, na bancada do PP reivindican o berro golpista  LINK",0,0,0.40768838
conversaciones con mi hermana: - Nerea baja el volumen del móvil por favor. - Cállate zorra.,1,0,0.4858069
"@USER iPhone viene del latín io phonus, que significa ""soy puro pollo gil""",0,0,0.43202406
"@USER @USER No existe el comunismo chino?? Sin democracia, partido único, ni libertad de expresion??
No existe el comunismo venezolano o cubano?? Sin democracia, tan pobre q la gente huye a los infiernos neoliberales??
A eso se refiere RB??",0,0,0.42639166
Ahora mirad la actuación de Raoul y decidme a mi puta cara que merecía quedarse frente a Cepeda. DECÍDMELO.,0,0,0.46241054
Retweeted Toni ❤️💛💜 (@USER):  El miedo y el silencio es la mejor arma facha!#YoSoyAnonymousUE... LINK,0,0,0.42369393
@USER @USER @USER La siguen puros weones pajeros 😂😂😂🤔🤔🤔,0,0,0.36797667
Lo único que conseguirá Trump con la orden de que no entren refugiados es que gente no radicalizada se convierta. La está cagando.,0,0,0.48810813
"#RedesSociales ? ""Somos hijas de un feminismo pop. ¿Y qué?"" ► Laura Tabarés es la creadora de la cuenta de Instagram La Pícara Justina, una referencia que acumula miles de seguidores LINK",0,0,0.4449236
"que no¿? por que eres tan puta zorra mentirosa¿ cualquier user chica es mas juguetona que tu, puta monja — Bueno, suele pasar yo no busco ser juguetona ^^ LINK",1,0,0.41063923
@USER estimados muchos chilenos les vamos agradeces que cambien al candidato @USER. Este señor solo los representa a un grupo muy reducido. Ustedes  apuestan a que se repita lo de Orrego. Busquen por favor a otro para que 🇨🇱 sea gobernado por la centro derecha.,0,0,0.48515272
"@USER Guaidó, Otro venezolano mantenido.",1,0,0.36125875
@USER este perfil es mas postureo que el propio feminismo y stranger things + game of thrones,0,0,0.3898299
NUNCA MÁS EN ESE ESTADIO CULIAO YETA!,0,0,0.38280162
Hoxe meu abuelo vaime enseñar a usar a escopeta e estou superemocionada 😍😍😍 a miña nai non lle fai puta gracia pero me da iwá,0,0,0.41443095
@USER JAJAJAJAJAJA callate vos porq no te acordas hija de puta,1,0,0.37785622
"Una jovencita progre feminazi con problemas existenciales garabatea unas cuantas frases incoherentes, con lo que gana en un mediocre concurso de poesía progre, y enseguida se alucina un referente intelectual con derecho a quemarlo todo porque no valoran su arte. Así estamos. LINK",1,0,0.44824597
ctm weon taba terminando de grabar mi presentación como por octava vez y me estaba saliendo súper bien taba en las sugerencias y llega mi mamá weon por la xuxa me cago todo,0,0,0.4423411
@USER 😂 no se si alegrarme o preocuparme..... pero me pareces una mujer plena y feliz.... así que supongo que me alegraré!,0,0,0.41890067
"ESMERALDA, ESE GIL DEL JULIÁN NO ES NAAAHH PA TI. 🥺❤️",0,0,0.42109793
Y CHILEEE??? CUÁNDO VISITAN A LOS SUDACAS 💔🙏🏻 LINK,0,0,0.4339509
Honduras y Mali juegan hoy sábado 30 de julio de 2022 la final del 14ª Mundialito de Integración\n\n\nA partir de las 19:00 h. en el Antiguo Canódromo de Carabanchel. Ambos equipos llegaban a la final tras superar a sus rivales en la tanda de penaltis\n\n\nLINK LINK,0,0,0.42809728
"Aún por encima de hembrismo, heterofobia y racismo inverso sufren también discriminación por ser madrileños, pobres :( LINK",0,0,0.43644214
"Los médicos son gratis, en cualquier hospital te atienden.",0,0,0.46886766
"@USER @USER Q digo, los chilenos se transforman en jugadores europeos cuando juegan con chile",0,0,0.4661732
Servicio Jesuita a Migrantes SJM informó que han sido detenidos 30 migrantes venezolanos los cuales serían expulsados en la madrugada impidiendo así la presentación de recursos de amparo @USER @USER @USER @USER @USER,0,0,0.47723338
"@USER @USER @USER Habla del negrismo institucional del Gobierno de Gambia, dnd encierran a senegaleses y persiguen a homosexuales?",0,0,0.42941478
"Estoy con #GoldenSon, el segundo libro de la saga de #RedRising, y CTM que libro más envolvente",0,0,0.41157272
"@USER @USER Un conocido Juez local de apellidos germánicos se estremecía hasta las lágrimas al escuchar las arias operáticas de Wagner, pero no titubeaba un segundo en absolver por amnistía a crueles torturadores de mujeres embarazadas.",0,0,0.4113097
"@USER @USER @USER @USER @USER Para su información no voto VOX, tengo amigos Senegaleses que prefieren que los regularices y salir de la economía sumergida como está y por ultimo mi hermano mellizo es gay. Si me ve por Vilanova lo que me dice por este medio, me lo dice a la cara si le parece.",0,0,0.44280234
Fuera comunachos! Fuera DELINCUENTES!!! LINK,0,0,0.42387015
@USER Estupideces de anormales y feminazis,1,0,0.39217103
"No, en ronda no tenemos playa, somos del interior, somos de la serrania de ronda. Un abrazo",0,0,0.45479652
"@USER ya entendemos por qué tu llamas imbécil el presidente de los Estados Unidos @USER, y porque tu indignación cuando Trump le dice mocosa a GRETA, ? la niña BOBA manipulada por los liberales y la izquierda. ?? LINK",1,0,0.42227715
🔴 Primer asalto masivo en #Melilla tras el fin de la crisis con #Marruecos. Unos 400 subsaharianos han participado en el salto a pesar de que las fuerzas del país vecino han intentado sin éxito frenar la avalancha.\nLINK,0,0,0.37840933
"Bernadette es católica, Penny, Leonard, Sheldon y Amy son ateos, pero con opiniones muy distintas entre ellos",0,0,0.47581542
Es impresionante cómo defendemos a los fascistas cuando son perseguidos.,0,0,0.47832987
El cuñado de Arrimadas llama 'fachas' a Ciudadanos LINK LINK,0,0,0.41292584
@USER Tú eres una pinche perra,1,0,0.43290722
"Celular culiao tiene la mica para la caga, cuando se me cae se le sale la batería y la wea tiene el sonido malo",0,0,0.47881842
"JxCat (34) y ERC (32) suman juntos más escaños que Ciudadanos (37), PSOE (17) y PP (3).  El bloque independentista sigue ganando en escaños y ya no se verá tan influenciado por la CUP como en la anterior legislatura para gobernar. #EleccionesCataluna",0,0,0.33935636
"@USER @USER La crisis de los medios tiene que ver con la migración de pauta (privada) a lo digital, no por los avisos del Estado, que siempre fueron marginales. No te autoengañes",0,0,0.4552952
"Lo mas triste de esta noche, además del triunfo del egoismo independentista, es que la izquierda ha virado a la derecha por miedo a la incertidumbre. Dramático.",0,0,0.46773294
"La Araucania tierra Mapuche
#Wallmapu LINK",0,0,0.40806404
"poco le han dado, no justifico la violencia pero si es uno de esos ""conocidos"" pues igual la gente está hasta la polla",0,0,0.45680335
"Que saben de los sentimientos de una chama de 19 años lejos de su familia, atacada por sus compatriotas, siendo llamada chavista, viendo como cuestionan su orientación sexual, como amenazan a los suyos.",0,0,0.46771932
"@USER Por que ahí viven estos weones, busca un Dc o un sociolisto en la pintana poh, niuno",0,0,0.41354224
Ms de 100 inmigrantes hieren a siete guardias civiles con cido y cal viva para saltar la valla de Ceuta | ltima hora asalto a la valla de Ceuta DONDE ESTA EL OKUPA SANCHEZ??? QUE ASCO DE GENTUZA,0,0,0.4373955
El régimen franquista condena a los 12 raperos de ‘La Insurgencia’ a más de dos años de cárcel por cantar: LINK LINK,0,0,0.4087076
"[Entrevista] ⚽ Christiane Endler en clave feminista: ""Hay que trabajar y luchar en pro de la igualdad"" LINK LINK",0,0,0.40157527
"Segurola es subnormal x2. Siempre dando lecciones de fútbol. Sácate el título de entrenador, campeón.",1,0,0.48290694
@USER Viendo con quien sales entiendo muchas cosas para otras no tienes excusa    eres la payasa del circo Falanjista,1,0,0.46303406
El feminismo es una enfermedad mental LINK,1,0,0.44461146
@USER Con el suedo de esa cerda y el tuyo comerian muchos niños españoles !!,1,0,0.37526423
@USER @USER Cómo está la cosa que hasta japoneses sin papeles se nos están metiendo por la frontera sin control. 🤔🤔,1,0,0.42770913
"que casualidad, no respondes a cuantos tienes ya en tu casa?",0,0,0.42403075
"@USER 🙈,es la verdad ... lo que tienen apellidos A qe hagan su servicio militar en la naval ...pero en la esmeralda ...y los otros apellidos que se encuartelen en las boinas negras ...",0,0,0.42647812
"Weon, EduardoVargas siendo tan rubio el gusto de pintarse la cara negra.",0,0,0.40703285
"@USER Te huele la boca a ducados, monguer",0,0,0.47092423
@USER tome indocumentada. LINK,0,0,0.3714875
@USER @USER el Partido Socialista de Andalucía son una banda de delincuentes y chorizos,1,0,0.4304649
@USER ¿no puede o no debe? porque hace rato que hay un grupo de chilenos que creen que pueden hacer cualquier cosa...,0,0,0.45868924
o primero lo uno y luego lo otro.,0,0,0.39106023
Ex país culiao LINK,0,0,0.39711183
@USER Casi los míos son negros 😹😹😹,0,0,0.39058658
"@USER A ver, manda la info,las pruebas,dale  
Por especular y dar info falsa es de pelotudos y cobardes ahhh y fachos no sigo,",0,0,0.426802
"¿En què se diferencia un hombre de una mujer? En que el hombre es masculino, la mujer masculona.",1,0,0.497733
#LoMásLeído El WhatsApp independentista de UGT. LINK,0,0,0.41024336
"@USER Lo que digo es que los nómadas digitales han aparecido para quedarse. Esto tb pasa en España (sbtodo las islas) y encarecen todo. No me pierdo, digo que la solución es regular el suelo y los derechos de residentes, no la inmigración pero se.",0,0,0.4682452
"#Internacional | “Mocosa”, fue el término empleado por @USER, presidente de #Brasil, para referirse a la activista sueca @USER por sus denuncias en contra del asesinato de dos indígenas en la #Amazonía. 

@USER 

LINK",0,0,0.38539606
8 de la mañana y Gus escuchando Arabe jajaja manija desde temprano,0,0,0.44930744
"@USER Quedemonos con la tranquilidad de que no salieron estos comunistas, eso el lo único que importa.",0,0,0.4454585
@USER entonces el genero y el sexo son diferentes o son lo mismo? decidete,0,0,0.4466361
"Pues si no quiere que se vayan, que los busque, los meta en su casa y trate de hacer algo bueno por ellos, por ejemplo decirles: niños eso que hicieron está muy mal, miren yo les doy todas mis pertenencias y así pueden ir vendiéndolas y por un tiempo no tendrán que robar.",0,0,0.44208312
Verdades Venezolanas 🇻🇪 LINK,0,0,0.4211222
Gracias por la corrección.,0,0,0.42248112
Es más peligroso el Covid ó los weones que manejan mal y no respetan las luz roja en la ciudad ????,0,0,0.42621517
"Que indignante lo del “Ministro” Paris. 

Pero recuerdo que Chile tiene los gobernantes que merece, y los que se vienen van a ser igual de nefastos.",0,0,0.48677015
La Reina Letizia será presidenta de honor de la ‘Carrera Hay Salida a la Violencia de Género’ LINK @USER,0,0,0.4306506
@USER Son weones derechamente,0,0,0.40651855
@USER Es lo único que no se puede explicar del concurso...lo demás merece lampe a y mucho,0,0,0.40339625
"Yyyyyyyyyy, el premio al rebuzno destacado del día es paraaaaaaaa... 👇👇👇👇👇👇 LINK",0,0,0.41988623
"0 respeto con la inmigración ilegal, y con los que la alientan, subnormal",0,0,0.42535362
"@USER @USER porque si no eres negra trans vegana, entonces eres un hombre blanco cihet opresor carnaca.Así son los SJW de twitter",0,0,0.47744194
Muy común entre las victimas de la progresía. Tiene duda de si la responsabilidad de lo sucedido es suya por formar parte de esta sociedad tan denostada y maltratada por el mundo progre.,0,0,0.47520563
"@USER se me atacó por ser mujer y no ser neoliberal , esto claramente es culpa de la derecha #TweetMadeFromMyIphone12ios",1,0,0.41762364
"@USER @USER Vergonzoso no hacerle más goles a weones tan malos, hace cuanto no le ganamos a ese equipo 'vergonzoso'?",0,0,0.46665484
"Si no se les dejara quedarse en el país entrando sin papeles, probablemente no se jugarían la vida de esa forma.",0,0,0.42989606
@USER Básicamente para la señora Oliva si el narcotráfico estuviera liderado por mujeres sería viable y lo apoyaría??? Gravísimo,0,0,0.48613694
"@USER @USER Misógino por qe? Eso no tiene nada qe ver..tu seguro eres una feminazi que si dicen algo en contra o no apoyan la causa de una mujer entonces ya uno es un misógino violador opresor..el hecho de darme cuenta del trasfondo del ""movimiento greta"" no me hace misógino, te hace crédula",1,0,0.4838544
"En Cdla San Francisco, Milagro, un hecho violento dejó dos heridos y un fallecido. Marilyn León contreras de 23 y Luis José Fuelmayor Chirino, de 10 años, quedaron heridos, mientras que\nEdwin José García Chirin, de 23 años, nacionalidad Venezolana, murió al instante. LINK",0,0,0.37940976
"@USER Apropiado y coherente sería  declarar quién te dio el triunfo ,es tan evidente que tu silencio sólo aporta más miseria a la nefasta clase política y muy particularmente a  la DC. Este voto contra los Comunistas y por favor, utiliza bien el lenguaje que lo flaite no te queda bien.",1,0,0.45771188
Cuando había algo escrito en árabe entre los trending topic y pensábamos que nos iba a atacar el ISIS x dios LINK,1,0,0.4322364
"@USER Venga ya guarrilla no te pongas que eres el puto amo,mañana nos vamos de fiesta por ahi guapa",0,0,0.45234776
me muero por decirte que te calles la puta boca de una puta jodida vez pero voy a pasar,0,0,0.3979976
"mi papá pensó q Luli rendía hoy y me preguntó cómo le fue, la puta madre papá cállate mejor😂",0,0,0.4174981
"Cagada del día: hoy es el cumpleaños de mi cuñado, adorné la casa fui a comprar el pastel e hice todo, pero le puse 38 años JAJAJAJAJAJAJAJAJA eran 37 ??????????????? No saben el drama que hizo",0,0,0.4271962
"Por cierto,yo no tengo culpa de esta vaina,yo ni veo las carreras venezolanas a menos que sea un ""CLASICO"",pero es que me la pusieron pancita 🤣😂😂😂 LINK",0,0,0.43527073
"@USER Deben tener un proyecto claro y con miras de una nación que los Chilenos deseamos!, y NO una lucha entre colores políticos, o se unen por un fin o se farrean la posibilidad que les está dando una Nación para demostrar lo que dicen!!. Ganar solo lo verán cuando hagan lo predicado.",0,0,0.44750902
@USER @USER @USER En Palencia sí que llueve. Puta bida,0,0,0.39710632
"@USER también hay guerra en Mali o en Chad, y están más cerca,\nporqué no venían de allí? Porque el primer coflicto que le ha salido en Google a Peinado ha sido el de Sudán.",0,1,0.5038047
@USER MUERETE HIJO DE PUTA TE ODIO OJALA BAJES A D5 ERES LO PEOR DEL MUNDO SUBNORMAL RUMANO DE MIERDA 🖕,1,0,0.48040277
Lo mismo iba comentar. Ahora perdonamos todo .,0,0,0.45692292
@USER Fijate en este link y capaz te ayuda con lo que necesitas  LINK,0,0,0.40871775
"1era Cumbre Ministerial África-América\n\n\n“Conectar países y regiones es clave para enfrentar shocks climáticos, sanitarios y bélicos”, dice Martín Bwalya, Jefe de Agencia de Desarrollo de Unión Africana @USER\n\n\n📰👉 LINK",0,0,0.41297343
@USER @USER Cada payaso populista,0,0,0.42591292
"Todos los pueblos! TODOS!! Tienen Dcho a la LIBREDETERMINACIÓN ! Que a estas alturas, tenga que aguantar a un Chileno indocumentado que,  viniendo de donde viene, pretende negarme mi legítimo Dcho a la LIBREDETERMINACIÓN, es el ACABOSE! El colonialismo de proximidad tb se acaba",1,0,0.46497637
"@USER Que pocos, estamos llenos de delincuentes 😑😑😑😑",1,0,0.42338517
@USER Plata tirada a la basura y la pagamos todos por la CTM,0,0,0.43267328
"Con Boric siempre me pasa lo mismo: suena razonable y más vivo, pero se rodea de nefastos a los que no abandona ni cuando lo humillan repetidamente....",0,0,0.42079115
@USER @USER Si mi novia es sevillista es una puta mas eso ha cantado,1,0,0.4269487
#impromilf    Yaz! cultura árabe = cultura machista. Te lo digo xq me ha pasado lo mismo! @USER @USER descendencia árabe siguen inculcando el machismo,1,0,0.48413977
La CUP celebra los resultados del bloque independentista pese a su descalabro LINK LINK,0,0,0.3821643
"@USER @USER Mujeres musulmanas en patera???.\nVa a ser que no,las traen luego",1,0,0.44428644
"A la perra de mi hermana, Greta, ayer casi le da un infarto por los petardos. A los niños podemos enseñarles a divertirse con un yoyo y no con pirotécnica.",0,1,0.53159815
Soy yo o los de mi espectacular boda gitana son actores repetidos? Porque me suenan de otras bodas.,0,0,0.48690706
Si txt con alguien por qué puta le vas a enseñar la conversacion a otra persona😒,0,0,0.4195838
la calle es una zorra pero baby tu eres más por eso cuándo llego me vuelvo a enamorar,0,0,0.41862053
"@USER Este profe es de el viejo comunismo, el real, el que desprecia a los gays, las religiones, el que es xenofogo, el que es completamente ignorante de la economía, etc.

Se muestra al mundo como realmente son los comunistas.",1,1,0.54107773
"Nadie se acuerda de los más de 2 millones de latinos que vinieron desde el 1999 por efecto llamada de AZNAR, sin papeles y sin puestos de trabajo...carajo que poco dura la memoria",0,0,0.4691566
"Los de #BoicotALosGoya, yo no me lo perdería, creo q les dan el premio a los más fachas a vuestros iconos, Bertín, Arévalo y Toni Cantó",0,0,0.4552337
"@USER @USER Q andai poniendo monitos weones ...
Escribe chuchetumare...",0,0,0.43242052
#YuriIsOverParty @USER te lo merecias muchisimo zorra LINK,1,0,0.37956944
@USER @USER @USER Tu eres puta,1,0,0.4315319
"@USER Jajaja esta de momento la wea,
va a pasar un par de días y
los del colo especialmente
volverán a putear como argentinos,
usar memes de argentinos y la wea
(cosa que no encuentro mal
en todo caso)",0,0,0.45749518
yo no apostaría a que no..,0,0,0.42824733
#Noticias #Alemania 🚨 Insólito: en Alemania hay 1.7 millones de empleos por escasez en 148 profesiones\n\n\n🧑‍💻Se reformará la ley de inmigración por bajos resultados de trabajadores extranjeros.\n\n\n👉 LINK LINK,0,0,0.46289778
"Tengo una sobrina que estaba re mal en química, tenía que dar una prueba global y fui a enseñarle y le fue la zorra, me siento tan bien",1,0,0.44767323
"Seguro saldrá alguna #FemiNazi a defenderla, está bueno por cochina LINK",1,0,0.47376257
"@USER Los k prefieren ir al Mall k a votar,los k sienten total indiferencia por tantos asesinatos y los presos políticos, por mujeres violentadas x toda-la represión vivida estos años!!",0,0,0.47167724
Oye pero si somos mataos de consumistas qué onda estos llorones culiaos cuicos acaso se visten en la feria?,0,1,0.50400364
"Si aún con lo que le han hecho los defiende. Me parece bien, allá ella. Pero cuando le toque a otra persona? una violación o algo peor? Leer las declaraciones de la mujer realmente incomprensibles.",0,0,0.4588044
"@USER @USER Cristina, querida, qué buena idea la de encargar que te escriban panfletos llenos de demagogia para poder entretenerte con su publicidad, así no te aburrirás cuando acabes en la cárcel por haber difundido los audios de la víctima del caso Arandina. Disfruta lo sembrado.",0,0,0.4725442
Hoy celebramos el Día Mundial de las Personas Refugiadas y la semana la tenemos repleta de actividades en Andalucía\n#DiaMundialDeLosRefugiados\n#WorldRefugeeDay\nSIGUE EL HILO!! 👇🧵 LINK,0,1,0.51521677
"Tu novia es más puta que se sacó un ojo para tener otro hueco, son pajeros😅😅",1,0,0.43222168
Los policías y los jotos.,1,0,0.47049415
Partío culiao!!! Mención honrosa pa Maripán.,0,0,0.41298822
No me gusta Árabe pero se me pegó.,0,0,0.4062118
"La mujer es LIBRE, puede vestirse, peinarse y comportarse como se le antoje y eso no te da derecho a llamarla 'puta'.",0,0,0.44174933
@USER @USER  No defiendo nada. De hecho ni sé  si usted es populacho.Ese nombre para personas no me gusta...es fascista,0,0,0.47767025
Joder! Ha muerto la socialista Carme Chacón! #DEP,0,0,0.4465169
Ya empezó a hacer tiempo Lampe ctm,0,0,0.43186778
"Tu puta madre pinche chamaco, mejor cállate",0,0,0.44187272
"En Perú el fujimorismo a travez de sus voceros ya adelantan que no van a reconocer los resultados electorales que dan la victoria a Pedro Castillo!
La delincuente Keiko Fujimori va a destruir el prestigio de su padrino político Mario Vargas Llosa!
El fujimorismo en lo de siempre! LINK",0,0,0.4505983
@USER TU ERES LA PUTA Y ESO ES PEOR,1,0,0.46260655
"De hecho incluso en la Wikipedia mencionan que se trataba de un aborigen del Congo. Aunque parece que no lo hicieron con intenciones directamente racistas (pero yo diría que, aunque ""inconscientemente"", el estereotipo que representa, claramente lo es). es.wikipedia.org/wiki/Conguitos La imagen del producto, aborigen ficticio negro, sonriente y de buena vida, bautizado por José Luis Izaguerri como Conguito, nació en 1961 del veterano publicista español Juan Tudela Férez como su primer trabajo de ilustrador para una agencia de Zaragoza. La idea nació bajo la influencia de la reciente independencia del Congo belga.",0,0,0.42474324
"@USER @USER Es que se la saben por libro. Tienen un discurso para estos casos. No hay que creerles ni lo que comen. Además van todos los domingo a misas, se golpean el pecho y después se cagan a la mujer como quieren",0,1,0.50988716
"@USER Has visto alguna entrevista de ese ignorante?
Cómo no les da vergüenza?!",0,0,0.42464694
@USER Venga sudaca a seguir en el zoo con la PUTA de tu abuela. Reportadito mijo. A llorar al yonki de tu abuelo,1,0,0.47965539
"@USER ... habemos muchos hombres en contra del acoso; eso sí, no todos lo expresamos desde el prejuicio sexista. Su respuesta se ganará aplausos y likes de los bienpensantes 'pero en ciertos pasajes no representa más que el extremo opuesto de la desastrosa columna de Caballero.'",0,0,0.41450718
"URIBISMO= POBREZA\nAntes del gobierno de Uribe le vendíamos a Venezuela 7000 millones de Dólares, ahora no hay si no contrabando y violaciones a las mujeres Venezolanas que horror 😱😡🤮😢 LINK",0,0,0.44628522
Flojos de mierda les gusta vivir en la mierda y que les metan el pico en el ojo no era más de 5 mntos para votar pero después se llenan la boca alegando esperemos que para las presidenciales no pase lo mismo por favor  #VOTACIONES2021,0,0,0.47630107
Pa fuera los delincuentes que se queden mos inmigrantes que valen la pena  #cavadachvcnn,0,0,0.39518106
"@USER De mí se rieron por relacionarlo con el veganismo: 'mirad a esta loca las tonterías que dice, lo que me faltaba por oír.' Mi hermana les miró como si fueran mierda, no entendieron por qué eran los únicos que se reían en la mesa.",0,0,0.44777495
"Aqui hay una mujer que cree que Pinochet creía en el voto, no sabe nada de nada, Pinochet creía en las balas y las armas con las cuales gobernó 17 años. @USER La lucha por la democracia se torna en una lucha contra la ignorancia. LINK",0,0,0.4445181
"Gissella Gallardo subiendo una historia con el labial de la Cote López y ésta compartiéndola en las suyas.
Y ustedes cada vez que se cruza Pinilla y Jiménez en algún programa/partido, salen con la weá del Rey León.
¿SE DAN CUENTA QUE SON AWEONAOS?",0,0,0.49209693
@USER ser subnormal de mierda eso es lo que pasa,1,0,0.44735754
"@USER Hombre, con esas convicciones, lo que no parece es que vaya a mantener amistades homosexuales a los que les importe su asistencia a la ceremonia… creo… y supongo que eso mismo se aplicaría si fuera una boda musulmana?? Hinduista?? Protestante??",0,0,0.44061452
"#VariantePiñera y su problema con la libertad de expresión es enfermiza, a la derecha chilena no le gusta la libertad, la persigue y la castiga cuando está no la hace ellos mismos! Mil veces maldito @USER !!!",1,0,0.45380503
"@USER @USER cuidao que soy peligroso uy que te araño, anda ya subnormal XD",0,0,0.4061621
"@USER Ay si señora lo que diga, vaya a encarcelar mujeres por abortar mientras el socialismo sigue avanzando por moralistas dogmáticos como ud. Y su ídolo neo nazi. Asco dan!",0,0,0.45413074
"YO SOY UNO..pasa algo?? Contrato de trabajo desde España Certificado de penales Permiso de residencia Documentación en regla Ser mejor en mi trabajo que uno del propio país Y el mejor consejo que no aparece en ninguna ley: en un país que no es el tuyo OIR, VER Y CALLAR. Ahora me comparas con éstos individuos que se echan al mar sin papeles a sabiendas de que algo van a recibir",0,0,0.45438957
"@USER ALGUIEN HA EXPKICADO PORQUE LOS ARGENTINOS NO QUIEREN PRODUCUR ? RESULTA QUE EL GOBIERNO LES PUSO IMPUESTOS DE 95% DE LAZ UTILIDADES ,CUYOS RECURSOS LOS UTILIZAN PARA PAGAR BONOS Y TENER CAUTIVOS A SUS VOTANTES MEDISNTRS ESTOS PAGOS Y ASI  MANTENERSE EN EL PODER Y SEGUIR ROBANDO",1,0,0.44749403
Amnistía para indocumentados en Estados Unidos LINK vía @USER,0,0,0.45290777
@USER @USER agárrate que viene el ataque feminazi!,1,0,0.48087785
Libertad digital es la misma mierda de ponzoña.,0,1,0.5001986
Partió escuela Mujer Emprende con 90 empresarias de distintos puntos de la región. LINK vía @USER Angamos #Antofagasta #calama #Taltal #Mejillones #Tocopilla #sierragorda LINK,0,0,0.4303579
"No puedes nacer homosexual, es una mentira.",1,0,0.46153387
@USER ¿qué vas a esperar de las antifas?? 🤣🤣🤣,0,0,0.43384415
@USER Los hechos son que un musulmán ha atacado gravemente a gays...\nNo?,1,0,0.42403716
@USER @USER la cara de facha biencomido le delata. Pobre diablo al servicio del régimen (que no dieta),0,0,0.39457005
"Los 3 jovenes del caso Arandina:
-&gt; 38 años de carcel cada uno

Caso de Rodrigo Lanza que asesinó a una persona a puñetazos y patadas, siendo reincidente (había dejado tetrapléjico a un policia con anterioridad)
-&gt; 5 años de carcel

Que alguien me lo explique.
Justicia española",0,1,0.5038509
"En Top Radio nos gusta la música con sabor latino. En el sorteo de las 2 entradas dobles para ir al cine con tu persona favorita, te vamos a hacer pensar en una canción donde la palabra clave sea LATINA o LATINO. ¿Recuerdas alguna canción con esta palabra?\nResponde y participa!🍀 LINK",0,0,0.48373494
voy a tratar d solo estudiar para no pensar otras cosas xq la verdad estoy harta d ponerme mal por tonterías la re puta madre,0,0,0.4178923
Subnormal tonto imbécil idiota,1,0,0.457117
"Ecuatorianos: Estamos pagando los caprichos de Ordóñez, quien no sabe un pepino sobre seguridad pública. En los hospitales falta hasta el hilo de sutura, cada vez hay más migración, más sicariatos, más robos y menos trabajo… hasta cuando aguantamos? LINK",1,1,0.5261419
"Ya está bien, este pais no deja de sorprenderme para mal, banda de catetos fascistas.",1,0,0.49469098
@USER estúpida. Has visto que hay un incendio de grandes proporciones en Australia. . me pregunto algo. Porque np has salido de bocona a decir algo?,1,0,0.40974504
Los comunistas son y serán siempre un cáncer para los paises.,0,0,0.43688905
"@USER @USER Vergonzoso es que dejen entrar a lacras de delincuentes y gente cero aporte lastre del estado, como si faltaran chilenos necesitados.",0,0,0.49712363
@USER mucho subnormal suelto para mi gusto,0,0,0.40778837
"INMIGRaNTE Pista con Coro"""" -LETRA- LINK ZiR: LINK a través de @USER""",0,0,0.43015173
"@USER @USER No es así. El berebere (tamazigt) es un idioma distinto, que tiene hasta un alfabeto y grafismo propio. Se habla en los países donde habita este pueblo, con sus variantes: el norte de Marruecos, la Kabilia Argelina, el Atlas, pueblos nómadas del desierto etc (sigue).",0,0,0.4381568
"@USER LA PUTA MADRE MAR ME MORI GRACIAS TE QUIERO <3 Bue soy buena porque tu eres re linda persona y me agradas mucho, aaay Brent es un amor, jsjs quiero hablarte pero a veces siento que te aburro :( toy feliz eres la primera en hacerme esto ahre",0,0,0.38356987
"Se fue de party el fin de semana, con otra chama. Tiene 24 como mi cubana, puso en twetter que el celu le hackeó y por eso no la extraña wow",0,0,0.41682225
@USER fuera todos los dinosaurios con ideas retrógradas que nos representan y nos cobran caro!!,1,0,0.41757715
De Marruecos solo viene la mierda. LINK,1,0,0.43034872
"@USER para mi son la España negra,con los independentistas y por supuesto los batasunos,es que es eso,odian, no avanzan,dividen a la sociedad en 2",0,0,0.45642674
"@USER @USER ""Periodista"" dices que eres pero no tienes ni una puta prueba de que el Padre de Greta o que Greta haga lo que haga por fines económicos.
Un puto opinador, es lo único que eres.
?",0,0,0.3942454
@USER Cuando estuve en el Zara me pilló una pelea entre dos señoras de la limpieza latinas tirándose de los pelos y gritándose LAGARTAA\n\n\nParecía que me había atacado un puma,0,0,0.4614351
Bloqueada por subnormal y por hacerme spoiler de una peli,0,0,0.44813892
"Greta tuitea sobre su viaje en ""tren abarrotado""; empresa ferroviaria responde que lo hizo en primera clase LINK
Esta muchachita boba, piensa que el mundo le rendira pletesia esta Loca esta mocosa FARSANTE",1,0,0.43439814
Me ha gustado un vídeo de @USER (LINK - CAILLOU ENTRA EN LA MATRIX (Episodio 5) Español sudaca HD).,0,0,0.4402259
"y le dice (el niño) al gitano: – ¡¡¡Me cago en tu puta madre!!!   El gitano le dice al padre   – Es delicaíllo er niño, ¿no?",0,0,0.42785147
"@USER Traidor hijo de puta¡¡, carcel comun te mereces basura¡¡, sos una lakra, Timmerman¡¡",0,0,0.3890271
"""Nosotras hicimos un estudio que se llama ""Ser lesbiana en Chile"" donde más del 50% de las mujeres asegura que desde los 14 años ya sabía cuál era su orientación sexual"".",0,0,0.41576204
"@USER @USER Los fascistas cuando son imbéciles, se denominan antifascistas.....aquí un ejemplo😂😂😂😂😂😂😂",0,0,0.4471237
"Histérica, marioneta y majareta: los insultos que hombres españoles dedican a Greta Thunberg en Twitter LINK",0,0,0.41190967
Por qué habrán tan pocos arqueros negros?,0,0,0.42364424
"1. Pochettino
2. Conte
3. Ten Hag
4. Potter
5. Nuno
6. Bob Martínez
7. Paulo Fonseca
Igual que en los fichajes, nos terminamos quedando con la séptima opción. LEVY PELAO BASTARDO Y LA CTM.",0,0,0.45476243
"Hombre.. a mi me tocan mi zumito y también arranco cabezas, hay cosas que hay que respetar.",0,0,0.48386934
@USER Callate Perra. Toda con el nopal en la frente 😂🙄,1,0,0.47746435
"@USER @USER @USER @USER Felicitaciones a esas mujeres q con su inteligencia y capacidad llegan sin pedir decretos, dádivas ni reconocimientos, eso es feminismo bien entendido .. ????",0,0,0.42937306
@USER Callate que cuando yo me valla vos vas a estat igual zorra de mierda,1,0,0.4179273
Seguir votando a sociatas y comunistas. A disfrutar de del multiculturalismo en nuestros barrios.\n\n\nCerca de mil subsaharianos «organizados y violentos» cruzan la valla fronteriza y entran en Melilla LINK a través de @USER,1,0,0.46500942
@USER Derechista perdedor del 20%  en Octubre y Mayo. La derecha patronal y piramidal se desmorona y cae en pedazos. Estás presenciando su derrota total. Y aunque cacarees nada puedes hacer para impedirlo. Perdieron por incompetentes los derechistas mediocres.,0,0,0.45895186
"Cuando vamos a sacarnos esos términos de mierda para calificar a las mujeres?! 

Histérica, puta y majareta: los insultos que los hombres españoles dedican a Greta Thunberg | Tecnología | EL PAÍS LINK",0,0,0.47229844
"Los polideportivos que financiamos todos los andaluces para que puedan hacer deporte nuestros jóvenes, están siendo inutilizados e invadidos por subsaharianos y musulmanes",1,0,0.434141
@USER @USER @USER Toda EUROPA es Fascista según los SeParasitos estos...,0,0,0.4133444
¿Me estás diciendo que la Sharia no impone su libertad ni derechos sobre los demás o que la iglesia católica en España no hace lo mismo?,0,0,0.45983642
"@USER @USER El de mi polla a granel. Que te calles, virgen.",1,0,0.44135603
"En Francia hay manzanas podridas, pero hay miles de descendientes de inmigrantes perfectamente integrados. Generalizar no suele ser fácil. Y la cruda realidad es que seguimos necesitando inmigración, condiciones dignas para los que vengan e integración para los que están. Y nadie ha dicho que vaya a ser fácil.",0,1,0.51541394
"@USER Es injustificable que defiendan a un weon que hizo un trabajo de manipulación macabro para poder llegar al nivel de perturbar la toma de decisiones de una niña (menor de edad) y que ella  accediera a intimar con él.
Se dan cuenta lo psicópata que es este weon.
No defiendan weones",0,0,0.43057573
"@USER Hoy en el Parlamento hemos asistido, al lamentable espectáculo, de ver a los bastardos hijos de puta, insultando a la representante EH Bildu.",0,0,0.43154877
@USER Sabes cuánto tiempo llevaba el campo de Gibraltar esperando el hospital de la línea tuvo que llegar el @USER para su apertura,0,0,0.38702878
@USER @USER Se llama maría Paula no vale chamo !,0,0,0.4406951
"@USER Te diría hembrista, pero es lo mismo que feminazi",0,0,0.40704957
"@USER claro, por eso hacer chistes de un dictador o quemar una foto de un rey elegido a dedo por otro dictador es condenado",0,0,0.4473037
"@USER @USER @USER No sabe, se cree que postula a presidenta.
Y no conoce los temas que le tocará enfrentar. Ve las entrevistas que le han hecho. Es una ignorante.

Y para ella todo es abuso patriarcal.",0,0,0.4881739
"@USER CÁLLATE, ERES PERFECTO MALDITA SEA NO LE HAGAS CASO A LA PERRA ZORRA DE TITÁN, QUE TE VALGA PUTA VERGA LO QUE DIGA, AAAAAAAAH",1,0,0.41982165
"@USER Maldita la puta que la parió, que es esta asquerosidad perra sucia. Debería sacarse la mierda que tiene en la cabeza hija de puta.",1,0,0.42376563
Me he metido en el hashtag para ver los modeleos &amp; está lleno de mataos fachas diciendo que la peña del cine son millonarios 😂,0,0,0.4711035
"Todo el que diga ""feminazi"" se merece que lo llames ""maldita rata asquerosa"".",0,0,0.49997568
@USER es que básicamente si amas España y estas orgulloso de haber nacido aquí eres facha...estooooo NO,0,0,0.41097394
Pena y rabia por la muerte de la joven detective. Unos malditos.,0,0,0.47717816
"@USER ¿Tu ves a Ibra dando lo que el cholo exige? No se yo eh, seria la hostia eso si xD",0,0,0.47784355
"@USER @USER @USER Ok diario noticias? Facha se te ve el plumero franquista y asesino que tenéis en vena todos, queréis acabar con la democracia allí como aquí",1,0,0.49816966
"Que buena vaina carajo con la cochina cultura árabe no conforme con la invasion que tenemos xq ya los venezolanos parecemos extranjeros en nuestro propio país, ahora canciones árabes en emisoras radiales no me jodan con esa cultura mal viviente",1,0,0.4528884
"@USER La solución es fácil, muro de hormigón de 3 metros de alto, garitas cerradas para vigilancia y por delante la valla actual con concertinas. No es caro, es cuestión de quererlo hacer.",1,1,0.5148922
"Gracias Jorge, es la única alt. para evitar que los zurdos nos roben nuestros ahorros.- LINK",1,0,0.47368878
"@USER Yess, negras con camiseta negra como buena friolenta darks que se precie de tal.",0,0,0.43789324
@USER @USER Es pq es moro verdad?,0,0,0.45265478
@USER Las 300 organizaciones son los mismos weones que creean otros organizaciones y aparecen en otros cargos,0,0,0.3955057
Los empiezo a hinchar una semana antes y se hacen los weones. Ni siquiera ahora que estamos a unas horas de la entrega pescan.,0,0,0.4984323
"@USER @USER Contra sacerdotes NO,contra un señor que un fascista ,un retrogrado y muy poco piadoso!",1,0,0.42899466
"Oye pero ese país lo inventaron hoy o qué. 🇰🇳
O soy muy ignorante 😕 LINK",0,0,0.41966277
"Mi madre siempre cuando va a fregar/ducharse utiliza ese agua fría que todos dejamos correr/tiramos para llenar cubos, bien para fregar o regar el patio, su florecillas o para el perro del vecino. Pero esto lo hizo SIEMPRE.",0,0,0.42008266
Tu poto será horrible. LINK,0,0,0.42143545
"@USER Jajajaja callate zorra, después te mando fotos de mi perrita y vas a cambiar de opinión",1,0,0.42462555
"@USER @USER @USER Orrego tiene historial de vieja política y un perfil conservador. Aún así lo preferiría frente a un derechista por ser un mal menor. En la DC hay distintos sectores, desde centro-derecha a Yasna Provoste. No veo incoherencia en apoyar a un sector y no a otro del mismo partido.",0,0,0.46722358
El que diga que Vidal no hace falta en el equipo que me la venga a chupar jiles qlos,0,0,0.41663796
Cómo me atraen las güeras 🤤,0,0,0.42293593
@USER @USER Cuando sacas reportajes de la migración de venezolanos aaah cierto eso no se puede xq tu patrón se enoja y el paga el sueldo de telesur...,0,0,0.43445438
TOMA @USER Y LA PUTA Q TE PARIO PENDEJA COMUNISTA DE MIERDA LINK,1,0,0.45756605
@USER Porque los comunistas defienden a los #violadores,0,0,0.43830413
"Les pagamos para que nos roben, violen y apuñalen, increíble!",1,0,0.4695671
"@USER De ahí las regularizaciones forzosas a indocumentados, contrataciones en países de origen y demás, porqué claro los Españoles de bien, solo estamos para pagar impuestos, tener trabas para emprender y demás...",1,0,0.47524846
Acabo de descubrir un bar-restaurante facha por aquí cerca. Ya sé dónde no ir a tomarme unas cañas,0,0,0.4776658
"Habrá llegado a otro aeropuerto porque yo viajé ayer y estaba repleto, hasta casi pierdo el vuelo porque migraciones estaba en colapso por la cantidad de gente 🤷‍♀️ LINK",0,0,0.4443732
@USER @USER Cállate mejor hijo de tu puta madre cinico si te tuviera enfrente te pondría en la madre por dejarnos el país así!!! Pinche ratero vividor del pueblo mexicano existe el karma y espero que pronto todo lo que nos han hecho se,0,0,0.43108067
Expulsión de migrantes durante fines de semana: presidente del Máximo Tribunal instruye a cortes del país que se reúnan en horario inhábil ante presentación de recursos de amparo urgentes LINK vía @USER,0,0,0.45979434
"Estos ñatos de La Tercera creen que somos giles!!!

La foto mas franca y vendedora, con mascarilla celeste y , resaltando los ojos azules, para Orrego...

La foto de semiperfil ,con imágen huidiza y con mascarilla negra, para Karina.

Pero ...la gente va a votar por lo nuevo!!! LINK",0,1,0.50951743
"@USER @USER SUBNORMAL. QUE NO TIENES NI MEDIA NEURONA PAYASA. TE METIA UN ... ME VOY A CALLAR PORQUE DESPUES NOS ACUSAIS DE TERRORISMO, PERO, MENUDA PEDRADA TIENES EN LA CABEZA ASQUEROSA",1,0,0.46346304
"Nueva prueba de que no son refugiados, ni asilados...  Son inmigrantes económicos y como todos los videos que os sacamos muchis de ellos violentos, delincuentes o violadores...  Si tienen dinero para pagar a las mafias, no tienen porque recibir ayuda... LINK",1,0,0.45810345
cómo chucha se encuentra pega cuando para un reemplazo de 6 meses postulan culiaos con posgrados en europa,0,0,0.42926413
¿se sentirá alguien libre de llamarme puta por enseñar un pezón?,1,0,0.45990312
@USER @USER @USER @USER De perra madre.,0,0,0.37494794
"@USER Otra ignorante aberrante al congreso? , Nica linda",0,0,0.42185608
@USER callate puta de mierda lo dijiste por mi pelotuda olor a culo cara de culo culo en los pies culo con cara concha de culo olor a culo te llama tu mama la culo sabes culo,1,0,0.47307578
"la derecha le debe unas disculpas al Gobierno de sanchez-iglesias, ni Trump en sus mejores sueños",0,0,0.39164418
@USER que me llamen nazi también a mí. Que asco de gente.,1,0,0.48054382
"@USER @USER Listo, me aburrió este alaraco qliao.",0,0,0.46433184
"@USER Contéstale que el muro de la vergüenza no fue el muro contra el fascismo , que Lech Walesa fue encarcelando por los comunistas , q en cuba llevan 55 años con ls dinastía de los castros . Etc etc",0,0,0.4384863
Sos una malparida no mereces ser feliz puta puta puta,1,0,0.41048336
"@USER Gracioso la Hoz y el martillo d tu bio, en un estado comunista estarías picando piedra por enfermo y maricón",1,0,0.46631113
@USER Es q para algunos el arco político se divide en izquierda y fachas. Todos sabemos que en la izquierda no existen fascistas ni totalitarios.,0,1,0.5047877
"@USER Basta! Poned pie en pared a tanta provocación y cortad la humillación de estos cuatro hijos de perra,",0,0,0.3857612
@USER Fachos indignos !! Son asquerosos !! 🤮,0,0,0.42506415
"@USER @USER @USER @USER @USER Para buscar la historia oficial d la dictadura ya tenemos bastante, los medios se han encargado d eso. Y por esto mismo q no vivimos en una democracia, donde la verdad es distorsionada y crea a los fachos pobres q votan por una élite corrupta.",0,0,0.4441032
"En el ático del alto edificio se habían reunido los jefes de marketing para decidir el nombre del nuevo producto. A través de las grandes cristaleras ahumadas la visión de la ciudad era increíble, e incluso el paso ocasional de los aerodeslizadores contribuía a la espectacularidad. - A ver - dijo la directora. Tenemos un producto listo para el lanzamiento y necesitamos darle un nombre con gancho que maximice las ventas. En sus manos sostenía algo similar a un cuadrado de un color verdoso y con una silueta característica. No es que resultara muy apetitoso a simple vista y su sabor aunque característico no levantaría pasiones .. pero eso el márketing haría el milagro. - Podríamos llamarlo ecochips - Señaló el director regional de Eurasia. - No, la moda eco ya pasó y sólo falta poner ""chip"" en el nombre para que surja una teoría conspiratoria. - ¿Que tal verdipaps? - Propuso el representante de Latinoamérica. - Sin referencias directas al color por favor. Eso no vende. - ¿Y un nombre que no signifique nada como Unurux? - Señaló el delegado europeo. - No, eso tiene mucho parecido con una palabra malsonante en Swahili - indicó el africano. - ¿Saben qué? - dino la directora - A mi me recuerda mucho a los Bandell. - ¿Se refiere a la forma de vida recién descubierta en Marte?. - Si, es algo de moda, y es una forma de vida simple , que no creo que nos demande. Hacía ya miles de años que había desaparecido cualquier rastro de forma animal en la superficie de la Tierra, y la población se mantenía gracias a la ingestión de Bandells proteínicos. Todavía quedaban antiguos anuncios de Bandell repartidos entre las paredes de lo que ahora era una gran ciudad que cubría casi por completo el planeta, aunque ya no hacía falta anunciar el alimento exclusivo. Una mañana sucedió. Los ataques empezaron a primera hora y fueron propagándose rápidamente por toda la superficie. La rendición terrestre llegó apenas 24h más tarde. El presidente se reunió con el líder de las fuerzas invasoras - - ¿Porqué? - Porque lleváis miles de años despreciándonos comiendo reproducciones nuestras,",0,0,0.46957663
"@USER Mirs como el guarro del murciano """""""""""""""". Como dos gotas. Que cabrones el murciano y el guineano, seran del mismo clan.",0,0,0.4294224
"Malditas empanadas, encontré mi nuevo lugar favorito LINK",0,0,0.46819302
"Mi primo lejano que más me hacía bullying en mi infancia por afeminado ahora el es gay también 😂, si algo me enseñó la vida es que en muchos casos dentro de cada homofóbico, hay también un frustrado reprimido y envidioso atacando a los valientes que si nos aceptamos (o casi)",1,0,0.43011725
Puigdemont creo no ha visto que a pesar del triunfo independentista en escaño no gana ni en votos ni es el partido mas votado,0,0,0.40767148
"@USER Cerda,envidiosa,que te vaya muy mal tu puta vida no te mereces ni el agua que bebes LINK",1,0,0.41338068
"que motivos ideológicos pueden haber para no actuar contra los delincuentes? ¿me lo puedes explicar? Y no me vengas con lo de la izquierda bolivariana, que quieres a todos los delincuentes inmigrantes",0,1,0.5182827
"@USER @USER rivivio el árbitro con el penalti a suárez, subnormal",1,0,0.3509672
Haz que pase,0,0,0.44440818
"@USER @USER Callate perra, me das asco ya deja de chuparme las bolas",1,0,0.43519747
LPM wn partido QLIAO,0,0,0.37855524
"Ese mismo pais que carga contra aficiones que no quiere nazis en su equipo, y calla ante aficiones que llama putas y justifica los maltratos",0,0,0.42650098
"A los racistas se les combate con cárcel, como a cualquier otro criminal. Si después quieres hacerles pajillas e indagar en su psicopatía chovinista me parece genial, pero PRIMERO AL TRULLO. Que no son inocuos, son una lacra obvia y peligrosa. Y después de acostarte con ellos llegarás justo a la conclusión que te he expuesto: que son gilipollas acéfalos, y eso les hace permeables a la perniciosa mierda ideológica que tú fútilmente tratas de blanquear. Porque por mucho que patalees dialécticamente el racismo no es una psicopatología, es una ideología. Tanto es así que incluso tenemos partidos políticos basados en ella, cuyo ""target"" son precisamente los gilipollas sin cerebro.",1,1,0.5032383
@USER Vas de loba y luego eres una payasa vende humo y suelta mierda jajjajjaja,1,0,0.44814116
y los chilenos llegaron en ✈️ 😂... LINK,0,0,0.33382407
"Razón enésima de porque Latino América no avanza. Pueden ver a una parejita heterosexual hasta metiéndose mano en un parque, pero un beso homosexual atenta contra los niños. LINK",0,0,0.45903063
"@USER Por hueón maricón, de esos que le pegan a las mujeres. 🖕🏻",0,0,0.4117815
@USER @USER @USER Rufian es un charnego de Jaén que pronto se verá obligado a arrastrar sacos de aceituna en la tierra de sus ancestros #retratado,1,0,0.38838395
"@USER yo creia q solo eras un mamon, pero ver la mala saña con q escribes sin saber pero sabiendo lo q te hace es una mala persona.",0,0,0.38800317
"@USER Tia! Asi de amigui a amigui... no te flipes, q hay una parte q no tienes ni zorra, Puigdemont les salió rana, no queria chuparla a los d ñ a partir de ahí tu teoria se desconjuaringa, vas mal, muuu mal... para hablar de estas teorías empecemos x hablar de Madriz y Pujol...",0,0,0.49681517
"Por mí, deberíamos condenarles a penas de exilio. Si no les gustan nuestras normas sociales, un poco de viajes culturales a sociedades como la turca o la de república centroafricana, puede que les abran las mentes.",0,0,0.46051362
"7/ La intervención imperialista tal vez más criminal fue esta última, donde Francia y la OTAN destruyeron uno de los países más ricos del continente, porque (entre otras cosas) Gaddafi quería crear una moneda africana y acabar con la dependencia económica de Francia y occidente.",0,0,0.40389538
"Américo qliao quien te viera y quien te ve... 
Hace mierda a los participantes y el wn es más penca que la mierda...
Agrandado qliao
#YoSoyChv",0,0,0.44653517
Eso parece,0,0,0.4699381
"#LosDesayunos el borrachuzo abalos no tiene desperdicio, vaya cara más dura, y todo para seguir robando sin riesgo de ir a la cárcel. Habla de extrema derecha, y el negociando con la más ultra izquierda que se conoce la del GRAN CERDO MACHISTA.",0,0,0.46654263
La 15º Muestra de Cine+Video Indígena se realizará online para todo Chile LINK,0,0,0.4501665
"@USER @USER Yo he visto q la llegada de peruanos no es mala al contrario generan empleos,muchos inversionistas y emprendedores,ya que ellos no vienen con el chip de la iz💩de maburro de parasitar como lo hacen los venecos . A estos último yo les haría la cruz es ma prohibirá su ingreso 🤷🏻‍♀️",1,0,0.4451451
Que inconsecuencia y cobardía. Valen callampa LINK,0,0,0.42596978
"Ahora, también me habría gustado ver a Araos, Allende, Nico Díaz, Dávila, Zacarías, Méndez, Gil... Pero bueno, no pueden ser todos.

Quizás habría dejado afuera a Vargas, para ""arriesgar"" con otro 9, que es lo que más nos urge. 

No es mala nómina, creo, pero tampoco me llena.",0,0,0.45920652
"pues 9 no está desacertado. En el país de la piruleta todos deberían estar a la hora que quisieran, donde quisieran, pero no vivimos ahí. Por desgracia la realidad es otra y como han dicho y así ha pasado, una chica de 14 años, sola, en un lugar conocido de movidas.. Pues es lo que hay. Todos los derechos que quieras pero repito, el mundo no es el ideal. Ademas, un ejemplo, Si en algunos lugares de sudamerica no salen ni lo hombres a x horas a la calle.. Y no me vengas con que no estamos en suramerica. Y digo esto con todo el respeto eh",0,0,0.46760595
"O sea, herederos de fascistas acusando de nazis a los que quieren más democracia. Si no fuese porque no tiene ni puta gracia, sería de risa.",0,1,0.5134206
"Siempre tiene una explicación para todo, pero lo unico concreto que su servicio es una mierda
Me aburrieron, ahora si los mando a la CSM a estos sinverguenzas de @USER LINK",0,0,0.45435914
"@USER Si avanzan los comunistas, nos esperan estos niños en las calles LINK",1,0,0.41934383
"#LoMásLeído? Greta Thunberg, la polémica continúa: aparece en un sillón… de cuero animal, de 6.000€ y madera refinada LINK",0,0,0.46162507
Jajajaja oye pero este weon no solo tiene la cara de tonto LINK,0,0,0.45852977
"a otros no, incluso ya se creó un ministerio para valorar a las mujeres. Incluso hay leyes Viogen que han salido de ese problema.",0,0,0.45531344
"La impunidad y permisividad constante en este tipo de delitos trae consigo que la gente se tome la justicia por su mano. Es lo que hay. O se hace justicia o la gente la hará a su manera por muy ilegal y antidemocrática que sea. Le hacen eso a mi abuela - que en paz descanse - y si lo pillo no lo cuenta. Edito para añadir: que de estas situaciones es de las que se alimentan partidos como Vox , que me parece un partido lamentable en general, pero así es. Y mientras no se encuentre arreglo a esto la voxemia seguirá creciendo, con todas las lamentables situaciones que ello provocará cada vez más.",0,0,0.46870494
"@USER En ese mismo intervalo tú le habrías explicado la sentencia de la Arandina, el último videojuego con el que te distraes, lo que más te gusta de Ibai, tus tres comidas preferidas y la magnífica novia que tienes. No te quejes. ??",0,0,0.35925043
"AMAN tirar abajo a Greta y re que la chabona hizo más por el medioambiente que vos criticandola pelotuda, ambos son tremendos genios LINK",0,0,0.4588866
@USER Por que los Comunistas se comen las guaguas. No he sabido de ninguna guagua comida. Tal vez en Rusia en pleno invierno en la primera guerra mundias y en la 2a tambien hayan habido casos de comerse guaguas ya muertas.... no había que comer. Pero de ahi que mataran una guagua hay,1,0,0.46414277
@USER Vos extrañas solo a tus amigas perra. Callate,1,0,0.45192975
@USER @USER Saco de weas son ustedes zurdos minoría. Nunca en Chile gobernarán.aji En el culo parece 🌶🌶🌶🌶🌶🌶🌶,0,0,0.4751095
Aparte de payaso es care raja @USER LINK,0,0,0.36130005
@USER El mejor modelo. La ignorante propone modelos fracasados,0,0,0.411623
Hoy tendremos una representación de la afición parrula en el Pabellón Pedro Delgado. Que grandes son!! 😀 LINK,0,0,0.49882385
"@USER mucha rabia e impotencia, quien para a estos parlamentarios? tuve que pedir un préstamo para poder pagar sueldos y obligaciones por que la producción simplemente se paralizo, las pymes no tenemos ayuda x 18/10 ni por pandemia, y ahora nos dicen que van a indemnizar a delincuentes",0,0,0.47632807
@USER @USER No juego al FIFA como tú pedazo de hijo de puta hazte youtuber de fortnite y callate,0,0,0.42476568
Están hasta el cogote los hermanos Peruanos LINK,0,0,0.45307282
@USER Víctimas son los subsaharianos que vienen en patera y se ahogan en el Mediterraneo o los del África negra que sufren cortes brutales en las concertinas. Estos eran unos fanáticos religiosos imbuidos por una ideología de extrema derecha (wahabismo).,0,0,0.49669415
Los fachas vs Antonio Maestre LINK,0,0,0.42138663
"No tienen respeto del  chileno promedio, ahora no lo tendran de los patriotas. @USER @USER  #AntiChile financiada por chilenos.Que estan bajo las manos de las élites globalistas de agenda 2030. Dan verguenza, están colaborando a la destrucción de 🇨🇱
!Sedicionistas! LINK",0,0,0.43027666
"Ahhh pero mira que bien: un Fizcal de acuedo con la inmigración ilegal cuando esta ha traído una ola  de narcotraficantes colombianos y sicarios a sueldo.

Que bien la moral de este pesudo fiscal LINK",1,0,0.47199535
@USER “No importa lo bueno que sea. Si apoyas al político diferente al que yo apoyo entonces eres malo” En esto nos convirtieron los políticos venezolanos…,0,0,0.41659647
"Guinea-Malí:\n“Estoy concentrado, estoy preparado y también para estar listo para defender Malí, para estar listo para seguir los pasos de nuestros mayores que es el panafricanismo y también asumí este panafricanismo” LINK",0,0,0.46397242
"La #Arandina leerá un manifiesto el sábado para mostrar su repulsa a la violencia y contra los abusos sexuales al hilo de las denuncia contra tres de sus ya exjugadores, uno de ellos berciano. #Bierzo LINK LINK",0,0,0.46519333
"Que nombren a este juez ministro de Justicia, ya tardan.",0,1,0.5134171
@USER @USER Ay cállate Marta! Me tení 🤕,0,0,0.43214184
"@USER @USER @USER @USER Ya lo tengo, gracias. Qué las mujeres no busquen hombres porque las maltratan, así de desubicado te lees.",0,0,0.48576704
"@USER aunque sea aquí... 17 mujeres muertas en España por violencia de género, paro, pobreza, pero importa más qué puto equipo gane..",0,0,0.46927541
Esta gente se hace llamar madridista... Luego nos extrañamos si dicen que somos una afición de mierda LINK,0,0,0.49466732
"@USER @USER @USER @USER Si aquí los únicos fascistas sois vosotros, burros.",1,0,0.44661483
"Cualquiera podría entender que estamos ante una conducta fascista. Pero luego te das cuenta que es un progre y lo descartas de inmediato. Ellos son buena gente, nunca matarían a nadie, y son super democráticos, aceptan siempre con tolerancia las opniones fundamentadas de los demás. Que poquito les queda, huele a mierda hace mucho tiempo.",1,1,0.52679104
"@USER @USER Yo me iría por otro lado: citar de la peor manera posible a todos los weones académicos que estén a cargo de revistas e instituciones que siguen haciendo esto.
Onda, poner el nombre en vez del apellido, cortarles el apellido por la mitad, lo que sea, que les quede la cagá",0,0,0.4771126
La Escuela de Verano de los Jóvenes por la Paz en el campo de refugiados de Schisto comienza hoy en Atenas LINK,0,0,0.44933334
@USER eres racista prefieres ayudar a los Venezolanos delincuentes disfrasados de refugiados indocumentados se infiltran en el paro cobrando 50 dólares para crear caos y hacerse pasar por indígenas no a la regularización de Venezolanos @USER @USER @USER,1,0,0.4642798
Lo que no debería estar permitido es que especímenes ignorantes y obtusos sean senadores 😩 LINK,0,0,0.39269698
"@USER @USER @USER Se quiso burlar de las feminazis, como lo hacen muchos, porque la verdad que ustedes y toda su ideología es bastante patética y se merece mínimo 10 burlas cada 15 minutos.",1,0,0.46317014
"@USER Yo no soy racista ni de coña, solo que simplemente prefiero verlo doblado en mi dialecto, será por costumbre o algo, pero es que con las pelis antiguas de Disney me pasaba igual, que no me gustaba verlas dobladas de esa manera... Es cuestión de gustos",0,0,0.44644248
"@USER @USER @USER @USER Y tú eres muy bueno con una polla en la boca, hijo de puta.",0,0,0.46056512
"Que tipo de Feminazi resentida, maneja esta cuenta ??? LINK",1,0,0.4246126
Los besaculos de gringo no se enteran de que los gringos adoran a Almodóvar y nuestros actores son como realeza allí.,0,0,0.4211575
"@USER @USER @USER A ti lo que se te habrá pasao ya es la tajá, mamón.",0,0,0.47439203
PUTA VARGASSSS T AMO CULIAO VAMOS QUE TE SALEEEE #PartyChilensisFtLaRoja,0,0,0.3838556
@USER @USER Es correcto una cosa es acoso pero una violacion Pau tiene razón es delicafob,0,0,0.44132563
@USER @USER Ah y los chequeos a las pelotas serán a conciencia de cada umpire es decir cuando el decida y crea conveniente hará revision de las mismas para prevenir uso de sustancias prohibidas...,0,0,0.41673288
"@USER Es como cuando Brazil gana el Campeonato mundial, nos pegamos a la buena y celebramos como si los ganadores fuéramos los chilenos. 
La derecha no tiene dignidad y la DC tampoco.",0,0,0.49167857
"Manera de contradecirse este programa, hoy avalando las tomas ILEGALES,después criticando a los sinverguenzas q se toman casas y lo encuentran terrible y piden que las autoridades se hagan cargo y arman tremendo show. en fin hipocresía! #ContigoCHV",0,0,0.4656655
🔴 SIETE #GuardiasCiviles heridos con cal viva en otro salto de #Valla en #Ceuta de unos 200 inmigrantes.    👉 EL @USER de #Marlaska pone medios para acomodar a la inmigración ilegal y abandona en la #FronteraSur a las #FCSE.    💥 #EquiparacionYa real sin excepciones. LINK,0,0,0.40957808
"📹 Vídeo de la actuación de la banda de música en las fiestas de Cox acompañando a la comparsa mora Lues, interpretando Sisco, compuesta en 1988 por Daniel Ferrero, y dedicada a la escuadra ""El Pou"" de los Saudites de Ontinyent\n\n\n🎥 de Alen Cristo\n\n\n#snum #granjaderocamora #FSMCV LINK",0,0,0.4307916
Creía que eras subnormal pero al final no tanto,0,0,0.4495223
"Los zurdos son una lagra
Qué no debe existir todo
Lo destruyen hay puros
Enfermos del mate 
Q no le gusta trabajar
Creen q el Dinero caerá 
Como mana del Cielo
Zánganos mentirosos
Ególatras a estos los
Parió el Demonio LINK",1,0,0.46896732
"@USER Eso es de ser retrasado y reaccionario, lo usan en todos los putos deportes timadores de mierda",1,0,0.48604736
"El troleo no tiene lineas rojas, bueno si, Antonio Maestre que si lo troleas eres un facha liberal",0,0,0.46770194
LLEGARON LOS PERNOS DE LA SILLA CTM LINK,0,0,0.45206788
"Lee bien. Necesitan que VOX vaya contra los ilegales para que estén desamparados, sean culpables y poder así exprimirlos mejor. El 100% de los empresaurios votan a VOX.",0,1,0.541888
La anciana está bien?,0,0,0.44275436
"Azul hombres, rosado mujeres #falso LINK",1,0,0.470441
Soy al unico al que le ha rallado la cabeza mucho el que el primer comentario esté contestando al segundo?,0,0,0.4759407
"@USER @USER Más que expropiación será nacionalización, estos zurdos solo saben robar para ""repartir""",1,0,0.4971636
"Podría dar clases de ""coaching""",0,0,0.42812097
@USER ¿Cuantos gatos chilotes te asechan?,0,0,0.45457107
"La guardia de franco era conocida como la guardia mora, un cuerpo de élite extremadamente sanguinario, pese a todo las milicias de la República resistieron 3 años defendiendo sus casas ""no pasaran""españa igual fué repoblada desde argelia y marruecos por los colonos europeos...",0,0,0.3618419
A la DERECHONA FRANQUISTA  siempre le a gustado la sumisión=Trump LINK,0,0,0.3924271
@USER @USER @USER @USER a ver que protegemos?el pais ¿de que? de inmigrantees que viene a vivir de lo nuestro? pues x esa regla de 3 deberias de estar pidiendo que no dejen hacer negocios aqui a ningun extragero o es que los que tienen pasta  y pueden evitar las concertinas son mejores que los demas,1,0,0.45032227
"La protagonista de la serie “Isabel”, nos cuenta detalles sobre la grabación de la serie biográfica de la escritora LINK #IsabelMV",0,0,0.34141538
"inmigración legal que ""le quita el trabajo a los españoles""? No, nunca he leído nada en contra.",0,1,0.5090462
"Pues es una lástima que gente que busca salir de la miseria muera de esa manera. Aún así aquí no hay sitio para tanta gente, y si sus paisanos se comportaran y fueran ejemplo de integración se podría ser algo más ""laxo"" a la hora de aceptar a esta gente. Pero como son como son, sintiéndolo mucho los deberían enviar de vuelta a su país.",0,0,0.46196485
@USER .@USER Dice Maduro que lo que no consiga con votos lo conseguirá con las armas. ¿Así o más fascista? ¿Esa  fue su asesoría?,0,0,0.44284
@USER Caragita idiota,1,0,0.40543237
Lena Dunham prepara una serie sobre feminismo para HBO' Afirman que se rodará integramente en una cocina. #NewCine LINK,0,0,0.3958918
"Visto el primer capi de Snowfall y me ha encantado. Drogas, mafia, negros de barrio..son 3 historias paralelas en ese tipo de ambiente que",0,1,0.51071584
"RECIÉN A LAS 4:17 SE QUEDO CALLADA LA PERRA DE LOS VECINOS. La re putísima madre, me voy a dormir antes de que empiece a joder de nuevo",0,0,0.43668154
Informan en Lorca del incremento de los niveles de las partículas PM10 por las altas temperaturas y la intrusión de aire sahariano - LINK,0,0,0.4571238
No me gusta el titular. Culpabilizar a la inmigración del populismo? El populusmo es quien uso cualquier hecho para agitar.El riesgo populista en España por la tensión migratoria pone en alerta a Bruselas LINK vía @USER,0,0,0.46243167
@USER Tu eres un hijo de la gran puta,0,0,0.4065392
🦁 En este parque se reúnen más de mil animales de 300 especies distintas. #Ruta179 LINK,0,0,0.4235523
@USER A ver si hacemos elecciones y te mandamos a la puta calle. Que a toda cerda le llega su San Martín,1,0,0.47597352
"Sigo consternado por la hambruna padecida por Antonio Maestre. Será mamón, sabrá el lo que es hambre.",0,0,0.49749705
"@USER  ya estás en la cueva, mamón???? 😂😂😂😂 eres un mierdaaaaa!!!!!!!",1,0,0.39148593
La puta madre no te enseñaron a golpear la puerta 😧,0,0,0.3942741
@USER @USER @USER Maricas ustedes yo no,1,0,0.37232032
@USER @USER NN quieres que el bastardo mentiroso puro te meta el pico tan bajo que caen las colas x pico ctm que vergüenza,0,0,0.45735243
@USER Q horrible wn. Agradezco haber vivido en un hogar feminista donde no hay mayores diferencias con mis hermanos y siempre me dejaron ser con las precauciones obvias.,0,0,0.39869502
"Lo de Salou solo es el principio. Ya están saliendo muchos autocares rumbo a Cataluña llenos de subsaharianos, porque dicen que allí Colau lis trata de lujo",0,1,0.5142251
"Este colombiano hablando del partido de chile Bolivia. Amigo, Chile tuvo 26 remates alrco, 2 palos, pelotas sacadas de la línea y con un gol en contra con una mano sumamente dudosa por contexto de jugada.
Paraguay fue similar, solo que jugó contra 10 suplentes #FutbolTotalDIRECTV",0,0,0.43497416
@USER Y luego emparejar todos los que son negros,0,0,0.4621044
@USER POR QUÉ SOY TAN SUBNORMAL ME MEO,0,0,0.45541006
@USER Los cubos... en cada barrio había un clandestino de cubos 🤣,0,0,0.46575284
@USER Jajajajaja acá el otro día una mina mandó que le habían dejado una paloma muerta en la puerta y otra vieja le puso que por carretera y buena pál webeo... los weones belicos!,0,0,0.4383541
"@USER @USER total que la respuesta a la pregunta ""que se le dice a un colombiano o peruano que diga que todos los venecos son ladrones?"" que no generalice y mas que eso, predicar con el ejemplo es lo mejor y mas sano que uno puede hacer para tumbar esos muros de prejuicios",0,0,0.4653709
OpemArms aprueba tu sarcasmo.,0,0,0.44853038
Los exjugadores de la Arandina seguirán en libertad LINK,0,0,0.4036724
"#ustedes se burlan de los peruanos contentos con Keiko. Cuando estemos celebrando el triunfo del presidente Logan sobre Karen Oliva por 0,03% de los votos los quiero ver.",0,0,0.47530335
"El debate sobre la supuesta connotación #machista de #coñazo es un #coñazo, de igual forma que nadie se plantea que cuando se dice que es un #tostón nadie se para a pensar en las tóstas de pan o cuando dicen que es un #Plomazo nadie tampoco te acusa de plomo-fóbico",0,0,0.4399952
@USER Esas comillas son la madre del cordero. Es ella la de la mano negra sin pruebas. Y las hay de lo contrario.,0,0,0.45642972
"@USER @USER Eso creo más, mujer fuerte afírmense !!☝️😌💪🏻👍",0,0,0.4230579
@USER @USER @USER coger en el habla de latinoamericana es lo q le voy a hacer a tu madre,0,0,0.40574098
"@USER @USER Buenas noches Malisa, que descanses y tengas hermosos y felices sueños, 🌅 🌄 Que disfrutes de un bellísimo amanecer Mali,🖐",0,0,0.40961322
"@USER Se clava en tu culo y empieza a follarte rápido. [No! -gruño angustiado] me remuevo angustiado y me dan con una cuerda en la espalda mientras el tío te folla el culo, rodeada de vomito, sangre y dolor.",1,0,0.4828172
El más mongolo tenía que ser! No podía ser otro 😂😂😂 Hoy a chupar LINK,1,0,0.4387631
"@USER @USER @USER El catalán sera regional y vagaremos por las galaxias, cat sera kosovo y ni una empresa vendra. Familias rotas y amigos q ya no se hablan. Pero hemos ganado. Fenomeno.",0,0,0.46020493
@USER Educar en igualdad. Nada más. Enseñar a respetar.,0,0,0.44243222
"no entiendo eso de enseñarle la polla a cualquiera de verdad, no le encuentro el sentido",0,0,0.4850648
"💭 Joder, ya está otra vez mi primo el catalán liándola. LINK",0,0,0.42790842
"""Reino Unido cero cristianos entre los 1,112 sirios """"refugiados"""" reubicados en esd pais en lo que va de año, en 2017 solo reibicaron a 11. Una clara predisposición a favor de supremacistas fundamentalistas islámicos. Absurdo y suicida. LINK",1,0,0.42808846
"Este señor es un buenista. Inmigración, solo la necesaria para cubrir la producción con retorno al término de contrato, y punto. LINK",0,0,0.42195636
"@USER Si es por pobreza económica, somos todos pobres. A mi me preocupa la imparable Gestión de hacer cada día más ignorante a la gente. Hay una sub cultura de aparentar frivolidad con música de mierda como soundtrack.  La música cuando es solamente ritmo hace vibrar mal el aire.",0,1,0.5733819
"En Brasil creen que soy europea. Mi vidas, si tan solo supieran que soy mas sudaka y pobre que ellos",1,0,0.44790196
Es lo que pasa cuando te saltas las leyes. Vas a salir mal parado (casi) siempre.,0,0,0.47434607
"Vendieron una servicentro shell y echaron a todos los chilenos porque el nuevo dueño solo contrata inmigrantes. Tenemos mas del 7 % de desempleo y solo quieren inmigrantes. Apoyas a los inmigrantes hasta que te quitan el empleo, la polola, la casa o la vida. Defiende a tu gente.",1,0,0.478338
"La primer comida del regreso a casa: TACOS ÁRABES!!! #PorqueSoyMexicano #YaLlegue #ExtrañabaLosTacos en Puebla, Mexico LINK",0,0,0.41993234
@USER @USER En serio lo de ser puta te parece Bien ? Gran Trabajo del regimen Franco-Hitler ...,1,0,0.46611476
"@USER No he dicho que nadie sea paleto con respecto a otros. Solo que el catalan procede de las lenguas romances del sur de Francia siglos antes de que apareciera el castellano antiguo, siglos antes de expulsar a los arabes. Y eso es historia pura y dura, moleste a quien moleste",0,0,0.43860775
"Es justo que esos menores marroquís sean adptados por el sultán de Ma rruecos, que es muy rico y no por los contribuyentes de un pais empobrecido como el nuestro. Y si se comportan así, tiene una eficaz policía que sabe como tratarles.",0,0,0.48856497
Pacos culiaos siendo pacos culiaos😤 LINK,0,0,0.4435113
"Más de 600 inmigrantes entran en Ceuta tras saltar la valla:22 guardias civiles heridos, varios por cal viva. ESTA SALVAJADA ES UN ATENTADO CONTRA LA AUTORIDAD Y LAS FUERZAS DEL ORDEN ¿Y SE VA A PERMITIR QUE SALGAN DE ROSITAS PORQUE SON ONMIGRANTES ILEGALES? ¡¡DEPORTACION YAAAA!!",1,0,0.43705416
"Dos ediles del PP retiraban propaganda independentista, amenazados tras ser identificados por Mossos LINK vía @USER",0,0,0.4257738
"LeBron es una diva, todo reclama, ojalá hubiera jugado contra los Pistons o Knicks para que viera que es madriza.

Mariquita el ""rey""",1,0,0.4275667
@USER Estas como una puta cabra ? y además eres imbecil,1,0,0.4487707
"@USER @USER Qué sabrás tú, indocumentado.",0,0,0.43959206
"Bolsonaro tilda a activista Greta Thunberg de ""mocosa"" y ella lo asume en su cuenta Twitter - LINK LINK",0,0,0.40199038
"@USER Puta a mi el PAP no me molesta nada, pero el PCR me deja llorando (no lagrimeando). Y como no parece suficiente un hoyo, te repiten el procedimiento por el otro lado. Lo paso como el pico sinceramente.",0,0,0.49348238
ESCORPIONGOLDEN: MakotoG77 Fer_Gay Cállate puta,1,0,0.43437168
Los argentinos según su presidente... LINK,0,0,0.3712477
Todos contentísimos. Hasta los de Podemos y la que quiere una andalucía musulmana felicitándose porque ha ganado el PP y han bloqueado a VOX en el gobierno andaluz.,0,0,0.4822323
@USER Tu eres la puta más puta con cualquier tanga....te uso el culo como depósito de semen,1,0,0.45450273
"Greta y el diluvio universal LINK ✍ tribuna abierta de @USER, Fundador y presidente de @USER",0,0,0.3914816
"No es solo que puedan, sino que DEBEN, aunque solo sea por su propio bien. Pero por las mismas nosotros deberíamos habernos quitado de encima ciertas características y rescoldos franco-fascistas. Y en el norte tendrían que haber dicho antes aquello de ""basta ya"". Esta claro que no es tan facil.",0,0,0.47120312
"@USER @USER @USER Para empezar, esto, y no ni aliado ni feminista, si acaso traidores al patriarcado, pero eso ya .... cuesta LINK",0,0,0.43374926
"Ahora pides asilo político HDP, ahora las escorias oficialistas pidiendo asilo que tal. LINK",1,0,0.4340802
Absurdo. Lo que tendrían que hacer es mañana mismo savar la versión de chocolate blanco llamada caucasitos y a correr,0,1,0.5071066
A mí me impresiona como hombres y mujeres valiosísimos con una psique muy superior se están encerrando tanto en sí mismos que el interés en las relaciones emocionales parecen ser más una cobardía hacia sentirse vulnerables que a independencia o autosuficiencia real.,0,0,0.44731575
I've just posted on my Blog about: Así fueron los primeros minutos de los 600 subsaharianos en Ceuta tras el salto de la valla LINK Check it out. LINK,0,0,0.4702
"@USER @USER Son unos #sinverguenzas #estafadores la viven cargando y después uno tiene q ir a sucursal a solucionarles el problema que generan, una vergüenza",0,0,0.42901185
A lo que conduce el abuso de drogas ..,0,0,0.40192607
Y eso traducido sería 'para la concha tuya que me estás spoileando todo y voy re atrás callate la puta que te parió'. LINK,0,0,0.4394174
"Y, por cierto, NO es reggaetón. 130 BPM = electro latino. #HeardleReggaeton",0,0,0.43054262
@USER @USER Esta claro lo q hace ...quiere dar ejemplo de presidente moderno ...no de dictador . Buena propaganda .,0,0,0.4749521
"Tienes razón, es intolerable que salga a la luz que el 95% de los homicidios son perpetrados por hombres. Ah, qué ese sesgo te incluye? Pues nada, fenómeno, lo cambiamos por otro, si será por estadísticas.. Lo que está claro es que es totalmente indiscutible que ""los malos son los otros"". El 100% de los fascistas de todo el mundo no podéis estar equivocados",0,1,0.50706273
En #ESPejo13D están hablando de la violación de los jugadores del Arandina. Todo el programa está siendo un juicio a la niña. Ahora dicen que en Manresa ha habido dos violaciones grupales en solo una semana y se preguntan que cómo es posible. ¿Hola?,0,0,0.48391712
Nada pueden ser tan HDP estos delincuentes. LINK,0,0,0.41392893
"@USER @USER @USER Se me ha olvidado citar el tweet, soy subnormal espera",0,0,0.39793476
"@USER @USER Yo es que directamente no saltaría esas concertinas, pediría asilo político y si no soy un inmigrante económico me permiten entrar por la puerta    Por cierto, la mayoría de los barco como el Aquarius salen de las costas de Libia, país fronterizo con Túnez que tiene un IDH muy alto",0,1,0.5155807
"@USER @USER Simpáticos  los gráficos

La Positividad ha estado estable (alta) entre 9 y 10.5% desde hace más de dos meses. Hoy va levemente a la baja, al igual que Re (esperemos continúe)

Desconozco si estos monos intentaron ser predictivos. 
A la luz de 10 días después, que aprendieron?",0,0,0.4603845
Tener que tener gente subnormal cerca y gente que quiero tanto tan lejos me revienta,0,0,0.45756188
"Los mismos que nos tildan de fachos, son quienes nos dicen asesinos, pero no reconocen que su ideología a matado a más de 150 millones de personas... LINK",0,0,0.3996384
"La primera fuerza independentista ha sido la del 3%, la de los herederos de Pujol, la del caso Palau. Votan independencia y la votan corrupta. ¡Que nos roben los nuestros! #Eleccions21D #Catalunya",0,0,0.45203143
Para l@USER que dicen que solo hay blockbusters en agosto:\n- VORTEX\n- LA TRADICIÓN DE HUDA\n- MEN\n- MALI TWIST\n- DELANTE DE TI\n- MONEYBOYS\n- PROMESAS EN PARIS\n- BENEDICTION\n- LA FRACTURA\n- ALCARRÀS\n- LAS FILMOTECAS\n... LINK,0,0,0.44928256
"Hara algo bien rago? Ademas de ser un actor de re mierda, puede ser violador, el es de esas personas que no tienen sentido que existan en el mundo. LINK",0,0,0.43366516
"Después de leer tanta basura fascistoide (""feminazi"", ""dictadura gay"", ""progre"", ""Laje es Jesús para mí"") por aquí, invertire un par de horas en un poco de buen cine.",0,0,0.4601659
"@USER De Paul, Lo Celso… pagan eso por ser argentinos, nada más. Sobrevalorados!",0,0,0.43658453
"@USER estoy de acuerdo. A mi en lo personal me molesta estar en un grupo donde somos mayoritariamente mujeres, y sólo por un hombre nos tratan a todos de o. Por eso prefiero el lenguaje inclusivo. Aparte, hay tantas identidades de género que así como yo no quepo en el saco de la ""o"" +",0,0,0.48248386
Los que van a vivir sabrosos son PETRO TEODORA CEPEDA SANTOS TORNILLO vivir de los demás como los  jerarcas rojos cubanos y venezolanos sus yates sus ferraris sus mansiones y el resto en la basura. LINK,0,0,0.43759903
larazon.es Los animales de compañía también son víctimas de violencia de género y cuando la mujer va a una casa... LINK,0,0,0.4175252
@USER @USER De la misma forma en la que ahora hay millones de venezolanos dispersos por el mundo. La crisis es uno de los principales impulsores de la migración.,0,0,0.46097952
"@USER pero que la gente las acose e insulte por subir esas cosas es opresión, independientemente del género del que las acose.",0,0,0.38493487
@USER @USER La puta madre Damián cállate jajajaja,0,0,0.43884444
"@USER Eres patética,lo tuyo no tiene cura,cuanto más #MontesElPollo, más ridícula eres.",1,0,0.42971376
Guia Mundial 2019: Flamengo volta ao torneio depois de 38 anos buscando o bi. LINK,0,0,0.4114265
"Los Venezolanos llamamos por años: Ladrones a los Chinos Tacaños a los Árabes Mala gente a los Colombianos Indios y feos a los Peruanos Vagos a los Panameños Y venimos a indignarnos cuando nos llaman Venecos en otro lado.  Xenofobico el venezolano, para nada .",1,0,0.48238888
"Está en deuda y lo que tú quieras, pero aquí no es bienvenido. No entiendo esa necesidad que tenéis alguno de tragar con la basura ajena.",0,0,0.46708125
VAMOS LA PUTA MARE VAMOS VAMOS SE LO MERECIA VAMOS DIOS COMO SUFRI LPM ENVÍA BAILA FLOR AL 13013,0,0,0.47962165
@USER Como si el ser una nazi de mierda no diera pie a atacarla por todos los costados.,1,0,0.450284
"@USER -ñordo- que dice en tu dni?\n-anonimo- no lo ser, decia española pero me estoy muriendo en un campo de argelia.\nsabes de quien es el espacio aereo del sahara occidental?\n-ñordo- no lo ser, marroqui?\n-anonimo- el que pone en tu dni",0,0,0.4958055
Muchos medios no están hablando de”agresores”hablan de”los futbolistas”. Me parece muy peligroso socialmente idolatrar profesiones como si te dieran inmunidad moral y legal. Los medios son cómplices de fomentar una cultura que legitima la violación y da la espalda a las víctimas.,0,0,0.47193184
@USER @USER Cataluña no es un país tonto. Estamos peleando con los independentista y vas tu y dices que es un país.de donde coño  has salido tu...,1,0,0.40892193
"@USER Doña Mónica, en el 90% de África no se puede abortar, pero usted calla y no dice nada.\n\n\n¿No será lo suyo postureo y además del malo?.",1,0,0.4636241
@USER @USER Yo no me enojo 😒,0,0,0.42059258
"@USER Puedo mirarte una y otra vez y nunca me aburriré porque eres la perfección hecha mujer, eres preciosa Mali de la cabeza a los pies 🤭",0,0,0.39991844
muy tuya y muy empoderada pero sales con un drogadicto que está haciendo un PCPI y va de skater gangsta nigga y encima eres negra que gastas una cara de mandril que te falta lanzarte heces con tu padre el sudaca,0,0,0.47724
"@USER @USER Sacar a Franco “de manera urgente” eso es lo primero, lo de que más de 100 inmigrantes saltan la valla de Ceuta y hieren a siete agentes con cal viva puede esperar, lo de Franco es urgente  LINK",0,0,0.48415253
Que bollera es COMO LA QUIERO LINK,0,0,0.4665429
El independentismo mas fascista que nunca @USER @USER vergüenza ajena #resistenciacatalana LINK,1,0,0.3712177
"Creo que en ese momento, el del tirón, a la anciana el concepto de democracia le importaba muy poco.",0,0,0.40872377
"Yo soy re feminista,y respeto su decisión,pero no la comparto,me parece bastante absurdo exponerse de esa forma y pidiendo respeto LINK",0,0,0.40668586
@USER no puta levanta tu coño puta busca trabajo puta consigue un negocio puta chupa una polla puta,1,0,0.4137257
"¿Ves que tu coño me importe? Cómete mi polla, basura LINK",1,0,0.4864339
LA SOLUCIÓN ES SOLDARLE EL TIMÓN DE LA PATERA RUMBO DE DONDE SALIERON CON AGUA Y COMIDA. LINK,1,0,0.42224947
Que rabia mi marido me hace tomar desayuno viendo los matinales asquerosos!!ahora cambie al canal BBC,0,1,0.50917
"@USER ?????
Qué patética...",1,0,0.38649896
Las señoras artistas y drags van a ir vestidas de animalicos y cosas monis sin enseñar polla ni chocho. Otra decepción para las fantasías enfermizas del PP y C’s.,0,0,0.49343127
"Si empiezas un argumento diciendo ""no es por ser racista, pero...""  Compañero, eres racista",0,0,0.4908452
"Como han sido condenados a 38 años por agresión sexual se les ha decretado libertad bajo fianza.?‍♂️

Otros, a prisión preventiva durante años. LINK",0,0,0.4091143
"Voy a tener una nena y ya me estoy volviendo medio feminazi, perdón",0,0,0.46571445
"@USER Votaron como corresponde SDW!!! Más impuestos de todos los Chilenos destinados a delincuentes, igual q tu.",0,0,0.45130065
"@USER Pero votemos apruebo si que puede salir mal. Esos rechazo? son unos alarmistas y solo quieren mantener su status quo, como los comunistas y anarquistas van a llegar a cambiar las reglas, a mentir y a desconocer lo pactado si estamos en democracia, eso nunca acurrira. 🤦‍♂️",0,0,0.44478372
"Qué bien. Hay que ver con los ingenieros, doctores y demás cracks que nos llegan..",0,0,0.45196608
Cuantos weones ya estan pidiendo que despidan a Lasarte ?  jajajajajaj,0,0,0.44209275
"@USER @USER @USER @USER Creo que reducir el feminismo a tema de género, es estar sumamente desactualizado (al menos 50 años) ya que casi todas las corrientes feministas, plantean los aspectos de clase y género como fenómenos interseccionales, en donde según el contexto es el nivel de emergencia",0,0,0.46642554
"una mejor aun,para darselo a la fundacion del genocida franco,y a los movimientos fachas,q los condenan socialmente y den comida a pobres🤣🤣🤣 LINK",0,0,0.4115679
@USER @USER En diciembre quiero que pongas la parte que te dije que ganaban la sudaka.,0,0,0.46331897
@USER Da verguenza ajena lo ignorante de la tipa básica.,0,0,0.41047546
"Todos: -#NoTodosLosHombres -PPK, presidente de lujo -Perú no va al mundial 2017: Já, ilusos.",0,0,0.445656
nuevamente tendrá que disculparse este perro culiao LINK,0,0,0.41695973
Veracidad dudosa. Esta noticia solo aparece en El Caso. Ninguna referencia en otros periódicos.,0,0,0.4021775
"""los videos no acreditan mucho, pero lo que no me convence es el dato del acosador con acento """"peruano"""". Me parece xenofobo y racista. A que aporta a la causa ese dato sino a estigmatizar a los inmigrantes LINK",0,0,0.44505095
@USER Y ahí van a estar los zurdos diciendo “hay que ayudar a los hermanos peruanos” tontos pa re weones.,0,1,0.51304275
"Los 10 Millones que votamos contra Petro, esperamos estar bien representados en la oposición.\nLa oposición Colombiana debe marcar la diferencia con la Venezolana de no dividirse. Esa es la garantía de en 4 años recuperar el país. @USER @USER @USER",0,0,0.42687625
"@USER Como les dije ayer , a primera hora voté por el menos malo .
Deseo y es mi anhelo poder contribuir con mi voto, que no salga Karina, una pobre ignorante y comunista.
Deseo mi país libre de esta lacra .
@USER 
@USER 
@USER 
@USER",0,0,0.46398804
"Rusia, con la excusa de que están en Siria ""para acabar con #Daesh"", lleva meses bombardeando a los opositores del dictador Al-Assad.",0,0,0.4036938
"O una buena okupacion, empadronamiento, a cobrar y estas cosillas para los extras..",0,0,0.4161791
@USER @USER Que suerte tienen los bolivianos,0,0,0.42655492
Por dios escuchen árabe y el freestyle de ecko como la rompe,0,0,0.428112
Siempre que tengo clases la kim decide portarse como el pico 🥲,0,0,0.41980508
@USER Está puto loca... Me encanta XDD LINK,0,0,0.45482516
@USER Que por cierto Danna Paola tu eres una gata asquerosa y una soportable zorra celosa yo soy fan de camy G y la defiendo sea quien sea el olla y sólo soy un chavo aún así la defiendo me leeiste y me oistes Danna Paola babosa,1,0,0.4621095
"""Los mismos zurditos que llorarían si alguien tacha de """"terrorista"""" a un árabe o de """"simio"""" a un negro, ofenden a @USER con el estereotipo racista de """"corroncho mamaburra"""" solo por tocar en Israel.  """"Soy progre pero me vuelvo racista/regionalista si no piensas como yo"""".""",1,0,0.4199108
"@USER Me dio por ahí nada mas, y aparte que en el mensaje se me citó MAMÓN 😁",0,0,0.39948222
Una pena que tus padres no hubiesen abortado contigo,0,0,0.40655476
"Colaboreos publicndo fotos con antecedentes y que no permitan la entrada de nuestra basura a esos paises.  ¿QUE HARIA UD SI UN COLOMBIANO INDOCUMENTADO, REFUGIADO, MUERTO DE HAMBRE, MANENIDO, ASESINA A UN FAMLIAR?",1,0,0.47351712
"(3) la #charla de #Muhammad,se #distingue por el #estilo de los #diálogos, de las #explicaciones, de #aprendizaje, de #discursos en diferentes #aspectos y sus #sentidos que son #familiares ante todos los #árabes y esto a #diferencia de la #metodología del #noble #Corán LINK",0,0,0.36132193
#LoMásLeído Las razones por las que Greta ha contaminado más a bordo del catamarán que si hubiera viajado en avión LINK,0,0,0.42612585
"@USER @USER Eso es no tener ni puta idea de gestión ni dos dedos de frente, al margen de lo patriarcal.",0,0,0.45750457
"@USER Dios bendiga su tierra hermosa dama,  e sabido de la crisis en salud que hay por aya , muy diferente a la de Chile,  espero en Dios pueda ayudarles a salir de esta pandemia,  Dios bendiga y ayude a nuestros hermanos argentinos 🙏🌹
Cuidense mucho",0,0,0.38382286
Llevo más de veinte años en éste país y he cumplido con todas las 3xigencias que me obligó la ley de extranjería para obtener la ciudadanía. Se me ha exigido un certificado de antecedentes penales de mi país de origen apostillado por la Haya y el respectivo viaje a Argentina para tramitarlo. Se me ha pedido xhibir la titulación de los estudios cursados. He invertido en tiempo y paciencia para obtener la legalidad requerida. He dado a España un hijo educado en valores culturales y religiosos que guarda España. Nunca he sentido racismo porque he respetado cada uno de esos valores. No es justo que algunos se nos haya exigido tanto y a otros tan poco.,0,0,0.38846788
Cinco de años de cárcel efectiva para mujer que robó televisor en vivienda de #PuntaArenas #CooperativaRegiones LINK LINK,0,0,0.42725298
"Noticia en el teleberri sobre el próximo decreto que afectará a la ley extranjería.\n\n\nNo ha hablado ni una sola persona migrante en la noticia, sujetos políticos a quienes afecta esta ley por cierto.\n\n\nSolo se da voz a los “sectores afectados por la falta de mano de obra”\n\n\nAbro 🧵",0,0,0.44974238
"JAJAJAJAJAJA argentinos qls cagones 

#ClasificatoriasxCHV",0,0,0.35292208
"@USER Sí. 
1) Longueira habla con Jaime Guzmán.
2) El voto derechista (y probablemente un tanto del resto del espectro) no fue a favor de Orrego, sino en contra de Oliva.
3) Longueira poh!",0,0,0.41244903
"@USER Creo que no sabéis traducir catalán, yo ahí leo ""vendo Opel Corsa"", sois unos manipuladores.",0,1,0.50079745
@USER @USER joder....  Algeciras  por allí entró el moro Muza,0,0,0.38707837
"Estas 21 personas se suman así a los 102 migrantes que habían llegado a Baleares entre este lunes y martes, por lo que el número asciende ahora a 123 personas, según @USER:  LINK a través de @USER",0,0,0.4034356
"Mi madre usando parecer maricón como insulto, no puede ser real",0,0,0.43603104
Aquí llorando porque no compré preventa del CD de The Show y ahora están vendiendo unas photocards de Lisa a 15 lucas ctm,0,0,0.46624812
"- Cómeme y rajo a tu amiga! - No me importa, es una calabaza blanca! - OH! Eres racista! - Pues claro, la diferencia es que yo lo admito!",0,0,0.47782022
"Muchas gracias por leer este humilde hilo. Buenas tardes y feliz fin de semana!

#Arandina #sentenciaArandina #ArandaDeDuero",0,0,0.42827985
"@USER Inmigrante motorizado,eres una rata de cloaca.",1,0,0.455445
"@USER @USER @USER @USER 11 días desde el primer síntoma. Eso dicen los protocolos chilenos. No veo lo especial, menos si asistió en lo formal a su trabajo.",0,0,0.43342277
@USER La Narváez es muy poco creíble y menos confiable Esta completa y absolutamente con la derecha fasista y se cuelga de cualquier cosa como las feministas o frases de Salvador Allende y nunca jamás fue a una marcha feminista ni menos a plaza dignidad es más falsa Piñera LINK,0,0,0.41731116
"@USER Oye pero el culiao sacó la Escala Real del wea.

Salva por bombero. LINK",0,0,0.41974708
@USER @USER Cállate zorra priista,1,0,0.42929453
"De 8 cosas que me he comprado 4 son negras, 3 de colores y una blanca y negra. Para mi esto es un progreso.",0,0,0.45735404
@USER @USER ¿Sabe la diferencia entre inmigrante y refugiado? Porque igual debería de coger un libro y aprender un poquito antes de escribir tonterías.,0,0,0.4514886
"@USER TÚ eres la super RE QUE IDIOTA ¡¡DIOS TE MALDIGA Y TE DESTRUYA ERES GRAN MIERDA PENDEJA PUTA JODIDA DEL RE PUTO MIERDA GOBIERNO, DIOS MALDIGA Y MANDE AL INFIERNO A TODOS LOS QUE FIRMARON ESA PUTA LEY, DIOS TE LLENE EL CULO DE CÁNCER RE MI",1,0,0.43295568
"@USER 15 a uno con el DT Piiñera. 
Son muy malos los weones.",0,0,0.4751295
@USER Dale la vuelta a la camiseta y tienes el 6 del 6-1 de la REMONTADA MAMÓN!!!,1,0,0.44631353
💣 Leyendas africanas: 15 cuentos y mitos populares de la mitología africana con moraleja (para niños y adultos)... LINK,0,0,0.40043283
"@USER Le encontraron un video de hace años de cuando hacìa campaña para no callar a las mujeres y se lo reventaron contra el comentario de ""señora, vàyase a fregar"". Asì que el efecto fue apoteòsico.",0,0,0.3980336
"Por este gran movimiento, que hace él y que yo hago siempre para hacer el subnormal ❤❤❤❤❤❤ #unlimitedMoves LINK",0,0,0.4416735
"Es imposible opinar hoy en día, siempre salta alguna feminazi loco, y no para hasta que te aburrís de responderle, no pueden abrir la cabeza, es su pensamiento y es imposible de cambiar se ve, todavía te ""escrachan"" por pensar diferente",1,0,0.42368886
Puro imbecil subnormal... #lucashernandez  LINK,1,0,0.4161412
"Llegamos a mitad de año y Venezuela sigue sin rumbo.

Dios si necesitas a la oposición venezolana, llévate la!!",0,0,0.4169628
"Faltan recursos para sanidad,educación,vivienda social,pensiones,para mil cosas. La millonada que se han gastado en estos indeseables y la millonada que se sigue gastando. Welcome menas !!",1,0,0.40914598
"@USER Sería bueno hacerlo si siguen destruyendo este país. Ahora, si además nos roban y nos dejan en pelotas, quién lanzará la primera piedra ? En momentos de crisis siempre aparece un líder innato y creo que hay muchos.",0,0,0.48654
Cientos de personas protestan en Túnez contra el plan de constitución del presidente vía @USER\nLINK LINK,0,0,0.45293838
"Les dicen a los matewea que se registraran marejadas, Noh ahi van los culiaos a mirar !! Raza culia mala wn... !!",0,0,0.38130975
@USER Estas  Feminazis que cualquier broma o cumplido les afecta .Con lo insipida  e insulsa que es agradezca  que le digan amor bello .Que bobería  y lo pública que es aún más ridículo,1,0,0.45286408
"Ahhh claro, captas eso pero no todos los malditos palos que te tiro y andas con el que 'te boludean', te pego o lo hace alguien más?",0,0,0.47203165
"@USER @USER @USER Qué pasa que por ser de ideología ""fascista"" no tengo derecho a expresar mis opiniones??",0,0,0.3939878
@USER tú eres mío sin papeles 😈,0,0,0.38685995
"@USER Eres ignorante, no huaso... 🤨!",0,0,0.41331565
Ya iba pagando pensiones por el camino. Si es que les puede la buena fe a esta gente,0,0,0.45937085
"Y tú eres perra, ladrame JAJAJAJAJAJAJAJAJAAJJAJAJA",1,0,0.40845808
#NOME?,0,0,0.42583612
@USER @USER @USER @USER Callate zorra cara de mono,1,0,0.4066986
"Son los gobiernos de izquierdas los que quieren más y más refugiados, más y más inmigrantes (legales o ilegales).. y los quieren porque una vez los españoles se van dando cuenta de que la Izquierda sólo engendra miseria, necesitan gente ""de fuera"" que les siga comprando la moto y les aseguren los votos del futuro.",0,0,0.44517812
@USER @USER No te desgastes en responderle a pelotudas que no saben ni limpiarse el poto,0,0,0.4401598
"@USER y @USER están deseosos de ayudar a los moromierdas que llegan en oleadas a violar todas las mujeres y niños que puedan. Y oye, si se legaliza mejor, ¿eh @USER @USER ? EL PROBLEMA ES QUE ESTO NUNCA LES PASA A SUS HIJOS Y NIETOS. LASTIMA! LINK",1,0,0.463457
"Variaciones residenciales #migraciones\n✅En el año 2021 se registraron 15.286 movimientos de entrada en #Extremadura\n⬆️Suben un 4,6% respecto a 2020\n\n\n✅14.099 movimientos de salida\n⬆️Suben un 15,2% respecto a 2020\n\n\n➕El saldo migratorio resultante fue de 1.187",0,0,0.4534354
"A los fascistas les das de su medicina y... oh sorpresa!!! Cobardes hijos de puta, no valeis para una puta mierda LINK",1,0,0.4483015
"@USER Como será que piensa con el culo y que en ningún momento hablé de toda la lista (la cual tiene en general demandas legítimas). Hable de 34 flaites.

34
Treinta y cuatro",0,0,0.4408541
Ahora supongo que no van a llorar los indios . Dejen de estar tan pendiente de la UC y de la serena bueno es la serena,0,0,0.44610262
"Para todas aquellas personas que opinan, inocentemente, que los jueces del caso #arandina estaban presionados:

No, la prensa no tiene el poder de presionar a los jueces en asuntos entre particulares.

Que un juez diga esto en televisión nacion es...
Vía @USER LINK",0,0,0.44671962
"Al final resulta que los vecinos se hartan de unos delincuentes y de la pasividad policial y judicial, y los que terminan detenidos son los vecinos, no los ladrones con mas de una veintena de delitos.",0,0,0.4378654
@USER Te mereces mas la portadabde la revista playboy.. Por zorra.. Y mentirosa..,1,0,0.43317503
"@USER mi viejo hizo lo mismo por la sudaca, esto es futbol compañero, hay q vivirlo y disfrutarlo, no pelear con los otros, disfrute y unas chelas por los que no podemos hacerlo!!!",0,0,0.4170029
Por las mujeres tienen cuatro neuronas??? Una para cada fogon,1,0,0.49358928
"@USER Por fin se te quito lo puto, celebro.",1,0,0.4720856
SEÑORA ERIKA YO VOTE POR USTED...Y USTED VOTÓ POR INDULTAR A LOS DELINCUENTES DEL 18-0.  YO ESTOY LOCO O USTED? LINK,0,0,0.45293435
Me gustó un video de @USER LINK Cuando se funde la cultura arabe y la gitana flamenco 2017,0,0,0.4243726
"Indepes, donde está la mayoría independentista a?",0,0,0.38593227
"«Muchos pierden la cabeza allí subidos», se escucha decir a menudo a los que sobreviven al viaje. La comedia se abre camino ahí..",0,0,0.40744886
"Hola twitter.
Alguien puede pasarme el articulo de @USER sobre la sentencia de los jugadores de la #arandina en imagenes??
Gracias majos!!",0,0,0.43362117
"Igual de ""patriotas"", con tradiciones horribles, racistas, machistas, anclados en el pasado.",0,0,0.44960982
👦👩‍🏫 Dos mujeres indias enseñan a niños de suburbios LINK,0,0,0.44768295
#Inmigración Masacres en #Melilla y #Libia: nada nuevo en las fronteras europeas  LINK a través de @USER,0,0,0.44292453
"@USER Hombre claro que alomejor por buena conducta, servicios alomejor sale antes... así es nuestro código penal... Pero los años a los que estaba condenado era mayor.... Al final los del arandina aver en cuantos quedan, cuántos están realmente....",0,0,0.47456798
"me acaban de llamar para una entrevista de trabajo hoy a las 3 JDHDJSDHJSHD ctm, que me vaya bien porfis:(",0,0,0.3927483
"@USER @USER Pero saco a la luz las reales intenciones del Frente Amplio, Comunistas y afines. Solo quieren robarse nuestra plata.",1,1,0.5142312
"@USER @USER ""Indocumentado lo que tengo aquí colgado"" 😜",0,0,0.42516634
"Ojalá poder, no sé, externalizar mi cerebro pa q se quede organizando mis carpetas del PC, catalogando las fotos antiguas y todo eso. Porque ctm q es pega y son años y años de archivos desordenados y q ahora sufro al verlos.",0,0,0.49805912
"Luego nosotras somos las locas y ardidas, ""benditas feminazi"" JAJAJA, no tengo tiempo para estas mierdas. LINK",0,0,0.42461702
"elconfidencial: 200 inmigrantes saltan la valla de Ceuta y dejan varios agentes heridos por cal viva. VIENEN PORQUE SABEN QUE AQUI NO SE LES HARAN NADA PORQUE SOMOS TONTOS,AHORA PARECE QUE SI,Y PODRAN VIVIR DEL CUENTO Y TENDRAN DE TODO GRATIS Y SIN PEGAR NI GOLPE",0,0,0.4747428
En la puta casa del chaquetero de Aliaga los tendrían que poner,1,0,0.47124597
"Oye, cuánto lloran los bolivianos! Se pasaron!",0,0,0.4559478
@USER Y suprimido las concertinas porque les es más difícil lanzar la cal viva con una mano ocupada,0,0,0.4247623
@USER el vendedor de cupones era un gilipollas. No sólo los ciegos venden cupones. Ni todos los extranjeros son migrantes o refugiados.,1,1,0.5098132
@USER A vo te vengo paseando hace rato sipo. Chupa pico del twitter!!,0,0,0.46267045
La tunecina Ons Jabeur a la final de Berlín. Está de dulce. Es sin duda una de las mejores tenistas de la temporada 2022. LINK,0,0,0.4136888
"Pues no sé, que no vengan..",0,0,0.45367727
"El pelao culiao necesita un Wen wate en la pela 
#PartyChilensisFtLaRoja LINK",0,0,0.4000102
"Parte de la prensa, aficin y dirigentes lo han tratado peor q un Sudaca. Ojal a @USER se olvide un ratito del Pura vida y se le salga el tico en el mes de la patria y demuestre lo q pasa cuando nos tocan el orgullo!",0,0,0.44523856
Que pensaran las feminazis al ver la hermosura y presencia dominante del patriarcado opresor? Ummm LINK,1,0,0.4459296
"Que pereza que pa todo dicen amiga o marica, aprendan más palabras, no son de lenguas pues. @USER @USER",0,0,0.39709774
"80,000 menores han entrado en España solos desde Marruecos, luego llegará la reunificación familiar, Padres, Hermanos, Primos, Abuelos etc. ¿Para que los envía Marruecos? ¿Alguien pide explicaciones a las autoridades Marroquís? ¿SON INMIGRANTES O ENVIADOS PARA INVADIR ESPAÑA? LINK",1,0,0.4653377
"@USER Si así piensan los progres en Argentina, cómo serán los fachos?",0,0,0.4495685
Nuestras más sentidas condolencias al @USER por la muerte de Carme Chacón e igualmente a toda la familia y la militancia socialista #DEP,0,0,0.41635332
"@USER He tenido que dejar el vídeo porque tanta mentira aburre, tú no eres un fanboy, tú eres como una puta q… LINK",1,0,0.44768
Y el paco desbordes defendiendo a estos concha de su madre... #JusticiaParaFabiolaMV,0,0,0.39055178
Ay que me pongo Arabe,0,0,0.43549076
"@USER Bolivianos Culiaos Pencas, ni un brillo, primero hasta mi abuela saca más fuerte y rápido que ese weón de @USER, verdadero cagón y pecho frio, ni un BRILLO BOLIVIA",0,0,0.43789175
"Esther Tusquets, al frente de Lumen, transformó la editorial en un sello de resistencia, antifranquista y con un catálogo con autores de prestigio. LINK",0,0,0.3749993
"""Yo no tengo la culpa de ser blanco"". A este lo mandaba yo una temporada a algún pueblecito de rednecks de Tennessee. Ya vería lo ""blanquito"" que le iban a hacer sentir siendo Español.",0,1,0.50480187
"Los Comunistas nos tienen, meados de Perro, #ChileVsBolivia",0,0,0.4418562
"@USER Depende quien de izquierda salga, si sale Narváez es una cosa, si sale provoste,tb, si sale Lavin tb es complicado, si sale Desbordes, uff más complicado todavía, y si sale Sichel, ya seria catastrófico, en definitiva estamos c..g..dos, todos son izquierdistas y valen callampa.",0,1,0.5032886
Un día en el que ganan los fachas es un buen día,1,0,0.43002608
"@USER @USER De hecho nació en Costa de Marfil, lo que pasa que llevará en Bilbao desde crío. Esta por ejemplo es su octava temporada en Lezama.",0,0,0.43794537
"@USER Pero si entra lo que quiere, lo que boto la ola...0 requisito para entrar, CERO .. una mano adelante y otra atrás.. total lo llenan de bonos.
y el camello Jadue, quiere que los Chilenos paguemos un Tax para irnos..
Los PC-FA odian el Capitalismo, pero aman las $$€€€",1,1,0.53282213
Por qué demonios mi hijo no puede ponerse esa sudadera taaaan mona? Ehhh Zara! Dejad de alimentar estereotipos de genero absurdos!,0,0,0.4768648
"¿Puede coexistir la religión, ""libro sagrado"", rezos y ""profesores de religión"" en un colegio público? No es lógico, en forma oficial, Francia y varios países latino-americanos, en Uruguay hace un siglo que no se dan religiones, y en la Argentina hace más de medio siglo que tampoco, y parecido pasa en México, etc. Las religiones han sido y son la mayor rémora social, causa de guerras en todo el mundo, y ahora hasta de terrorismo. Es atraso social y político la sumisión que se produce en todo país que ""domina"" una religión, aunque está incrustada en el calendario o ""obliguen"" cada día, pero así seguimos aquí, en lo oficial y enseñanza pública, es un hecho de prepotencia muy vergonzoso.",0,0,0.47582233
@USER De hecho estamos haciendo la campaña de Boric y lo dejamos como el pico.,0,1,0.5038303
"Me he puesto a fregar el comedor, se me ha volcado el cubo y acto seguido ha caído el tendedero encima del agua con lejía. 
Es increíble, pero no se me da",0,0,0.45201707
@USER 16000 refugiados convierten esto en afganistan? D verdad no eres consciente de las gilipolleces q escribes? Jajajajaja,0,0,0.40369308
@USER Esta Feminazi desvergonzada por conseguir trabajo fue al departamento de el. Es una MENTIROSA COMPULSIVA que provoca. Por favor dejen de escuchar a estas FEMINAZIS OPORTUNISTAS!! Por favor no malgasten camara!!!,1,0,0.37362832
@USER @USER Buenísima pregunta.. ahí quedaron los fachos,0,0,0.49842694
Ojo mañana con las elecciones hay que votarx gobernantes no vinculados a jadue y cia es una oportunidad para ir quitandole poder a la escoria del comunismo,0,0,0.45044166
"@USER @USER @USER No aweonao’ no voté por Orrego por hacer alianza, voté en contra de Oliva porque es una REWEONA, igual que sus votantes 😘 LINK",0,0,0.41535658
"@USER SÓLO PUEDES IR A FANTASILANDIA QUE ES UN LUGAR SEGURO 
JAJAJAJAJAJAJAJA PAYASOS QLS",0,0,0.35404682
"Ciudadanos se convierte en el líder de la derecha en Cataluña, según Escolar. Tomad nota, cinturón rojo-que-ya-es+naranja: ya sois fachas.",1,0,0.49930036
"@USER No, payasa, lo que te están diciendo que porque no te ofendes con todos por igual??? Solo defiendes el machismo nada más, el resto de víctimas las ignoras, payasa",1,0,0.43657744
@USER @USER Se que te gustaría de verdad pero no soy Maricon.,0,0,0.46136945
"El otoño literario de la Casa @USER viene de lo más interesante, con Raúl Zurita, el Siglo de Oro de la Poesía Latinoamericana (1922-2022) y la correspondencia de Felisberto, entre otras actividades. ¡Guardadme un sitio!\nLINK",0,0,0.4562925
@USER El mismo conchetumadre hizo un penal otra vez,0,0,0.41655332
@USER Puta loca MARAVILLOSA! Muy feliz año nuevo guerrera.??????,0,0,0.38520148
"Los hombres son las principales víctimas del cáncer, no veo campañas #DiaMundialContraElCancer con lectura de género.",0,0,0.4450627
"Los centros de vacunación contra la INFLUENZA: Casa de la Mujer y Equidad de Género y
Antiguo Registro Civil (av. ossa 116), se encuentran atendiendo de lunes a viernes entre las
9.30 a 17.30hrs LINK",0,0,0.4757904
@USER @USER Me importa un pico la encuesta 🤣🤣,0,0,0.38673386
"@USER Reducir el feminismo a ""igualdad"" es ridículo y está falto de análisis y lo vacía de significado.",0,0,0.4510047
"@USER Votamos muchos contra el comunismo en Santiago y los patriotas se hicieron sentir, ayer celebraban con anticipación los comunistas y se sintió muy bien sú derrota 🤣🤣NÓ dejemos que un montón de zánganos del PC.🤮 Crean que pueden engañar a los ciudadanos con su populismo falso.",1,0,0.4800969
"@USER Esta mujer infumable @USER dividiendo a la gente en buenos y malos , un verdadero lider une,  no divide. Cada persona que votó merece exactamente el mismo respeto",0,0,0.45972982
@USER estaría genial hacerlo. Por sus comentarios homófobos y machistas. Al igual que Aída es intocable por GH y la audiencia.,0,0,0.47069532
"Berriak / Noticias Chomsky entrevista, La nada terrorista de Alsasua, Suspenso en violencia de género @USER @USER @USER LINK",0,0,0.39605007
@USER @USER Un facho pobre pero tan pobre que cree que un Mini es un auto de lujo. Facho pobre e ignorante.  🤦🏻‍♂️,0,0,0.4495243
"FISCALÍA, Comité Municipal de Lucha contra la Trata de Personas, Comité Interinstitucional de Lucha contra la Trata de Personas, Ministerio del Interior, Migración Colombia, Ministerio de Defensa, Consejería Presidencial para los DH, Consejería Presidencial para la Equidad,",0,0,0.44048467
"@USER Una simple jerga local, no es nada despectivo, noto un tono #Feminazi en tu Twitt..",1,0,0.44354808
"@USER quiere ahora ser progresista y no socialista, pero los documentos son tozudos @USER @USER @USER LINK",0,0,0.42231646
INCLUYE VÍDEO 🎥 INMIGRACION – José Ignacio Landaluce pide cabeza e implicación europea LINK LINK,0,0,0.4714895
"En fin el lobby catalufo en Irlanda, los carteles en catalán y en inglés en vez de en E S P A Ñ O L. VERGÜENZA. LINK",1,0,0.46443066
"@USER Una pregunta, ¿todos los abogados de la UC son igual de weones, o te llevaste el premiado?",0,0,0.48028344
@USER tengo mazo ganas de matarte puto catalan de mierda,1,0,0.43108398
"@USER @USER Hermano no hable asi yo soy imigrantes,, y se ló difícil que és,,",0,0,0.42448315
@USER ¿ud. en qué cloaca se metió? Lo están llamando de Venezuela. #BettyLaFea #PorAmorYo,0,0,0.39330065
"Reparación de qué???? Los que necesitan reparación  son los millones de locales comerciales , viviendas,  vehículos de Chilenos que fueron atacados por delincuentes y terroristas. LINK",0,0,0.46481425
"Hay muchas mujeres que siguen calladas y con miedo a perder su trabajo' Norma Cardozo, víctima de acoso en @USER #R800AM",0,0,0.43424553
@USER @USER Jajajaja... gracias.... creo que hay que mandarle este video para que recuerde... y se deje de hablar wevadas.... bueno eso nunca lo hará.... enano CTM...#RenunciaParis,0,0,0.3984689
"@USER Bueno... que hicieron? Gritarles ""Lerrouxistas"" y ""fascistas""? Habrán sido de los primeros en darse cuenta...",0,0,0.45451838
@USER No vives en la@USER y nunca trabajaste chanta el culiao da otros argumentos,0,0,0.39683473
@USER U nos ha jodido con Argelia en un momento crucial y  por la cara.. Absolutismo al más puro Luis XIV,0,0,0.46533278
"@USER Esta tonta a cualquier costo saca el feminismo a flote ... si tan feminista es porque no dijo nada por el asesinato de Valeria Vivanco? Feminista depende de quien es la víctima @USER 
Cállate abres la boca y más la cagas",0,0,0.48140663
Os acordáis de la academia a la que voy que está llena de señores™ haciend coñas machistas y homófobas? Pues hoy han sobrepasado todo.,0,0,0.45293114
La familia de la víctima del caso Arandina denunciará amenazas y filtraciones LINK,0,0,0.36965877
AL FINAL SOLO QUEDAN BANEOS Y REFUGIADOS: Historias del Eve Online. LINK,0,0,0.444487
"@USER Lo que hacemos con nuestroas hijoas en los primeros 10 años da el resultado actual del acoso, tortura, falta de respeto y machismo que se vive actualmente. El escrito es mucho más largo y no cabe en un tw.",0,0,0.440431
"@USER Yo dejé de votar a la ""izquierda"" en Cataluña, por dos motivos: 1) Por ser unos pijos xenófobos condescendientes con los ""xarnegos"" que detestaban y negaban escondiéndonos e ""inmersionándonos"", y 2) Por no escribir correctamente Cataluña en español. No se lo perdonaré, jamás.",1,0,0.41793868
1. el desnudo siempre ha formado parte del arte 2. el arte es super relativo 3. callate la boca de una puta vez LINK,0,0,0.42226928
"Sí, España está llena de oportunidades para todos esos talentos tan enormes.. Lo que no entiendo entonces es por qué se van.",0,0,0.47340414
"Una mina dijo, esos negros son todos unos vagos, voy a tirarles el cuaderno x la cabeza la prox",0,0,0.46297777
@USER Presentar al facha de Albiol ha sido una jugada para aupar a Arrimadas. Nos venden derecha de saldo a precio de nueva.,1,0,0.45550266
"Fiestas Patrias: revisa AQUÍ los vacunatorios del Minsa, EsSalud y las oficinas de Migraciones que atenderán este feriado largo LINK",0,0,0.48154202
La diferencia entre comida mexicana y la comida árabe es que una te da diarrea y otra te de diarrea explosiva,1,0,0.4563865
"@USER @USER Jajajjaja pero es ooobvio que son dólares!! Como van a ser pesos chilenos!! 🤣🤣🤣🤣 Mmmm. Yo creo que mejor no invierta, puede tener sorpresas por ahí 🤣🤣🤣",0,0,0.43629286
"@USER @USER @USER Te contaré un secreto: eres españolito, bobo, si, pero españolito",0,0,0.4413908
"@USER Pues empezad ya a insultar, ofender, humillar y encarcelar al 52%, los que no son catalanes sino anticatalanes.",0,0,0.401917
"👉 Dori es una de las voluntarias de SED con más experiencia sobre el terreno, especialmente en Costa de Marfil. En @USER se hacen eco de su trayectoria y último viaje. LINK",0,0,0.41831517
"@USER @USER Hay alguna razón, algún motivo, alguna frustración, para ofender de esa manera? Dios me perdone!!
Absoluta hija de la gran puta, descerebrada, alcohólica y porrera. A la Señora, a la madre del hijo de Dios, no la ofende Ud en mi presencia!!",1,0,0.38249257
Ya han habido muertes (de las que poco se informa) y no pasa nada,0,0,0.41623044
"@USER ¿Acoso no estoy yo aquí para darte amor, fuerza y comprensión? Tú eres el que voltea a otra parte, sí puedes evitarlo, hazlo. #VentaneandoOtomano",0,0,0.40917394
Como la gente se empiece a tomar la justicia de su mano con los ladrones ya pueden empezar a tener miedo algunos políticos y algunos que viven en urbanizaciones de lujo.,0,0,0.4529676
"Quería reírme, puse Riaño en Netflix, lo toleré hasta el minuto 18, bromas sobre acoso, violación y estereotipos femeninos.",0,0,0.45977917
@USER @USER Con el hashtag de tu foto de perfil me queda clarísimo que tus neuronas valen callampa! 😘,0,0,0.458845
Yo: Que sola estoy Prima (13 años): Buscate una novia entonces Yo: Es que soy mas de novios Prima: Ah que eres gay *silencio incomodo*,0,0,0.458829
"😍Descarga nuestro nuevo cómic ""AHLAM, SOÑAR CON UNA VIDA: Historietas de mujeres refugiadas de Palestina en #Líbano""\n\n\nDoctoras, trabajadoras sociales, madres, futbolistas... Mujeres valientes que luchan por un futuro mejor. LINK",0,0,0.45355377
@USER Después de ver en noticias a un venezolano violando toque de queda cargado con marihuana y tratando de coimar a carabineros es procedente devolver a sus países personas en esta categoria,0,0,0.427194
"Yo me baso en las politicas que tiene la izquierda, que son dejar pasar inmigrantes, lo tuyo del PP es de la manga",0,0,0.47063762
"QUE HIJOS DE PUTA LOCO, SE LO SÚPER MERECÍA FLORENCIA ENVÍA BAILA FLOR AL 13013",0,0,0.4088222
"La solución a los delincuentes es la cárcel, de toda la vida. Permitirles la impunidad solo lleva a que persistan en sus crímenes.",0,0,0.48485154
afición: pillar a matches de tinder por banda y contarles mi puta vida que no le interesa a nadie  #ligarmal,0,0,0.4710808
Y como nadie va sufragar de la derecha y los conservadores estos como delincuentes electorales hacen lo que le permite la derecha y conservadores que no desean salir  de su comodidad y saben que sucederá? Si sale el narcocomunista los flaites se tomarán los edificios cada zombie,1,1,0.523773
@USER @USER la versión latina mola más,0,0,0.36924967
@USER del África tropical,0,0,0.35556355
@USER Pobres colombianos están traumatizados con el uribismo!,0,0,0.4719897
"Puedes llamarme negro o gilipollas,  pero no me llames tarde para cenar.",0,0,0.47060603
"""Bueno, debo admitir que en eso los mexicanos (sudacas, dirán estos) hemos aprendido muy bien de los españoles. Lo primero es decir, """"yo no soy racista"""", """"yo no soy de derecha"""", """"yo no soy fascista"""", """"con todo respeto,... LINK",0,0,0.42922243
"@USER @USER @USER Cualquier indocumentado dice la primera tontería progre que se le pasa por la cabeza y habrá quien le aplauda. Gracias a esos pantanos te duchas, bebes agua y lavas en tu casa. O quieres ir a buscar el agua a la fuente de la plaza con un cántaro?",0,0,0.4786837
@USER @USER @USER Pero el escenario que describe no es de acoso. Es de violación y asesinos,0,0,0.45537087
"Tu odias a españa, eso es obvio.",0,0,0.4407342
Os comentarios dos do madrid son fábrica de independentistas. A mellor afición seica jajajajaja. A seguridade súdalla. LINK,0,0,0.41620559
@USER Si bebes pollas eres una true feminazi,1,0,0.44560307
Franco: amigo de Hitler Fraga: Ministro de Franco PP: Partido fundado por Fraga @USER: Miembro del PP  Pero el nazi eres tú. #Schindler,0,0,0.3710116
@USER @USER callate la puta boca gordo almagro,0,0,0.4432694
"Vaya, ¿quién iba a imaginar que el PP estuviera tan cercano a postulados nazis?🤔 Lo jodido es que hay gente realmente cree eso de 'centro derecha', cuando son extrema. LINK",0,0,0.44636378
"@USER Tres doritos después Arrestan a su hermano por VIOLACION.... ????
#simonviolador",0,0,0.41361257
"@USER Esa me engañó por un rato. Creí que era normal, pero de repente sacó su verdadero yo feminazi e hice lo que siempre hago, ser coherente y usar la razón y eso las hace bloquearme porque no me pueden vender sus teorías.",1,1,0.50671023
Actualmente este citado me da algo de vergüenza ajena y actualmente es la oveja negra de mi cuenta. LINK,0,0,0.42335823
"@USER @USER Tú eres la puta Beyoncé siempre, querido ❤",0,0,0.43821082
"@USER Tú eres subnormal, ya te dije que ni puta gracia.",0,0,0.4630943
"COMO LE VAN A ENSEÑAR A UNA BEBE DE 2/ 3 AÑOS QUR CANTE UNA CANCIÓN QUE DICE 'PUTA BOLUDA, ZORRA', ENCIMA LA CANCIÓN LS TOMAN A CHISTE Y ES HORRIBLE TE DAS CUENTA A LO QUE LLEGAN LOS CELOS? HAY GENTE ESTÚPIDA",0,1,0.5023481
@USER Joven guineano\n\n\nQuien os paga por ocultar la verdad??,1,0,0.37014228
"Estudio sobre ciudadanía y socialización política. Cristián Cox 👇muestra perfil de estudiantes secundarios, destacando desconfianza de representación política (pero interés por problemas sociales) y mayor participación ciudadana de estudiantes mujeres.
 LINK",0,0,0.4350466
@USER @USER @USER Ese tweet ya estaba programado o el CM es Boliviano.,0,0,0.37346506
"@USER Te gustan las empresas o servicios públicos, mira como atienden Essalud, RENIEC, Migraciones, Minsa, ONPE, INPE. Anda Migraciones a sacar un pasaporte, pide una consulta a ESSALUD, y después conversamos.",0,0,0.48076773
"Los dos sabemos que esa respuesta no llegará, porque no se rigen por el análisis y raciocinio. Son sectarios, y repiten una y otra vez las mismas frases de mierda. Lo que tu cuentas es irrefutable, no se como funcionarán sus mentes, pero lo que entiendo es que están como capados, ese tipo de razonamiento no lo entenderán nunca.",1,1,0.5172686
Esta persona es realmente estupida. Primero parece esquizofrénica y luego queda claro que solamente es una mierda de persona e ignorante. LINK,0,0,0.43557212
"A todos los que defienden a los jugadores de la arandina y que son padres, que prefieren, que violen a su hija de 15 años o que acusen a su hijo de 20.
Es que con solo decir que tiene 15 años, el resto sobra.",0,0,0.46372336
"@USER Ay chamo, fíjate que no sé. Creo que team sangre",0,0,0.43622473
@USER Hay weones y este. LINK,0,0,0.4098521
@USER @USER Creería que en relación a su población deben ser menores a la venezolanas… no creo sea por ahí,0,0,0.42719463
Racismo es que no haya güeros en aprietos. 🙄😆,1,0,0.4399508
"Si atacas las instituciones de gobiernos ""enemigos"" te da cobertura TVE. Si escribes algo fuera de tono contra las de aquí, eres terrorista.",0,0,0.49903968
"@USER @USER @USER @USER es tiempo de ponerles un alto a estos violentos, ladrones e indocumentados, que están colocando a las mujeres en primera fila, y ellos se esconden, para seguir cometiendo fechorías, basta ya!! esto no es marcha pacífica 🤬",1,0,0.43164825
"@USER A que los que votaron fuera del país, son personas con demasiados recursos económicos y empresarios, desafortunadamente los colombianos que tuvieron que salir por las dificultades del país, son inmigrantes sin papeles para lo cual le es imposible ejercer su derecho al voto!!!",0,0,0.45840967
Triste por la muerte de Carme Chacón... Sabiendo lo que es una enfermedad del corazón... Gran socialista y gran ministra,0,0,0.4732103
@USER Patetica!!!,1,0,0.4000654
@USER @USER Comentario raro ctm!!!,0,0,0.4028349
"@USER @USER Ah pero el 1% que desciende de los inmigrantes europeos se quedaron a administrar el poder, desplazando a los representantes originarios a niveles de invisibilidad, de ese modo pudieron apropiarse de los recursos y explotar el territorio",0,0,0.42023537
"Lo sé, yo sólo digo cómo creo que debería de ser.",0,0,0.43374908
"@USER todavía no me ha afectado el rasho homosexualizador, como se hace, se elije como elijes el corte de pelo?
canuto ignorante por la rechucha 😂
dejar a la gente vivir feliz su vida y chao",0,0,0.45482048
"Que dirán las feminazis ahora, un hombre les gana en su área #MasterChefEcuador maldito patriarcado, la culpa no era de él ni como cocinaba",1,0,0.4424613
"@USER @USER @USER Hola de nuevo! Vdd, son 6 MM de votos, pero a lo q me refiero, y la razón x la q encuentro importante la cant de votos, es q algunos se creen los representantes de todos los chilenos cdo cada uno de los 155 fue elegido x algunos miles. Insisto  en q se les suben los humos.",0,0,0.47139755
he pensado lo mismo al leer el titular,0,0,0.39073145
"@USER @USER @USER Por ahora me conformo con las demostraciones reales (más mundanas y menos etereas) que entregan quienes se dicen ""comunistas convencidos"" y...eehh..no gracias.",0,0,0.43450347
@USER SON UNOS HIJOS DE PUTA SARAH SE MERECÍA SER UNA ARQUITECTA :(,0,0,0.3682558
"@USER JAJJAJAJ cállate perra , me lo dijo por otra cosa no x eso",1,0,0.3786909
"El cuñado de @USER  llama ""fachas"" a @USER LINK #21D #DiadelaConstitucion #6Diciembre",0,0,0.3158186
@USER Te paso Por los cocos orrego culiao,0,0,0.42699617
"Te digo yo donde te puedes sentar, furcia.",1,0,0.44576597
"Pues que culpen a los que dicen bienvenidos, venid ya y pocos son. Yo me levanto a las 5 todos los días para llevar mi casa y a mi familia y mantener a los parásitos autóctonos. Lo demás me importa bien poco",0,0,0.42502174
"@USER La mayoría son ignorantes respecto a lo que se refiere al trabajo para lo que fueron electos.
Los agitadores entrenados se los comerán con todo y zapatos.",0,0,0.48083612
"@USER Shhh mori callada crota, anda a mandarle fotitos a mi ex que para eso servís nomas PUTA",1,0,0.43962124
Que haya maltrato animal no elimina que haya violencia de género hacia ella y encima tú sudes y le eches mierda.,0,0,0.47732598
Si ya saben cómo se pone para que lo invitan,0,0,0.44446263
"Damon y Stefan no son buenos ni malos, blancos ni negros. Son grises. No justifiquéis a uno criticando al otro.",0,0,0.4575526
"@USER Pero, ¿qué puta obsesión tienes tú con los reyes, tía?",0,0,0.47485447
Facha.,0,0,0.44505742
@USER El muy careraja tiene que primero ganar las primarias... por mi parte iré a votar por el waton Boric solo pa que el comunacho quede fuera...,0,0,0.4749912
".@USER Esos ""jóvenes pacíficos"" que estaban en el Maidán, quemaron a 43 personas vivas en Odessa. Zozulya es uno de ellos, mongolo.",1,0,0.49810973
"""el even"" quería que mi amigo fuera con él al baño(😏)y él se puso rojo,se agarró a mi y se quedó like ""NO"" le daba vergüenza,es un bebe pls",0,0,0.42744398
@USER Ha sido por regañarle xq le iba a pegar a un perro.. Me salta tu cállate puta y digo tu padre desgraciado. Lo que no me pase a mi..😆,0,0,0.40964675
Yo justo cambiando la contraseña de facebook y me empieza a salir toda la hueá en árabe y yo¿¿¿¿,0,0,0.39308628
"@USER Chama yo sí, obligada por mi dra al principio y fue lo mejor de lo mejor. La volvería a usar mil veces.",0,0,0.43666488
"No sé si será mercurio retrógrado, mi ascendente en Géminis o simplemente mi miopía pero ctm. Jaqueca qlia eterna",0,0,0.4338924
"Qué se persigue? ya..Es difícil definirlo. Con frecuencia además suena a esas conspiraciones imposibles. En parte, el camino a una sociedad más docil camuflada en ideas incorformistas. En España, los grandes partidos por ejemplo, han conseguido un consenso para un endurecimiento del código penal que no es ni era especialmente blando en delitos de este tipo. En realidad desde hace poco me he dado cuenta que eso, lejos de lo que parecía, puede servirles como herramienta para el control precisamente de las nuevas corrientes migratorias. ¿El interés en estas corrientes? La natalidad y el aumento de individuos independientes más proclives a las actividades de ocio y de consumo.",0,0,0.48903212
"@USER @USER @USER @USER @USER @USER No, el dictador mas bien obligaría a ""aceptar esa esclavitudc",0,0,0.41334134
Venga si comemela xddd,0,0,0.4250988
@USER Pues dispuesto a ser un amo muy exigente! empinarte a mi gusto y nalguearte como te lo mereces por puta cachonda y zorra,1,0,0.41797197
@USER @USER @USER Esta puta loca que se está forrando,1,0,0.40163592
"@USER Ayer vi en Hipercor que ha sacado un libro de cocina. Será para enseñar a cocinar a las feminazis, que no saben freír un huevo!!!",1,0,0.44623765
"@USER @USER @USER @USER @USER Mi problema con Rueda es su estilo de juego, que se basa en cierto biotipo, le ha ido bien en Colombia y en Honduras con jugadores altos pero que al ser de raza negra también son ágiles y rápidos, lo que le permite transiciones rápidas, ese biotipo no está en 🇨🇱",0,0,0.42023972
@USER De la tele ni me dao cuenta! Masdejao sin cerveza mamón! 🍻,0,0,0.40959588
"✅ #CórdobaOrizaba De acuerdo con la activista Gloria Arenas Agis, entre las mujeres es difícil reconocerse como feminista pues ese término se ha satanizado 
➡️ LINK
#OlivaNoticias #Multimedios",0,0,0.44420382
"Macho.. que cuando tu has respondido 18 ya habia adjuntado en su comentario la noticia con la nueva sentencia de los de la Arandina. No. No son 30. Y reconocido con un ""UPS. Acabo de ver esto"".",0,0,0.49895218
"Durante el franquismo habían ciertas radios emitiendo desde el extranjero, pues hoy en día podría ser necesario lo mismo con el regimen actual. Este tipo de medios debería emitir desde el extranjero. Lo último que necesitamos es meter en la cárcel al director y tener otro preso político más. Lo último que necesitamos para la imagen de nuestro gobierno es eso.",0,0,0.4638382
"@USER Ahhh...me olvidé preguntar, pero a qué mujer has sumado! Seguro a la María Emilia Tijoux!...y..te faltan miles de mujeres del mundo académico! Creo que el equipo de la Narváez es de peso y en serio!",0,0,0.4842763
@USER -Azoto tu cara- Comemela,0,0,0.4790154
@USER son jeques arabes asi que 50M minimo,0,0,0.39319938
@USER @USER @USER Hay que ver que tu si eres ignorante. Cuando un país es una potencia en futbol su cultura se hereda en generaciones. Además tiene 15 copas América como no van a exigirle que clasifiquen en Suramerica si dominan la región. Usa el cerebro que por pensar no t cobran,0,0,0.46105835
"@USER En México decimos Pirinola, los gachupines dicen Perinola...!",0,0,0.41039237
"@USER Callate puta , vamos a hacer algo q me aburro",1,0,0.4229789
"@USER por eso apoyáis vosotros a terroristas de estado, tan fascistas como vosotros, por otra parte",1,0,0.399453
Suma y sigue: menos 200 inmigrantes subsaharianos logran saltar la valla fronteriza que separa Ceuta de Marruecos y ya son 800 los que han cruzado este mes. #EspañaNoLaArreglaNiPerryMason #VamosDeMalEnPeor #EstoPintaMuyMal #EstoNoTieneArreglo #EspañaVaAPeor,0,0,0.4100708
@USER No habrá querido decir zorra?,1,0,0.42026457
"Es muy sencillo. Inmigración si, pero inmigracion constructiva que participa en el desarrollo del pais que les acoge. Lo que no puede ser es que la entrada de inmigrantes sea sin ningún tipo de control. Los españoles tambien hemos emigrado a Alemania en los 60, pero allí se iba a trabajar y a respetar las leyes del pais. Esto no tiene nada que ver con racismo. Ya está bien de engañar a la ciudadanía. Los inmigrantes deben trabajar y si la situacion económica del pais no lo permite, poeque no hay trabajo, pues sencillamente no pueden estar viviendo en las calles. A ver que político serio y realista le pone el cascabel al gato.",0,0,0.45775193
"Quizás Albano-Dante debió presentar su opción politica no Independentista ""Som Alternativa"" p ahora mismo nadie garantiza q tras el 21-D haya gobierno en Cataluña.O mejor dicho casi se da por seguro que si ganan independentistas el 155 anule denuevo el resultado y un gob de ellos",0,0,0.4285238
"En el interior la decoración de suelos, techos y paredes, luces que se filtran a través de las vidrieras, silencio... hicieron que el atardecer se convirtiera en un espectáculo difícil de describir y de olvidar. Cartuja de Pavia #Italia LINK",0,0,0.44989967
@USER Los dinosaurios cuando vieron caer el meteorito lo primero que pensaron fue en la economía ... Fachos de mierda wn,0,0,0.4512559
Esta miserable diputada de Podemos compara la violencia de género con el asesinato de Miguel Ángel Blanco en LINK,0,0,0.4462604
@USER @USER @USER @USER Mejor tu cállate zorra que tú pides likes a tus fotos horribles en Facebook y está bien fea jajajaja 🤣🤣🤦🏻‍♂️,1,0,0.44825202
"@USER Ven ami MD, te enseñaré lo que es placer puta",1,0,0.4144746
"Terrorismo, tráfico de personas...\nAhora ponéis el cartel de ""Refugees Welcome"" y decís la gilipollez de que por qué los ucranianos son refugiados y estos no. LINK",1,0,0.46813387
"La grave crisis sanitaria por #COVID19 se profundiza y las muchas restricciones hacen imposible trabajar. Fundación Margen moviliza solidaridad para las mujeres trabajadoras sexuales más precarizadas, muchas de ellas jefas de hogar y madres de familia #ElPuebloAyudaAlPueblo 💕 LINK",0,0,0.42921007
"Yo, solo ya espero morir e ir al cielo catalán. LINK",0,0,0.41144553
Yo voto #KarinaOlivaGobernadora y que se retuerzan como vampiros frente a una cruz los fachos desesperados. LINK,0,0,0.4345191
Un tipejo tan limitado solo puede haber salido de Teleamazonas... LINK,0,0,0.44601685
@USER Ufff. Jamás nunca podría estar con una mujer como tú. Yo soy maniático del orden,0,0,0.4866514
"De origen Marroqui y Argelina…ohhh wow que sorpresa, en absoluto no son ellos gran parte de estos actos LINK",1,0,0.42072582
"Ah claro eres inmigrante, eso lo explica",0,0,0.47128004
@USER Patética!!. Que pena de señora,1,0,0.39975885
@USER Hay que cambiar el tamaño del balon que son mujeres las que juegan! ;) Bueno ... mejor dicho mandemos a las jugadoras a fregar a la cocina :D LINK,1,0,0.47911206
@USER @USER No es un ministerio de igualdad es un ministerio de acoso y persecución del hombre español y de ocultación si es musulmán.,1,0,0.4514933
"@USER Cómo le hacen, yo no puedo ni enseñar a dar la patita a mi perra.",0,0,0.44184747
"@USER @USER @USER Aún ni me has respondido nivelazo. A qué todos somos fachas menos tu. A qué los únicos democratas son tu y tus amiguitos. Pueden poner todas las fotos de Riveras que quieras. Tu, tus amigos y los Jordis a que si????",0,0,0.4255956
Callate zorra de Piñera LINK,1,0,0.44288495
"Yo no soy racista, pero .. (ya he cumplido el tópico, ahora sigo) sí pienso que hay culturas de mierda que no son compatibles con la nuestra. No es la raza. Son algunas mentalidades las que me repugnan. Para mí no es comparable quien delique porque está en una situación desesperada de la que quiere salir, y quien lo hace como modo de vida. mayoritaria.",1,0,0.4671186
"Feminazis, lean con toda atención. LINK",1,0,0.44999483
Mucho postureo apoyando el feminismo y luego sois las primeras en criticar a la ex de tu churri.,0,0,0.4278138
a verga mardito que tenei con los maracuchos ps a q te pego la axila en la aspiradora esa q tenei en la cara,0,0,0.4693739
Intervenidas en La Línea 600 falsificaciones que se vendían durante la feria de la localidad #LaLínea LINK,0,0,0.39837444
"@USER ...no...no lo se todo...no soy genio...un humilde ciudadano...tolerante, fraterno...PERO NO SOY IGNORANTE...",0,0,0.40528694
@USER No lo ficharemos por complejo de catalanofobia,1,0,0.42454693
"Dijo “a diferencia de otra cosa que está ocurriendo aquí en santiago”… si no quiso mojarse el poto siendo específico, no salga ahora con que lo mal interpretaron. Hágase cargo @USER LINK",0,0,0.4210876
#CavadaCHVCNN favor preguntar a la presidenta si se puede volver a abrir en comisaría virtual el permiso para que puedan entrar a chile extranjeros casados con chilenos que en estos momentos están separados por el cierre de frontera #loveisnotourism,0,0,0.49907362
Todo por no decir a las mujeres le gustan los malotes y liego la pagan contra los hombres. Es como el que es alcohólico le hecha la culpa a ás uvas.,0,1,0.5144259
"""Es impresionante que la prensa le dé espacio a una mocosa como ella"", dice Jair Bolsonaro a Greta Thunberg.
LINK",0,0,0.35696045
@USER @USER De verdad que no puedo con todos esos youtubers monguers buenrrolleros. Aggggg Arriba la ESTI!,0,0,0.4814112
"Todos flipando con Sara socas porque ha dicho una frase feminista siendo mujer, pero no se le da la misma importancia cuando lo hizo Wos, Chuty.. e.t.c. Parece qe solamente importa que la imagen de la mujer quede por encima de la imagen del hombre. Aunqe la rima no para sea tanto",0,0,0.4547085
"Me chorean esas actitudes tan mierda, pero pico, la wea no es mi culpa, es esa persona una mierda de persona, na que hacer",0,0,0.38981485
"La OIM trabaja acelerada para darle status legal a las ilegales de Haití, debemos sacar a la OIM del país. El nuevo invento es refugiadas, víctimas de trata.",0,1,0.5119665
"¡Qué Dios me perdone si quiere, o si no que lo deje, pero yo no valdría para ser G.C., si un HDLGP!!! negrata me hace eso, le doy cuatro tiros. LINK",1,0,0.41486272
@USER Quiere decir que no vengan argelinos a España,1,0,0.39249423
@USER @USER Ah si joder xdd soy subnormal,0,0,0.44500697
Tengo curiosidad por saber quién será el primer grupo político en hacer un miting en Zona Maquinista,0,0,0.4739582
Es lo que ha votado ( y volverá a votar )esa gente así que imagino que estarán encantad USUARIO,0,0,0.4573921
Siglo 21 y seguís llamando maricon a alguien pa insultarlo,0,0,0.47418606
"@USER veo en tv los peruanos que votan en USA, tienden a hablar de la libertad y la democracia. Los peruanos que votan en Chile tienden a hablar de cambios.  Si bien no mencionan su candidato(a), se entiende por quien votarán.",0,0,0.47513318
Dani Rovira también es sodomita??? #goya2017,0,0,0.44215426
"@USER @USER De hecho, el Estado franquista es el que hay. El franquismo comienza a la muerte del general Franco",0,0,0.42516515
"FEMINISMO LIBERAL VS. RADICAL - PARTE 2: Capitalismo, prostitución, porn... LINK",0,0,0.43256682
Si te engañan una vez el responsable será quien te ha engañado.Si te engañan una segunda vez con el mismo tema la responsabilidad será tuya.No te digo nada si te engañan una tercera..,0,0,0.4134179
y entonces #feminazi te vas a quedar con esa? LINK,1,0,0.44030857
"@USER Te van a echar del primer mundo, sudaca salvaje",1,0,0.4484363
"@USER @USER @USER no weon, si el tweet fuera de alguien diciendo q los pacos son lo maximo, te creo. 
pero aca se la estaban chupando a los comunistas, y los wns son bien sinverguenzas",1,0,0.46442086
"Es un bucle absurdo. Hace un año quise contratar a una profesora india. Está legalmente, su marido trabaja legalmente en España, pero hasta pasados dos años no es contratable. La única opción que le deja la ley es trabajar ilegalmente.",0,1,0.5204984
¿Que te inventas qué?,0,0,0.43713662
"Los hombres odian a Greta: «Histérica», «estúpida» y «puta» son los insultos que recibe por parte de varones adultos LINK a través de @USER",0,0,0.38861373
"@USER Amigo hablá de la sudamericana, ni jugás esta copa.  Cuando hablemos de la sudaca te llamo.",0,0,0.44745982
"@USER @USER Tal cual... lo q más duele es q todavía hay muuuuchos q les creen las ""palabritas bonitas"" e imposibles d los comunistas... son masoquistas y dsps le echarán como siempre la culpa al otro...",1,0,0.48863375
Si ser peor comentarista que Nico Abad es catalanofobia...pues vale. Fírmame ahí. LINK,0,0,0.44555932
"Curiosamente leyes feministas a medida que sobreprotegen a las mujeres quitando derechos a los hombres y se retroalimentan agrandando así el problema de una desigualdad interesada que defiende incluso el ministerio de igualdad, suena a chiste si no fuera cierto, y ante el problema REAL de la inmigración ilegal con su cultura anti-europea se sigue mirando para otro lado, algunos incluso poniendo etiquetas a los que sí lo hacen.",0,0,0.47785264
@USER @USER @USER Ese pasillo te gano dos finales seguidas y dejo a tu idolo por el suelo LINK son nada sin messi pobre y triste weon. cuando ganes algo en vida pero en vida que espero que lo entiendas en vida ok hablamos vale asi que chao noma hijo de inglaterra,0,0,0.408349
"@USER Ese mismo pensamiento mediocre esta poniendo a Pedro Castillo al mando de un pais, con lo ignorante, poco tolerante y francamente weon que ha demostrado ser en público 🤣. Como si ser pobre fuese una virtud en si...o en el caso de karina, como si ser joven y mujer 🤷🏻‍♂️ vergüenza da",0,0,0.41415823
Arrimadas dice que los cambios en la Generalitat son “los últimos momentos del proyecto separatista” LINK LINK,0,0,0.38939786
Detenidos por la @USER 10 inmigrantes como organizadores del salto violento a la valla de Ceuta en julio LINK vía @USER LINK,0,0,0.47085088
"Chamo me acordé que mmgva atención de mierda tienen los chilenos. En el mismo Sodimac vendedor:
1) - señora quiero como una hidrojet pequeña. 
- hidrojet que es eso?
- una máquina que tire agua a presión 
- no sé que es ese hidrojet, es para lavar el auto?
- bueno no la busco...",0,0,0.4738541
@USER Me parto la polla,0,0,0.42205894
"@USER Está cagada de la cabeza la poco mujer esa. Cahuinea y mal, pa más recacha",0,0,0.4755694
@USER Seguro que el vendedor era guineano o paquistaní @USER,1,0,0.37462118
Pd a ver si cierran de una puta vez Tv3 que no sé todavía qué servicio público ofrece para que merezca dinero de nuestros impuestos o solo hace daño que roben unos?,0,0,0.49418414
"@USER @USER Ok, quedaste como ignorante entonces. Clásico.",0,0,0.47565028
@USER Que bueno y que SE establesca un plan para deportar aquellos inmigrantes que vinieron solo a robar y a delinquir. bienvenidos a Colombia todos los que quieran trabajar y  aportar Al progreso,1,0,0.41085613
"@USER La ley debe ser para todos igual, cualquier preferencia convierte la ley en papel sin valor.  Soy inmigrante ahora y me apego a la legalidad q me exigen, pero aquí hay preferencias ""humanitarias"" con sesgo político",0,0,0.45488185
@USER Tu calla que tu coño tiene hasta aparcacoches de lo guarra que eres,1,0,0.44930908
"@USER Abre las fronteras porque le conviene a sus amigos chavistas, los venezolanos son los que van a vivir sabroso en Colombia, los que son pobres en Colombia van a seguir siendo pobres y van a tener que competir con Venecos por empleo.",1,0,0.42317027
"El bastión pinochetista y golpista de Las Condes, Vitacura y Lo Barnechea dieron una diferencia sobre 150.000 votos para el DC y derechista Orrego y además que las demás comunas las personas no fueron a votar.
Celebran fachos pobres, DC, derecha, pinochetistas y concertados.",0,1,0.53441334
"@USER @USER Estaría bien que vuestro gobierno os diera esa opción. En su lugar, tenéis a los fascistas (ladrones) abusando.",0,0,0.4725483
@USER Es que era así. El indocumentado eres tú.,0,0,0.46264902
"a ti te quería ver yo conviviendo con estos todos los días. O con los gitanos del final de la calle General Ricados de Madrid, como mis suegros. Se te iba a quitar la tontería racista de golpe.",1,0,0.45783263
"Cuantos operarios hacen falta para limpiar una cocina? Ninguno, eso es cosa de mujeres. #CállateYfriega",1,0,0.39162046
"@USER @USER Que mierda wn, los weones son futbolistas profesionales, como si un pique asi solo lo pudiera hacer vidal wn jajajajaj que chucha😂😂
Les cuesta reconocer que el flaite qliao jugó un partido mal",0,0,0.42831612
".@USER: Karla (nombre ficticio) no eligió marcharse de #Honduras. De hecho, nunca quiso marcharse. Decidieron por ella. Le dieron un ultimátum de 24 horas. “O te marchas o te hacemos picadillo”, le dijeron.   @USER @USER @USER @USER  LINK",0,0,0.3985446
"@USER @USER @USER Es preocupante que todas las fantasías sean hacernos daños y follarte a tu hija, yo me lo miraría",0,0,0.48103687
@USER @USER Ahí está la prueba de que se puede ser fascista y sudaka a la vez,0,0,0.4365808
.@USER: “Me siento indefensa al denunciar insultos como ‘negra de mierda’ y ver que la justicia los archiva” LINK,0,0,0.39432994
"@USER Como se explica q hace menos de un mes el FA fue mayoría en la RM, a @USER se le acerca @USER y esa mayoría se desvanece...es de esperar q el FA  aprenda la lección, no necesitan de andar con el PC pq los chilenos no quieren comunistas gobernando, si a @USER",0,0,0.4723292
"Puta la wea, estos partidos culiaos pueden costar la clasificación",0,0,0.38896108
Venga silenciame ya verás tú cuánto me preocupo SUBNORMAL,1,0,0.46742117
@USER @USER Callate perrita... traes la polla dentro... te mueves y te duele mas. Perrita comodina 😊,1,0,0.43592873
@USER Lo de mandar fotos de la polla es para provocar lástima?????jajaja!!,0,0,0.46341732
¿Que harian los hombres sin las mujeres? Pues domesticar otro animal y esta vez no enseñarle a hablar.,1,0,0.46704
"De verdad eres bien aweonao, como puedes llamarle muertos de hambre por ser usuario del #GamePass que te crees imbécil clasista dé mierda 😡 LINK",0,0,0.43281105
"@USER Sé que eres el de la pizza con piña, mamón",0,0,0.49508128
"Hay que ser subnormal para que te empaten este partido. Subnormal. A sufrir, a sufrir, a sufrir y a sufrir. ¿Sorprende? NO",1,0,0.44813687
Que nadie olvide que estos cafres atacan a la independencia de nuestro país!! Más de 100 inmigrantes saltan la valla de Ceuta y hieren a siete agentes con cal viva LINK vía @USER,1,0,0.47265726
JAJAJAJAJJAJA que vas a eclipsar tú y el otro subnormal xd LINK,1,0,0.43035713
"¿Occidente piensa hacer algo o es ya parte de esta cristianofobia criminal?\n\n\nEl Estado Islámico fija la matanza de cristianos como objetivo del nuevo año musulmán.\nLa liberación de sus presos, con asalto a cárceles, su estrategia prioritaria.\nLINK",0,0,0.42244786
"Se los deben llevar al Vaticano, a ver tan buenos y generosos que son allí de compartir sus casas y sus recursos con estos pobres, en su mayoria musulmanes que tanta pena les dan.",1,0,0.44310084
"El motivo es el de siempre, la miseria y la guerra de pueblos africanos que los hacen huir de sus países. La desigualdad en el reparto de riqueza entre el primer mundo y el tercero.",0,0,0.47987083
"Violento,prepotente,habla con un nivel de  agresividad,típico de los machistas que creen que para callar a una mujer hay que levantar la voz.Este hombre es realmente un hombre enfermo del EGO. LINK",0,0,0.43589383
"@USER @USER Cállate estupido, como se nota tu ignorancia. Y como se nota que no sabes de qué manera trabaja un periodista de sucesos.",0,0,0.46774942
@USER Como os gusta prohibir a los fascistas. Sean de derechas o izquierdas. ¿Por que no pedis firmas contra el ramadan? Cagones..!!,0,0,0.41331473
Buah chaval se me han saltado las lagrimas de lo bien que lo ha hecho. ANA WAR ERES LA PUTA AMA TIA TE MERECES TODO Y ESTAMOS ORGULLOSOS DE TI JODER #OTDirecto16D,0,0,0.45825672
vos mereces mi polla,0,0,0.46130192
"@USER 1) Relativa mis huevos. Mestizo es el que no es 100% puro. Un 0.001% implica que NO SE ES PURO. Ergo, se es mestizo.2) El aprecio, por otro lado, s es relativo. T le mamas los huevos al os espaoles, porque quieres que te reconozcan como homb",0,0,0.42349407
"Ada Colau clasifica como ""ultraderecha"" una manifestación en defensa de la Constitución y le aplica una moción-mordaza creada por la CUP. ¿Y a esto lo llaman democracia? #DiadelaConstitucion LINK",0,0,0.44377398
@USER @USER @USER El qlio care raja po ctm,0,0,0.36353153
@USER Quitar las concertinas y poner ametralladoras,1,0,0.41796815
"Será que como caín, fui maldito a vagar la tierra solo con mi soledad por los siglos de los siglos.",0,0,0.35539612
@USER @USER @USER Chile no sale goleado por bravo y por la mala definición de los argentinos,0,0,0.41331583
"@USER @USER Así decían los venezolanos, venezuela no es cuba y Chávez no es Castro y miren en lo que quedó Venezuela",0,0,0.42644715
@USER @USER #TodasPutas y una vuelve con el poporopo como una flo,1,0,0.4191523
Gente culia se vacuna el la fecha del pico y piden Pfizer o no se vacunan 😆,0,0,0.42881015
"Somos un país con alma de imperio. Europa tiene cierta responsabilidad histórica, y regir el mundo es su don y su carga.",0,0,0.4463274
@USER @USER @USER @USER ¿ Esas mujeres son las que se quejan del acoso...? ¿Sí habrá quien las acose...?,1,0,0.43027133
"Ahora sí Quinteros y la conchetumadre, viste el gol ? Te diste cuenta quien debe ser el 9 titular ?
 #VamosColoColo",0,0,0.4505941
Ya estamos full en las delicias de isabella lomito árabe salsa para pizza empanada hamburguesa sándwich de lomito todo casero te espero en campo vía entre… LINK,0,0,0.46463495
"Con toque de queda y presos políticos, algo huele mal en esta democracia:

🚩 ELECCIONES DE LA CUT: ¿DÓNDE ESTÁ LA CLASE TRABAJADORA? por Felipe Ramírez
🚩 MUJERES, MONSTRUOSIDAD Y MILITANCIA EN ""LAS COSAS QUE PERDIMOS EN EL FUEGO” por Ma. Belén Contreras

LINK LINK",0,0,0.4546645
"@USER No tienes ni puta idea de lo que es la democracia, porque no eres demócrata.
Los demócratas hemos tenido que aguantar que la organización criminal a la que perteneces saqueara el país,porque tenia mayoría en el Congreso.
Aprende a perder, fascista.",0,0,0.45393774
#Felizsábado La realidad contra la mala leche.  🤔🤔🤔🤔🤔🤔 LINK,0,0,0.43158105
"@USER cuando nació, acusaban al PSC de ser catalanista, y aseguraban ser el único partido no independentista en Cataluña.",0,0,0.41128117
Asi que tu eres la ex arrancar numero 3 eh?... eres una sucia puta traidora te dare lo que te mereces! LINK,1,0,0.4173569
Entre los brasileños que te hablan en portugués (pensando que les entiendes) y los venezolanos que manejan como el orto. Que se jodan las dos selecciones.  #CopaAmerica2021,1,0,0.40837303
Cállate Zorra' el 'cállate perro' de este semestre😊,0,0,0.40860662
"@USER @USER En el colegio de mi hijo van los aforos casi completos, este payaso hace de la pandemia política barata, de esa q no aporta en nada.",0,0,0.4880447
"No me creo ni mierda su lesión si le sigue pegando así, ctm",0,0,0.43185073
Atentos a los comentarios del tio charles a una mujer destrozada que aun no sana #MeaCulpaentvn,0,0,0.41167098
"🎙️ Directora nacional del Servicio Jesuita de Migrantes (@USER), habla en #ADNHoy sobre las expulsiones masivas de extranjeros: ""Chile es el país que está actuando menos basado en derecho respecto de las personas venezolanas"" 📻 LINK LINK",0,0,0.40708557
@USER Algunos hombres sin las mujeres estarían literal muertos,0,0,0.42875686
@USER @USER @USER lo que no me parece normal es que se defienda a un nazi y un machista,0,0,0.40488282
Que manera de perder goles la CTM! Hay q echarla adentro!,0,0,0.46843737
"Creo que nadie tiene nada en contra de inmigrantes legales, Crees muy pero que muy mal.",0,0,0.44983858
Ojo a este 🧵 5 puntos claves para impulsar la integración de personas migrantes y refugiadas para el gobierno de @USER y @USER. LINK,0,0,0.45533514
@USER Callate hdp q vos con tus simios kk p o.pj ykk son la escoria rentada de este pais de cuarta gracias mugriento charlatan.segui cobrando 200 lucas y manda a los negros violentos a la calle,0,0,0.4634362
"Repasa el concepto de ""soberanía nacional"".",0,0,0.45495403
"Pelao y la ctm, ya nos cagaste con Uruguay
La wea muy al peo #LaRoja",0,0,0.43507943
"Que noo, que es la derecha rancia!! Que me lo ha dicho la tele!! Aún queda esperanza y gente que sabe de que va la peli. +1 a tu comentario shur",0,0,0.42801273
"@USER Caye, sabes si dan paga de incapacidad por loca?? Es para una amiga...",1,0,0.40352127
"@USER @USER @USER La pederastia es algo normal para los musulmanes, al parecer tu esposo también tiene alguna denuncia en Francia por hacer cosas chulisimas! Por cuantas ""cabras"" te cambió tu padre?",0,0,0.47628674
"Y vuelta la burra al molino. No odio a nadie. Porque les deseo lo mejor, desearía lo mejor para ellos, que es que no tuvieran que salir de su país, que se quedaran con su familia y que sólo si se la sale de las santas narices, emigraran para mejorar. Pero no por subsistencia, viniendo de países que son ricos. Pero es que los mismos que dicen que está bien que vengan (desde el Gobierno) son los mismos que dicen que aportan el 10% a la seguridad social pero reciben solo el 1%. ¿Podría verse mayor descaro, dando datos de su explotación? Es que no me cabe en la cabeza. Se les explota, pero criticar este sistema de mierda te hace racista. Perfecto. Me parece que les haces el juego. Y luego están los locos que odian a la gente por su color. Pues vale.",0,0,0.44824845
"@USER @USER Tranquilo, en unos años tendrás muchos más de esos 13000, pero serán musulmanes rezando hacia la Meca, supongo que entonces serás feliz.",1,0,0.4945289
"Están fiscalizando en plaza dignidad,
PD: aún hay weones cuidando un pedazo de cemento en Plaza De La Dignidad, Ex Plaza Italia LINK",0,0,0.4881393
Subieron el informe epidemiológico y me tranquiliza un poquito cachar que para el 128 (con respecto al informe 127) subieron MUCHO MENOS de lo que subió en el 126 (con respecto al 125).,0,0,0.4653546
#EleccionesCataluna  ¿Qué hará Rajoy con un C's que se proclama ganador y con un bloque independentista más reforzado? ¿Y qué hará tras el fracaso de Albiol?,0,0,0.43889993
@USER Sube video aunque sea enseñándolo hijo de puta.,0,0,0.43553132
"@USER @USER En las piscinas climatizadas de Soria había hace unos años un cartel que prohibía el uso de ropa interior debajo del bañador. Coincidió más o menos con la llegada de los primeros inmigrantes de origen hispanoamericano, a alguno de los cuales vi en las duchas de esa guisa.",0,1,0.5049431
"@USER el político y el organizativo, que son los fundamentales. Creo que en los de igualdad y ético no hay grandes diferencias.",0,0,0.43715236
"@USER @USER Puta que eres lindo, te mereces todo mijito rico 💖",0,0,0.4726852
@USER JAJJAJAJAJAJJAJAJAJJAJAJA QUE MAMON PERO NO ES EL CASO,0,0,0.41697586
"No hombre no. La gente llega a España y automáticamente toda lo que ha vivido anteriormente desaparece. Si vienes de un sitio donde es normal que te maten por robarte unas zapatillas no quiere decir que tú lo hagas al llegar aquí. Pero si será más fácil que alguien de los que viene de allí si lo haga porque simplemente ya se dedicaba a ello allí. Lo que no entiendo es a lo que viene la propuesta de VOX, sobre la cual estoy totalmente en contra, si ya se ve que lo normal en este país es llevar machetes al parque.",0,1,0.51089025
Nuevo asalto a la valla de Ceuta con 7 agentes heridos. Se preocupara esta vez @USER  de los mismos o por el contrario irá a agasajar a los delincuentes inmigrantes?,1,0,0.45433542
Creo que una mujer lamiendo una toalla higiénica usada no puede ser referente para nadie @USER #LaBatallaFinalMv,0,0,0.4022667
"Ok, ok. Pero que yo sepa ese sombrero se lo compra a alguien. ¿Quien es el que se mete en el bolsillo más dinero en ""B""? Esto es como el agricultor que vota a VOX y tiene a los negros ilegales en el invernadero ¿A esos no se les señala o solo tienen cojones con los débiles?",0,1,0.5596334
"A lo mejor si alguien no lucha por alguien es porque NO MERECES LA PUTA PENA, no siempre es culpa del que no lucha.",0,0,0.46003026
"La cantidad de weones/as entrando al Costanera es IM PRESIONANTE...
Así el día del pico saldremos de esta",0,0,0.44871455
"@USER Cállate el hocico perra, básica tu gfa y otras ciertas personas que conocemos jeje, lo puse por cosas que me han pasado y ahora finalmente me han hecho pensar así, mejor ve a joder a tu minion fav ok, d antemano grax",1,0,0.41982228
@USER @USER Tardia pero justa asi nos habriamos evitado q tanto inmigrante indocumentado con antecedentes ingrese. Preocupense en apoyar a los nuestros q tanto lo necesitan y los Venezolanos q luchen x su país en lugar de huir,0,0,0.42220798
@USER No solo eso ahora tricimotores y carretas de reciclaje con motor de MOTOS robadas y con todas las partes las arman sin documentos no respetan normas de tránsito mano dura @USER @USER,0,0,0.3990121
"@USER Catalunya ha votado a la facha de la arrimadas, que los catalanes independientes tengan mas escaños es otra cosa muy diferente como para decir que hemos votado independencia...",1,0,0.4229927
"¿A que""gente"" concretamente?¿ a los delincuentes o a los dominicanos? Porque es que no lo aclaras y me generas dudas?",0,0,0.46718007
"Caso Arandina, ¿qué pasó y por qué han sido condenados los exfutbolistas a 38 años de prisión? LINK",0,0,0.48717493
Callate gorda hija de puta @USER,1,0,0.3760775
"@USER @USER @USER @USER @USER @USER @USER @USER Tú eres la PERRA BASTARDA que justificó el asesinato de un Patriota porque era falangista. Eres una mierda SECESIONISTA, y una basura MARXISTA ¿y te atreves a califica",1,0,0.3730321
"Pues anda que los que usted ha,dado son mucho mejores..",0,0,0.3989219
@USER @USER No tienes ni puta idea.la melodia es mi novia es sevillista...una puta mas.,1,0,0.4182772
"@USER No se puede decir más gilipolleces y más tonterías juntas en tan poco espacio, no tienes ni puta idea de lo que estás diciendo",0,0,0.4269878
"¿Tomaron parte? Deja de buscar excusas, el ateísmo puede ser igual de malo que cualquier religión. Lo importante es la tolerancia, no las creencias personales de cada uno. ¿O a caso te perjudica en algo que yo vea en las teleplastias de Bélmez un indicio de que haya otros ""planos de existencia""?",0,1,0.51177645
"¡CÁLLATE MARY JANE, DÉJAME BAILAR EN PAZ, MALDITA PUTA!",1,0,0.45560813
Mi animal mitológico favorito es el marica de tu provincia con el que no tienes gente en común en insta,1,0,0.46514437
super buen chaval. maestro de escuela ya.,0,0,0.42562452
¿Ya tiene plan para el mañana? ¡Asista al lanzamiento de nuestro libro con #SelloCdR sobre #migración.\n\n\n📚 Son siete crónicas periodísticas sobre migrantes venezolanos que se encuentran en varias ciudades de #Colombia.\n📹Conozca más detalles e inscríbase LINK LINK,0,0,0.4578848
"@USER Amiga. Vivo en un barrio común y corriente. Una población. 
No defiendo los cuicos pero es transversal el desorden. Acá los weones hacen día la noche",0,0,0.49096885
"@USER @USER @USER @USER El problema del venezolano promedio es que cree que sufre como nadie mas y que todos deben tenerle lastima... si llegan a un pais, aprendan a vivir con sus normas, no impongan las propias... bajen el volumen y respeten la paz del vecino",0,1,0.5001079
"Sí, seguramente tampoco sea una buena solución, porque sería fácil acabar expulsando a gente que no lo merece. Es una opinión poco meditada, más producto de la frustración que otra cosa. Quizás el primer problema sea la inmigración ilegal. Habría que empezar por ahí yo creo, dejar de atraer mano de obra esclava que encima dumpea el mercado laboral y precariza de forma devastadora a los trabajadores menos cualificados. Y por supuesto dejar de dar ayudas a gente que no tiene intención de trabajar ni de buscarse mínimamente la vida. En países como Andorra por ejemplo, a los inmigrantes que están determinado tiempo en el paro se les expulsa del país, sin más. Por eso tienen una tasa de inmigración ilegal tan baja, porque no hay efecto llamada. Sin embargo busca en Youtube ""cómo vivir en España de las ayudas"" y verás.. sean lo que sean: trabajos para la comunidad hasta que paguen su mal; acabado de pagar, si no son españoles, se les expulsa; se acababa la delincuencia",0,0,0.44504339
Bolsonaro llama “mocosa” a Greta Thunberg… y ella le “toma la palabra” LINK LINK,0,0,0.42311347
Detenidos 5 inmigrantes argelinos y marroquíes por violar en manada a tres chicas en Valencia LINK,0,0,0.4403511
"@USER @USER Bueno chic@USER como ya no da para más, os dejo para que sigáis a Vuestros líderes leninistas (que ese fué un gran demócrata 😏), hoy hay temas más importantes para apoyar como el evitar que los progres de izquierda quieran eliminar las concertinas  LINK",0,0,0.49054056
NI menores ni nada. menos guante blanco y de patitas a sus paises!,0,0,0.45304132
noo si mi voz de aweona leyendo titulares es excepcional ctm xddd,0,0,0.40993792
30 segundos mientras tipeaba los datos y me cerraron el chat por no tener respuesta. Nojodaaaaaaaaasss malditos mil veces @USER,0,0,0.42055503
#@USER es una vergüenza el tratamiento que pretende hacer con las víctimas del franquismo #porlamemoriam4,0,0,0.34525806
@USER @USER SIGUE HABIENDO REFUGIADOS QUE PRECISAN AYUDA URGENTE 🙏🏾,0,0,0.4162825
@USER @USER Alguien le cree a este payaso??,0,0,0.43899402
"💥  Koulibaly responde a De Laurentiis: ""Las selecciones africanas merecen un respeto"" LINK LINK",0,0,0.36502087
"De malas a pésimas noticias para Chile si gana el comunista Castillo.
Pdte @USER, si la policía peruana alienta a los inmigrantes ilegales que entren a Chile, entonces debe desplegar la máxima cantidad de FFAA para proteger las fronteras 
 LINK",0,0,0.4403995
@USER @USER Se paren todos esos weones. Parece que no fueron construidos con amor,0,0,0.45111695
@USER Eso es lo malo de que cualquiera se pueda postular a carga públicos !!! Con estos tipos de personas estamos cómo las wea en el país muchas mujeres mueren !!! Porque hay imbesiles que los apoya como este ! 🤦🤦🤦,0,0,0.44364083
@USER @USER No te has quitado un trozo boñiga de la suela de la bota en tu puta vida,0,0,0.42021045
"""Es una situación vergonzosa"": organizaciones critican expulsión de inmigrantes los fines de semana LINK a través de @USER",0,0,0.45610303
racismo es que en la fila del banco me pidan guardar el celular a mí y no al güero de adelante,1,0,0.48224902
"@USER @USER Yo trato de irme a dormir lela, pero no hay caso! Todos los días amanezco hetero… 🤣🤣🤣

Ante declaraciones TAN ignorantes, sólo queda reir (y mejorar la educación) #loveyou",0,0,0.40791848
"Lo malo de la educación es que es un proceso largo y lento, y es difícil de llevar a países atrasados. Hay países en los que la única ""educación"" para los pobres es la coránica, con lo que no se saldrá del atraso y la ignorancia hasta que se consiga erradicar esto. Y entre estos países, cómo no, están Marruecos, Libia y Argelia, que son los que nos tocan más cerca. Por otro lado toca los huevos que haya un sistema público intentando formar a gente con valores sociales, modernos y europeos, y luego venga el Estado o Arabia saudi a poner pasta para los curas y las mezquitas. Es que así no avanzamos. Saludos",0,1,0.5074239
"a mí me parecería bien que se fuera a Marbella a afearles la conducta a la mafia rusa, luego se pase por Valdemíngomez a tener unas palabrejas con los clanes de la droga y terminase el tour en el Palacio de la Zarzuela para comentarle muy duramente al emérito que esté esquivando al fisco español con dinero negro ganado gracias a su puesto. Pero NO HAY HUEVOS.",0,0,0.46025026
"@USER Digo,por dignidad lo dejaran pasear 40mil familias lloran y este sdw se da el lujo de salir,es como el alcoholico,se chupa toda la plata y en casa los niños no tienen que comer",0,1,0.5052133
"Cc que Jotos los hombres que usan ""Cc""",1,0,0.38503602
Hace unos días llamé a BROADWAY NY desde mi celu y me atendieron en 1’ literal. Hoy estuve toda la tarde tratando de contactarme con un centro oftalmológico de Belgrano para pedir turno y nadie atiende. Tan sudaca que duele,0,0,0.46951163
"El Hermel este siempre fue subnormal, pero en dias como hoy eleva el nivel a lo bestia",1,0,0.42541865
No le dejamos otra salida que decapitar a un compañero,0,0,0.44466978
@USER Nadie te ha llamafo fascista aún... ¿no es un poco decepcionante? 😂😂😂😂,0,0,0.40742218
"@USER ¿Qué, buscando la polémica? Tirar de catalanofóbia para defender a los cerdos caerá muy simpático a s… LINK",0,0,0.4722737
"No podemos olvidar que se trata de personas, a pesar de la etiqueta de ""inmigrantes"" que parece cosificarlas. La política migratoria quiere mano de obra, y, en su lugar, llegan personas cuyos derechos humanos han de ser garantizados y protegidos LINK",0,0,0.39609092
Mentiras que se le dicen a una mujer: -Te quiero -Eres la unica en mi vida -Estaba con mis amigos -Sigue chupando que yo te aviso,0,0,0.4749194
"Mi ex a sufrido malos tratos, no por mi y es una mujer tóxica, tiene la capacidad para embarrarlo todo, estos artículos no aportan nada aparte de se les encanta que su machito sea un tío duro, y claro a veces pilla ella",1,0,0.43693608
"El Pp es un partido de izquierdas, ladrón y corrupto.",0,0,0.45864487
"@USER Estoy harto! Me cansé de Perú! No puedo seguir viviendo en un país gobernado y dirigido por ignorantes comunistas. Mañana me voy de Perú, dejando atrás a mis 3 hijos y 2 mujeres. Me mudare lejos,  a Venezuela dónde si saben cómo llevar un país productivo y capitalista. 🇻🇪✈️",1,0,0.4030551
@USER @USER En fin que los asesinos fascistas tienen las puertas del Congreso abiertas para ti. Blanqueadores de asesinos.,1,0,0.4726741
"@USER Te parto la puta vida, negra.",1,0,0.44401523
"@USER Oye callate que si te molesta pues no mires el chat y deja ya de llamar la atención guarra, mi Instagram es trussypussy25 chavales",1,0,0.4533261
"Empieza la promocion antitaurina de los del prohibido prohibir en Logroño... pero recuerda, si les dices algo, el fascista eres tu...",0,1,0.50078505
@USER @USER @USER No solo motores que afectan el medio ambiente sino que han incrementado la inseguridad y el hurto de motocicletas ya que son motores sin documentos.,0,0,0.43383607
"@USER De lo que conosco, creo que Argentina (junto con Uruguay) es el país menos machista, si.",0,0,0.45698395
"#EleccionesCataluña Máquina del tiempo, volvemos al día antes del 1-O. Parlamento independentista sin mayoría social. Volverán a las locuras y borracheras de esteladas, ¿Volverán a forzar el 155 antes de 1 año?",0,0,0.42925286
"Un movimiento como el feminismo no puede tener credibilidad en este país, el feminismo ha sido creado para luchar contra la violencia de la mujer no para generar más violencia. Lastimosamente la ignorancia en este país se hace resaltar una vez más. Soy feminista no soy feminazi LINK",0,0,0.40178484
"Wey, soñé que era güera again. ¡Qué perro asco!",1,1,0.5053577
"@USER Disculpa, tú eres ese al que llaman Jordi el niño polla?",0,0,0.48792502
"Poco me gusta hablar de izquierda y derecha yo que uso las dos manos para escribir.. Tu espera que la derecha vea y proclame lo ridículo que es esto y luego analice sus propias ideologías, no veas la de cortocircuitos..",0,0,0.48446122
Exacto no seas como @USER vota ORREGO el cobarde va a votar por la comunista... es un títere de la izquierda.....evita a @USER y a los comunistas. LINK,0,0,0.4801439
"@USER @USER Si matas a una persona, independiente de lo que esa persona haya hecho, eres un asesino y por tanto un delincuente.",0,0,0.4417297
"Pero era un buen negocio llegar a victimizarse, como si alrededor de la mitad de estos ilustres venezolanos tienen causas judiciales y otros no realizaron su trámites migratorios oportunamente. Bueno@USER izquierda anárquica tendrá argumentos para seguir con pantalla y excusas LINK",0,0,0.4649961
Que hombre más patético es Ricardo Dios... Se escuda detrás de las mujeres y no tiene personalidad otro personaje destruido 🤦‍♀️#VerdadesOcultas,0,0,0.4128513
"Desde que asumió ese rol ha sufrido amenazas, hostigamiento, amedrentamiento y obstáculos administrativos a la denuncia😓 Y esta solo una muestra de lo que ha sufrido desde que comenzó a defender el derecho al agua.

Pide #ProtecciónMujeresModatima 👉🏽LINK",0,0,0.4290872
"Esta tarde en #VamosAVer? hemos hablado de
? Sentencia del Caso Arandina
? Grupo Recoletas
? Cuando la Navidad no es Alegría
⚽️#ElTaconazo: El Var a debate
Puedes volver a verlo aquí▶️
?? 
LINK LINK",0,0,0.4388278
@USER me cambie a los gritones de ESPN..... con ese par de gordos nefastos y el par de lechuzas era mucho,0,0,0.46485347
Rajoy se enfrenta a otra mayoría independentista y con el partido hundido LINK,0,0,0.39312217
"@USER Nulo, cuál de los dos candidatos más payasos. 💩",0,0,0.4111486
@USER Te ha sacado a las palestra un sudaca,1,0,0.4213237
"#QuedaMenos
#ElPeorPresidenteDeLaHistoria👇🏾

Hoy #JaduePresidente presentó su programa para un Chile digno, verde, plurinacional, feminista, paritario e inclusivo #ProgramaDeJadue
#VotePorJadue en las #Primarias del 18 de julio #SeguimosAvanzando LINK",0,0,0.46202567
"Sobre la inmigracion haitiana en general y en nuestro caso, a Chile. Leerlo, por favor.@USER  LINK",0,0,0.44232324
"Con la de hostias gratuitas que han dado, dan y darán los benditos agentes de la ley a gente inocente, solo espero que en este caso concreto no se contuviesen y se quedasen ciertamente a gusto.",1,0,0.40226668
Ésto es típico de una mente enferma. Ojalá los Chilenos que saben vayan a votar para evitar estos debacles en nuestra sociedad 🤦🏻🤦🏻🤦🏻. Gracias Piñera por tanta paz social con tus tiempos mejores (Sarcasmo). LINK,0,0,0.44690666
"Muchos que hoy vomitan sobre el retrasado de Sasel, cuando aún no era muy conocido casi le comían los huevos.",1,0,0.39994952
@USER por eso luego salen jotos y travestís los chamacos!!,1,0,0.42242917
"@USER Yo escape de un país de salvajes musulmánes, por un levantamiento, lo primero que hice fue poner a salvo a  mi familia, estos salvajes no.",1,0,0.395049
"@USER No,los músicos son racistas,para ellos todos los asiaticos son chinos xD",0,0,0.42940333
@USER Son todas las mujeres iguales en esa micro 😑,0,0,0.4095637
@USER Cállate gorda pedorra hija de puta!,1,0,0.36592147
"Y que me digan porque el campo se las ha visto putas para recoger la fruta en plena pandemia. De lo que se queja el campo es de que no tiene jornaleros extranjeros. Sabemos que de los jornaleros extranjeros abusan: les hacen trabajar en malas condiciones, no les pagan, se llegan a condiciones de semiesclavitud y no protestan porque están en un país que no conocen y no saben como hacerlo. Jornaleros españoles hay, puedes consultar los datos de parados en cualquier comunidad autónoma.",0,1,0.50367546
"Los ataques personales contra los q apoyan Orrego, de parte de sus contrincantes, solo muestran la incapacidad a la tolerancia y al diálogo Así será la gestión si ganan las gobernación? Para mi eso no es ser de izquierda, feminista, idealista, joven. Mi solidaridad con @USER LINK",0,0,0.41826117
@USER @USER @USER Sexista y feminazi en la misma frase. Bravo,0,0,0.37759715
@USER @USER @USER @USER Nacionalistas ..jajajaj ellas las nazas..jajaj aprende a escribir .. pedazo de imbécil.  Eres tan pasado a mierda que crees que Villa Baviera era la nueva Bavaria sudamericana ..jaja jaja qué limitadas mentes weon sudaca.necesitan ayuda ..de verdad.. LINK,0,0,0.42820477
"lo personal es político y aquí un ejemplo. Por cierto, también hay que recalcar que derrocar al sistema no sólo es menester, sino que TIENE que ser por medio del feminismo. LINK",0,0,0.44446772
"Los argentinos nos tratan de traidores. Xa q aprendan algo:
1. Conflicto Baltimore 1892: Argentina ofrece pertrechos y ejercito a USA contra Chile
2. 1881, Argentina amenaza unirse a Peru y Bolivia a cambio de Patagonia
3. usurpacion de terreno chileno por Perito Moreno
etc, etc",0,0,0.429095
"Puigdemont no volverá a Cataluña sin ""garantías"" de que se permitirá un Govern independentista si gana LINK",0,0,0.41699496
@USER @USER Le creo más a Malala que a la ESTÚPIDA de Greta,1,0,0.42815942
"@USER Maldito cabron!! No mereces otro insulto, llamar puta a una mujer!! Con los huevos cortado no pagarias ma… LINK",0,0,0.40446186
@USER Jadue llegando en su auto nuevo para dejar contento a los fachos LINK,0,0,0.37366426
Yo indocumentada entrado ilegal a la República de Antioquia por Turbo. LINK,0,0,0.39810547
Los putos #MoroMierdas envenenan a los perros y exigen su prohibición. Mi perro es más limpio que cualquier piojoso de estos  LINK LINK,1,0,0.481177
Es la primera vez en toda mi vida que me llevo genial con la gente de mi clase y no hay ni un puto subnormal. Qué gusto dios.,0,0,0.4746649
"Gipuzkoa paliara la falta de camareros con una ley que facilita la explotación laboral a inmigrantes sin papeles.\nLos hosteleros, especialmente los de la Parte Vieja de #Donostia seguirán cobrando pintxos a 4/5€ y cañas de cerveza a 5€\nCositas del cortijo neoliberal del Pnv LINK",0,0,0.4653212
@USER Hace falta usar la palabra “maricon” como insulto? No eres más que un homofobo. Y a la gente como tú es mejor ignorarla. Así que eso haré a partir de ahora.,0,0,0.41138065
"@USER @USER @USER @USER @USER @USER Angel GORDO,RETRASADO,GORDO,FEO ,MALVADO,LOSER",1,0,0.41146585
🌍 De Córdoba a Costa de Marfil: Así es el trabajo como cooperante de la enfermera Dori Muñoz en el país africano @USER @USER LINK,0,0,0.45893517
"Eso solo pasa cuando alguien suelta un comentario de gilipollas integral. Vamos, cuando tienes que echarle de comer con los cerdos (con perdón de los cerdos). Siento que a los de vox no os quiera nadie, pero he aquí que la mayor parte de la gente son buenas personas.",1,0,0.49506298
"Un año más de conmemoración y seguimos con una gran deuda social con los #refugiados en el Ecuador; este año denominado: ""Quien sea. Donde sea, Cuando sea. Toda persona tiene derecho a buscar protección"".\n#DíaDelRefugio #Migraciones #CiudadaníaUniversal #integración LINK",0,0,0.44015357
"#Sociedad
Fiscalía ya tiene los nombres de quienes difundieron los audios de la víctima de los jugadores de la Arandina

? @USER envía certificados digitales de la difusión a través de @USER de mensajes de la niña de 15 años víctima de violación
LINK",0,0,0.49935618
"@USER @USER Claro de eso hace 40 años y ahora resulta que todo el mundo es facha menos vosotros. Ves la diferencia?. Ves que la gente que piensa como los Jordis y no cometen delitos no van a la cárcel?. Yo el resto de la gente no votan a los tuyos son fachas, a que si?",0,1,0.5041301
@USER No se CTM puede ser que a veces me ponga weon y diga una que otra chuchaita,0,0,0.46892825
"¿viendo mis comentarios? En Podemos no son racistas, faltaría más, pero Rita Bosaho se puso para ""demostrarlo"", es puro postureo y solo tienes que buscar intervenciones suyas para darte cuenta del nivel.",0,0,0.48651668
"Estos son los personajes que defiende el PC q quieren gobernar Chile y que luego hacen gárgaras con los DDHH… mentirosos, hipócritas y como decía mi abuela… puros rotos metidos a gente LINK",1,0,0.4913079
"Qué criterios se utilizan para calibrar la alarma ante estas situaciones? A quién le pedimos responsabilidad? Una erupción  de la corona solar tiene más consecuencias, en el clima, que la contaminación humana, pero el cambio climático con Greta la histérica y el 8 M, venden mucho",1,1,0.5256025
"@USER @USER Esta mujer cree que el cargo es de presidente,  lo más terrible que la gente que no se informa les cree",0,0,0.42307386
Mucho Franco y mierdas pero de esta agresiva invasión de inmigrantes ni mu.  #Asco LINK,1,0,0.4500601
"@USER Dicho en otras palabras, ni a usted y a mí nos importa una puta mierda lo que hablen los catalanes, los vascos, los gallegos o los gibraltareños ¿lo entiende?",0,0,0.40976834
La tecnoutopía del hombre que susurraba a los fascistas. LINK,0,0,0.44846764
"@USER 
Ines, por los pocos que te han votado, por su dignidad, No HAGAS MAS el RIDICULO en el CONGRESO, ya sabemos que el CONGRESO, es un circo lleno de payasos, pero PAYASA Y RIDICULA, no por favor.",1,0,0.43762672
"El aguinaldo no es ninguna conquista de ningún zurdo, sudaca ignorante, la jubilación tampoco, las vacaciones menos..",1,0,0.4051848
"Me dicen: mira unos weones en los #humedales con sus 
Vehículos ...
Automáticamente en mi mente yo... LINK",0,0,0.43128663
"dales un trabajo y dejarán de robar. Bueno, a lo mejor no. Pero que pocas noticias con gente de etnia gitana y cuantas noticias con ""moros"" y ""negros"". Casualidad?",0,1,0.51471335
"el de migraciones está cantando a voz en cuello Crimen de Cerati, y no me atiende",0,0,0.41270292
"Lo de que hay más mierda entre los inmigrantes te lo inventas tú. Yo digo que hay que largar a los que cometan delitos de este tipo. La gente de bien, que siga viniendo, yo encantado, no he tenido un problema con un inmigrante en mi vida.",0,0,0.49064144
Que bueeeen quilombo jajaajaj. Te lo merecias por zorra 😘,1,0,0.40344
"Quicir: si no te gusta una cosa eres libre de criticarla, sea un evento, la Navidad o el orgullo gay. Pero NUNCA, bajo ningún concepto,",0,0,0.3857816
Si está wea es de gobernadores porque habla el aweonao de Jadue? Esta haciendo campaña? No me sorprende el oportunismo... #lamismamierda LINK,0,0,0.4272491
"Lo que no entiendo es que sus familias se han ido de su pais por lo general por trabajo e inseguridad, y quieren montar aqui la misma historia que alli.",0,0,0.48195982
@USER Prefiero una mujer blanca como protagonista y heroína ...que a una negra o musulman que no inspiran no jalan no venden no llaman,1,0,0.4400298
"@USER @USER @USER A la par que hipócritas, inútiles. Marlasca y las concertinas. D. Pedro y el diálogo. Pandilla de descerebrados, oiga.",0,0,0.43624988
"Pues sinceramente, no siento ninguna pena. Cuantos han muerto intentando llegar legalmente?",0,0,0.42984354
"@USER @USER @USER @USER Ok Pau, como sea . Un DC es 100 veces mejor que esos gorilas de ultra izquierda o comunistas. Además, el gil de Orrego es un tipo decente y capaz . Ya , no busques más excusas y a votar 🤣. Buena suerte",0,0,0.46789655
"Quien te va a querer controlar a vo con una vacuna sapo culiao! 

#Vacunate",0,0,0.47809237
"""💣 La Revolución del Jazmín: Revolución en Túnez, causas y consecuencias... LINK",0,0,0.41320756
"¿Y qué les importa a los de la generación del Call of Duty? Los muertos africanos son como los muertos de videojuego, no cuentan. La generación más egoista y egocéntrica que ha habido nunca.",0,1,0.50355875
Jajaja pelao culiao indecente LINK,0,0,0.39949563
"Ambos partidos entre Chile y Argentina fueron muy parecidos. Cada equipo tuvo pasajes buenos como malos, con un estilo de tenencia pero de repliegue rápido pos pérdida, y resolviéndose cada gol por medio de pelotas paradas. Duelos trabados, definidos en empates.",0,0,0.48360068
"@USER @USER Vamos , que eres el típico chorizo que critica lo que desea. Un puto amoral rojo.",1,0,0.48810112
Las personas y la manía de creer que por que la mujer es sexy tiene que ser puta seguro pues NO dejen el mojón mental.,0,0,0.49064392
el PP no es de izquierdas? hahaha,0,0,0.42828274
Ctm perdón pero esa parte esta buenísima #confesionesdemujeresentvn LINK,0,0,0.41097787
ReceVOX por ellos un padre Nuestro.,0,0,0.37336707
@USER @USER @USER Cállate puta lesbiana peronista,1,0,0.3963542
"@USER No metas a Víctor Raúl en tu perra das, ya la jodiste , ahora callate",1,0,0.41002923
"Afición del Betis apoyando a Zozulya. Sí, la misma afición que defendió un acto de violencia machista.",0,0,0.4908228
"#Opinión 👤 A diferencia de la migración y el asilo político, el refugio es una política de Estado que obliga a la protección incondicional -salvo excepciones precisas- de la persona refugiada y del solicitante.\n\n\nPor Ligia Bolívar\n#SomosFronteraViva\nLINK",0,0,0.39215422
"@USER ¿te refieres a lo equiparar a las víctimas de ETA con las del franquismo? Tiene toda la razón, no son comparables",0,0,0.42881832
"@USER Es feminazi, no hay manera de razonar con personas así.",1,0,0.40976793
"@USER El teatro no,  por favor, porque son todos zurdos. Que se vayan a Venezuela.",0,0,0.45882952
Demarcació Girona 64% independentista LINK,0,0,0.46569863
"Tanto en el desarrollo de la conquista de los territorios que formaron el imperio español como en las primeras etapas de la formación de la propia España, desde los primeros asentamientos fenicios y cartagineses, el mestizaje ha sido la constante en la formación del pueblo español. Los españoles que alardean de actitudes racistas o que actúan como tales, además de burlarse del mandato divino se burlan también de la propia esencia de su hispanidad e implantan como pretende hacer VOX , modelos procedentes del mundo anglosajón tanto en lo económico , ultraliberalismo salvaje pretendiendo convertir a nuestra Patria en un siervo del capitalismo mundial",0,0,0.43999854
Vosotr@USER seguir hablando si Zozulya es nazi o si los Goya son para rojos. Yo dedico un tuit a algo importante #DiaMundialContraElCancer,0,0,0.4001002
le pagabamos los dientes nuevos entre todos asi que no se que decirte,0,0,0.40717298
Xdios odio a estos arabes q se extingan,1,0,0.4045159
"SCC, Entidad de UltraDerecha La Misma que ha llegado a varios pactos con el Alcalde de Lleida @USER LINK",0,0,0.43678656
@USER Prefiere a una delincuente??,0,0,0.3572104
"¿ la televisación de la expulsión de los migrantes es la violación a los DDHH, o que en derecho (o sea de fondo) está el error a todos o parte de quienes son expulsad@USER?",0,0,0.44361344
@USER  deseamos un   #FelizMiércoles a  Más de 100 inmigrantes que saltan la valla de Ceuta LINK,0,0,0.44606298
"Yo si fuera mujer, me enojaría, en una pregunta nada que ver, mete el sexismo y ..... pufff.... juzguen ustedes. LINK",0,0,0.45811713
"Buah yo no me haría nunca un twitter, eso está lleno de rojos de mierda.",1,1,0.5229618
"Los Europeos asumimos que estamos al servicio de los EEUU y que pase lo que pase los rusos, los árabes, los negritos, los asiáticos y todos aquellos que tienen recursos y no acepten nuestras normas son nuestros enemigos. Se lo decimos a nuestros dirigentes con nuestra obediencia",0,0,0.40849513
"A la policía? Para que el juez lo suelte a los diez minutos ? Cuántas veces hay que llamar a la policía? Hasta que el puto chorizo matón de un tirón que envíe al abuelo al cementerio va a seguir suelto. Los buenistas sois la vergüenza de la izquierda. Si es que sois de izquierda,porque estáis fomentando el fascismo.",1,1,0.5522062
"LA ""BETTY LA FEA"" VENEZOLANA!,MALA PUNTERIA GENETICA! LINK",0,0,0.43847477
PUEDEN 🗣 DEJAR  🗣 DE  🗣 LLAMAR  🗣 AL  🗣 ORGULLO  🗣 LGBT+  🗣 ORGULLO  🗣 GAY  🗣 POR  🗣 FAVOR  🗣 COÑO 🗣 DE  🗣 UNA  🗣 PUTA  🗣 VEZ,0,0,0.44220278
lastima que no se volvio loco del todo y se suicido de paso..,1,0,0.42786324
"Cada voto cuenta, así es, aunque en nos han volado la r...a ultimamente. Es una combinación entre los ""Patriotas"" que prefieren irse a su segunda casa el fin de semana y por otro lado que la gran mayoría de los chilenos creen en el viejito pascuero. Aun así hay que ir a votar.... LINK",0,0,0.46784094
@USER Los musulmanes no tienen ni puta idea de lo que es una mujer. Para ellos las mujeres son esclavas.,0,0,0.47975585
"chao, hoy día no atiendo a payasos",0,0,0.4487213
"@USER @USER @USER Joder con los nazis, deben procrear como los conejos. En 1946 600k en los gulags, y en 1953 ya eran 1,7M. Me vendes un moto sin ruedas :)",0,0,0.41173053
Es que unas señoritas hoy me llamaron “FemiNazi” por decir que uno debía cubrirlo??‍♀️,0,0,0.43061417
"@USER Yo hablo poco, pero cuando hablo es porque tengo pelos de la burra. Que luego será negra, parda o blanca. Pero es burra ;)",0,0,0.44471124
@USER @USER No creo que pase esto aunque si se puede dudar de la justicia en Chile. Me gustaría saber quiénes son los jueces comunistas que mencionas,0,0,0.44456133
@USER Pues no la hizo. Seguimos sin papel.,0,0,0.46932518
⚡️ ¿Hay alguien en la Tierra que no sea un inmigrante? LINK,0,0,0.43933085
@USER Hágame el favor de pararle bola a su mujer todas las veces que cambié el plan porque eso quiere decir que no ha parado de pensar como mejorar la idea original.,0,0,0.47000024
El régimen  fascista de Kiev sigue asesinando a civiles en el Donbass con el apoyo de la OTAN y UE. Mañana a las 19H di #NoALaGuerra LINK,0,0,0.38779742
@USER Es verdad! Todos los colombianos son iguales..con o sin uniforme,0,0,0.47784048
@USER Como todo dictador el sanguinario Maduro presume de valiente hasta que las armas cambien de manos.,0,0,0.3873708
@USER Igualita a la chama Méndez!! 🤣,0,0,0.41831702
"@USER da igual que ahora digas que era otra Ines,llamar puta a cualquier mujer es de ser muy rastrero,por un plato de lentejas.",0,0,0.47386372
@USER A los musulmanes se les entierra el día que fallecen antes de la caída del sol y mirando a la Meca.,0,0,0.39135844
"@USER El derecho humano de un niño biológico y antropólogicamente es tener un padre hombre y una madre mujer. El homosexualismo, LGTBI y otros es solo egoísmo sin pensar en los niños y su desarrollo de acuerdo a su sexo. NO A LA PERVERSION INFANTIL",1,0,0.4879514
"@USER Por rezar el Rosario no se la llevan, desde luego....los que matan sin los gubernamentales  venezolanos, con más que ejecuciones extrajudiciales en quince meses que toda la puta dictadura de Pinochet",0,0,0.45058647
"Sin embargo, son los mismos putos fachas que sí ven bien que la Iglesia y los toros se financien con dinero público.",1,0,0.48219892
@USER Cállate puta que voy a ir ese día y te va a caber,1,0,0.43835747
Y las que iniciaron la reivindicación y la primera marcha del orgullo gay aun pudiendo ser golpeadas y arrestadas por la policia.,0,0,0.44106117
"AFICIÓN| La #FamiliaMalaguista canta: ""¡Qué bonitos, qué bonitos son los goles de @USER! 🎶🙌 #VamosMálaga ➡️LINK LINK",0,0,0.43135783
"3 puntos y nada más. Al tricampeón se le exige más, sobretodo cuando se juega con el colista. Recién se notó superioridad después de la tonta expulsión de Alarcón. #LosCruzados",0,0,0.456312
Lloré como una estúpida después de pegarle a mi perra pero como rompió la pared se lo merecía,0,0,0.42786643
Güero de mi vida ♡ LINK,0,0,0.3809271
"Las patitas de los weones de La Lista del Pueblo ""mantendremos independencia del poder constituido
No seremos partido político ni disputaremos cargos públicos"" pero después dicen ""recuperar espacios políticos en elecciones parlamentarias, CORE y presidenciales""
No les compro nada LINK",0,0,0.44429764
Lo sabrán los padres.. si nadie les reclama ya ma dirás tú de qué sirve que los padres sepan que es su hijo. Y eso pasa.,0,0,0.46198636
@USER Tengo una amiga que dice Machete al machote. También tiene un corazón con la palabra feminazi tatuada,0,0,0.48854527
"@USER @USER CALLATE BOLIVIANO K ,LA RECONCHA DE TU PUTA MADRE ,UDS QUISIERON QUEBRAR Y HACER MIERDA EL PAIS . AHORA TU KCHORRA LE SACAN LOS FUEROS Y VAN EN CANA .",0,0,0.48170358
@USER Eso para mi es patriotismo. Para mi España fue una invención de la constitución de Cadiz.,0,0,0.44869223
"No conozco budistas dedicandose a poner bombas, sólo las ponen en nombre de Alá. Si cualquier otra religión se dedicase a predicar las barbaridades que dicen esta gente las prohibiría también.",0,0,0.49663097
"@USER Nadie es perfecto, todos cometemos errores lo que si se  es que se ve que eres una mujer y una persona maravillosa 😊",0,0,0.3832649
Volvemos a lo mismo... los seres humanos nos matamos... sin género... #Feminazis #shhh #preciosa LINK,1,0,0.45535767
Cuando eres un guiri chungo LINK,0,0,0.42621133
@USER Yo soy chileno bien chileno. Pero no apoyo a poco hombres que dejan ciega a una inocente dueña de casa que solo tuvo la mala suerte de pasar en frente de un matón de baja calaña como el que la agredió. Si apoyas eso eres un mal nacido. Un defensor de delincuentes.,0,0,0.44123808
@USER @USER Porque hay que defender españita de los comunistas y la ideología de género ya sabes la movida,0,0,0.4301848
"@USER @USER @USER @USER A mamarla moros españolitos, los verdaderos españoles están en el norte",1,0,0.39688486
"Totalmente de acuerdo con @USER    Un señor que migra a España desde su país de origen será siempre para nosotros un INMIGRANTE, y si lo hace de manera irregular será INMIGRANTE ILEGAL.    Usar el genérico de MIGRANTE sugiere que no tiene destino  Y no es el caso precisamente LINK",0,0,0.4889116
@USER @USER Callate hija de puta,1,0,0.41847613
"Pero que coño.. Sí tu mismo lo dices, vamos mal de cálculo mental eh? Si un 30% de la población reclusa es extrangera siendo esta un 12'9% de la población española.. Es que tenemos un problemón. Maquillalo como quieras.",0,0,0.48420593
@USER Callate que me camine dosmillonesquinientas cuadras para llegar el semi. La puta que los parió a todos.,1,0,0.46466553
"El adoctrinamiento feminista al que se ven sometidas las más jóvenes en casi cualquier país desarrollado, haciéndoles ver que si eres mujer eres víctima de todo, que los hombres solo tienen obligaciones y las mujeres solo tienen derechos.. hacen ellas unas pobres ""oprimidas"" y ""agredidas"" en todo. Siempre el mismo verdugo (el hombre blanco hetero) y la misma víctima: la mujer. Cuando los roles de víctima y verdugo cambian.. La sociedad lo borra inmediatamente. No interesa, no vende. Mientras tanto, podéis seguir con vuestra propaganda como la de este artículo, siempre centrada en el mensaje ""ellas lo hacen todo bien y son víctimas, ellos lo hacen todo mal y son verdugos"". Pobres nuevas generaciones, la que les espera.",0,1,0.5115952
El banquero alemán de la Operación ‘Flight Money’ hizo gestiones para unos comerciantes árabes de Margarita | Por @USER LINK LINK,0,0,0.40179712
"@USER @USER Pobrecito la sociedad lo ha orillado a caerle a puñaladas a ese asqueroso capitalista. 
""Feminazi promedio""
Si la policía lo agarra no le puede dar un toletazo que los progre saltan. 
Que maldito esté engendro.",0,0,0.48486274
"@USER Esperemos que cierto grupito de feminazis como @USER, no nos dañe la alegría de recordar viejos tiempos.",1,0,0.46416432
"@USER Pocas concertinas hay, electrificadas tenian que ser!",1,0,0.4287098
Muy entrete todo pero me voy a la kine a soplar ls pelotitas..maldito covid £÷$=$:&amp;;#/*:×...cuidese patriotas!,0,0,0.42299113
Gracias al #MasterCasado hoy no hablaremos de #inmigracion ilegal ni de traiciones #independentistas ni de #terroristas que celebran su puesta en libertad 1000 años antes de tiempo. Me voy a comer. Avísenme si hay algo interesante,0,0,0.46034524
"Pues págalo tu. Que no me diga la superioridad moral del todo a 100 de nadie , de lo que debemos ocuparnos Hay millones de cosas a la que dar preferencia para mejorar nuestra calidad de vida, no la de negros a los que necesitamos lo mismo que un ojo del culo en el codo Si la gente luchase por sus derechos laborales en lugar de por amamantar negros ilegales..",1,0,0.46720037
"LA BATALLA POR SANTIAGO
Primera vez que una mujer del pueblo, sin dinero se enfrenta al poder de los empresarios y de las FFAA.
Este es un mano a mano. El que supera al otro por un voto gana la gobernación de Santiago.
Suerte Karina. Es el deseo de un profesor independiente LINK",0,0,0.469792
ESTOS NEGRATAS ASQUEROSOS Y NO PASA NADA ANDA QUE SI LO HACE UN BLANQUITO LAS  FEMI NACIS SE LOS COMEN LINK,1,0,0.4999523
"@USER Me pregunto, si los brasileños salieron de la selva, de donde salimos los chilenos? Estoy seguro que no vinimos en barco",0,0,0.45441905
"@USER  Cuando sea un independentista con juego limpio, le invitaré a comer.",0,0,0.43629488
@USER Empezando por la follada de boca que te hice donde escupias llorando y seguian chupando como una loca hasta los mismos huevos,0,0,0.4638493
"@USER Yo creo que en realidad están encantados. Tienen tantos problemas internos que un incidente tipo Gibraltar o un Perejil les viene genial para desviar la atención (o eso creen, que a sus ciudadanos que han vistos esfumados sus ahorros no creo que les entretengan)",0,0,0.45831856
"@USER @USER @USER @USER @USER @USER @USER Tu eres tonta, muy tonta ojala que mueras zorra",1,0,0.40654433
"@USER :O Entonces según encuesta x libertad de expresión se podría difundir cualquier barbaridad machista, racista? fascista?  ^-^",0,0,0.46069363
Es una vergüenza no poder salir de paseo por tener miedo. Estos menores son los criminales asesinos de mañana.,1,1,0.51232505
"@USER El.problema Noé es el pase verde. El problema don los porfiados de siempre: fiestas  clandestinas, carreras. Falta de control en lugares como; metro mall,  para ellos un sanción  mayor",0,0,0.49115652
"Un debate interesante ¿las mujeres occidentales que deciden ""libremente"" ponerse la parte de arriba del bikini para tapar sus tetas son más libres que las musulmanas que deciden ""libremente"" llevar velo? LINK",0,0,0.493769
"@USER Que buena noticia, las feminazis, pro-aborto y ""empoderadas"" se quedan sin representación en el Congreso... Dios hizo el milagro de cuidar a nuestros niños y adolescentes al no permitir gente que promueve ideologías aberrantes en el congreso #FueraCaviaresProgresDelPoder",1,0,0.45382133
"Meneses esta medido como de falso 9?... mide 1.20 poh ctm. Si hace un gol de cabeza, cierro la cuenta ctm!",0,0,0.44816157
"Tiene que ser fake, no me jodas. Jamás volverían a sus países.",0,0,0.4534355
"@USER Opino que deberíai vacunarte, aweonao.",0,0,0.3878182
"@USER Ella está loca también, ¿eh? Que conste xD Son los dos mega tóxicos acosadores chungos xD",0,0,0.46869206
Que te calles ya joder que te calles de una puta vez LINK,0,0,0.45137843
"Ya dijeron que Bolivia hace agua en el fondo??
O que la defensa boliviana se hunde en el fondo??",0,0,0.37965322
@USER Y tu rabiando como una perra ????,1,0,0.4102432
Un agujero negro vaga solo por el espacio devorándolo todo a su paso LINK,0,0,0.41806868
Un libro fundamental para entender los traumas políticos y sociales que la derrota militar contra Israel en 1967 generó en los países árabes. LINK,0,0,0.39065528
Aprovechando el aniversario vendrán las acusaciones de violacion y acoso. Veamos quien cae. 🤔 LINK,0,0,0.46862307
@USER @USER @USER Se puede decir ya que DE NUEVO hay mayoría absoluta independentista. Imbécil. Ahí te quedas. LINK,1,0,0.42735213
@USER @USER A una región en declive no quieren venir ni los refugiados.\nLINK,0,0,0.3668367
"@USER He pasado mucho tiempo en Africa subsahariana por trabajo. Primero es un mito, no son tan felices. Y segundo los que lo son lo son porque los pobres no conocen otro mundo. Nuestros antepasados dibujaron unas fronteras con líneas rectas que son la causa de mucha infelicidad.",0,1,0.5050819
"Qué comentarios racistas? Tú eres un miserable, independientemente de donde seas. No te pongas de víctima encima, sinvergüenza. LINK",0,0,0.41329554
Gordó se reunía con contratistas del 3% en su despacho de la Generalitat LINK vía @USER NAZI  ONALISTAS,0,0,0.42155683
"Esta madrugada Carabineros de la 1ª Comisaría #Calama sorprende funcionamiento de local clandestino de alcoholes con clientes sin ninguna medida de autocuidado contra el #COVID19.
El regente pasa a control de detención y aprox. 3.500 envases de alcoholes son incuatadas. LINK",0,0,0.41659072
Feminazis ni que hijueputas.,1,0,0.43937206
"@USER Que te den por culo, hijo de la gran puta, a mamarla, puto indio",1,0,0.44573173
Cárdenas denuncia que «Argelia prepara 10 mil inmigrantes para enviar a España según el CNI»\nLINK,0,0,0.4120386
@USER @USER Has probado a llevar en el bolso un ladrillo para estamparselo en la base del cráneo a esos hijos de puta que te hacen eso? Así les haces ver la luz.,0,0,0.49693182
Esto es lo que la ONU/UNION EUROPEA/VATICANO/COMUNISTAS/SOCIALISTAS/PROGRES/NWO llevan de Africa a Europa...👇👇👇 Un inmigrante nigeriano mata y descuartiza a una joven italiana de 18 años. LINK,1,0,0.46880615
"Bolivianos culeaos, están todos metidos atrás wn",0,0,0.43360692
@USER Estoy en cero facha yo bro,0,0,0.4241375
@USER @USER Jajajajajajajajajajaja jódete mamón,0,0,0.3909173
Me encanta discutir con un par de fachas mermaos antes de la cena,1,0,0.4376359
Iglesias mete a sus afines y borra del mapa a los errejonistas en el nuevo partido independentista de Colau LINK,0,0,0.408977
María todos hablando 4 acentos latinos diferentes simplemente repugnante que grima,1,0,0.45168915
"Gracias a sus confrontaciones nacionalistas, ambas derechas: tanto la independentista como la españolista sobre todo, han salido reforzadas. Algo falla de base, cuando a la mayoría del pueblo le importan más las banderas q los recortes y le da = ser una víctima del neoliberalismo",0,0,0.45080933
"Miserables, izquierdistas y el uso político de la muerte LINK @USER  vía @USER",0,0,0.39849824
Lo bueno es que me dijo gracias y no callate puta como siempre 😰,1,0,0.40777954
"@USER @USER @USER @USER siii tambien el lloron qliao de lautaro la cagoooo wn, entero sapo y lloron el ql",0,0,0.3637776
"UNIDAD,COMPROMISO Y ACCION, MUJERES EN REVOLUCION! Frente feminista del Partido Progresita de Chile. LINK",0,0,0.46850422
"Ya ando bien pedo mi razita, mi vieja bailando la muy puta enseñando las nalgas.",1,0,0.46240413
@USER los venecos que viven en cedritos se irán para Miami,0,0,0.43238658
Sacan a tu padre fusilado por los fascistas de una cuneta y te piden 2000 euros #MarcaEspaña #MemoriaHistórica  LINK,0,0,0.4307835
?? Bolsonaro tilda a Greta de “mocosa” y ella lo asume en #Twitter LINK #10Dic LINK,0,0,0.40034723
No se si es un subnormal o un grande. LINK,0,0,0.43410778
"Si ven a una señora güera vestida como tenista en una Plaza, seguro tiene machín dineros.",0,0,0.47015655
@USER Que hemos ganado? En la Suiza Latinoamericana,0,0,0.4047565
Twitter destroza a dentelladas al rapero podemita Hasel por insultar vilmente a la hermana de Miguel Ángel Blanco LINK,0,0,0.37591615
"@USER Hay pruebas, la víctima jamás se ha contradicho en lo esencial del caso y cada uno de ellos es violador y colaborador necesario del resto de violaciones de ahí los 38 años. Y sinceramente no voy a volver a lo mismo porque ya veo que no lo entiende.",0,0,0.4396078
"@USER Son comunistas caviar.  Con sueldos millonarios en medio de la gran desigualdad de ingresos que existe en la TV.
HIPÓCRITAS!!!!",0,0,0.48044717
"Si que perjudica a la sociedad. Solo cambia la escala. ¿Que pasa si lo hacen 100? ¿Y si lo hacen 100? ¿Y si lo hacen todos los negocios en la costa? Aqui hay dos personas que estan haciendo algo manifiestamente ilegal. Uno saltandose las normas de cuarentena y otro con un negocio de venta sin licencia (No una ONG de prestamo de sombreros). Ser imbecil no es ilegal, desafortunadamente, asi que a negre solo lo investigaran por estar en galicia. El caso es que no hay porque disculpar un comportamiento para atacar otro. Ambos son insolidarios y por eso hay que cumplir con las leyes.",0,0,0.46253484
@USER Sudaca? K racista eres,0,0,0.44361353
"#Migración | Las actividades de conmemoración del Día Mundial del Refugiado en Bogotá se concentraron en Soacha, Kennedy y Ciudad Bolívar.👇LINK",0,0,0.42543188
"Creo que ya captas la idea. En un futuro tus pensamientos no serán tan básicos y valoraras conceptos más complejos, menos simples, dejando a un lado tu ideología dualista sobre el comportamiento humano (buenos contra malos). Un placer haber hablado contigo. Que pases una buena tarde.",0,0,0.43770528
"@USER Muchas gracias por tus emotivas palabras que comparto plenamente. Mi perra Greta era muy especial para mi, fueron 15 años de compartir una verdadera amistad y su cariño incondicional. Estuve con ella basta su último suspiro, siempre estará en mi corazón. Buenas noches. ??❤️",0,0,0.37197408
"Los rusos, por ser comunistas...seguro fueron a la luna en un canasto...no entiendo, esa ridícula idea, que por ser comunista, tienes que limitarte al uso de cosas. #JadueMeDaConfianza...YES, YES &amp; YES LINK",0,0,0.45996767
"Lo que vengo diciendo quieten elmpoder nadie a elegidos @USER  como presindete , nos quieren imponer y esos de ahí tiene facha de venecos no permitir que se rompa la democracias @USER  terrorista @USER  @USER  @USER LINK",1,0,0.45595595
"Españoles y latinos peleándose a día de hoy aún por si ésta gema se llama Garnet o Granate.\nFritísimo cada vez que hablas con alguien del tema.\nAmbas están bien, significan lo mismo.\nFin del drama. LINK",0,0,0.42935017
"@USER @USER @USER @USER Fracasaste por mala candidata, juntarte con Maltés, apoyar a un golpeador de mujeres, reunión con una ""influencers"" drogadicta, evadir debates, polarizar el discurso político... Etc, etc",0,0,0.43299192
@USER El objetivo siempre es someter al coño. #quejartura,0,0,0.44107857
"@USER Sabrá Orrego que no tendrá atribuciones para actuar en seguridad, ni para llevar a acabo sus ""propuestas concretas"", que serán atribución del delegado presidencial como coordinador de las SEREMI? Ignorancia o tratar de hacer parecer ignorante al otro para no cambiar tu campaña?",0,0,0.43197075
puta microsoft culiao puro quiero mi serie x !!!!,0,0,0.43089196
Increíble...solo en este país de sudacas negros LINK,1,0,0.46737152
@USER Como si tu hubieras echo eso callate la puta boca,0,0,0.40340307
Bolsonaro tilda a Greta Thunberg de «mocosa» y ella pone el calificativo en su cuenta Twitter LINK,0,0,0.39499518
Mamenlo malditas putas,0,0,0.4418507
@USER QUE TE CALLES GRAN HIJO DE PUTA,0,0,0.43936
"@USER @USER Es que no son feministas. Son personas que se apropian del feminismo para repetir ideas fascistas, que incluyen que todos los hombres cis son terribles y machistas, las mujeres cis, todas ellas ángeles en la tierra y las personas trans no deberían existir.Todo muy años 40.",0,0,0.45553356
"Sugiero alojamientos: El chalet de Galapagar, los jardines de la Moncloa..",0,0,0.49542817
"¿Algún día los organismos defensores de la mujer y los DDHH como el @USER y @USER se indignarán y condenarán las estupideces que le dicen a diario a @USER en las redes? ¿O solo se indignan cuando tocan a una feminazi o progre, como la calabaza del MEF? LINK",1,0,0.4379166
@USER Mafe si la mayoría tiene -18 y entre chilenos y argentinos se pelean por quienes son más tóxicos xd,0,0,0.42406347
"No creo que cobré las 7 Lucas, uno se pone muy soberbio y arrogante cuando tiene mucha plata en los bolsillos.. @USER @USER",0,0,0.43252614
"@USER Tu eres subnormal, no refinado, no confundas términos.",1,0,0.43416116
"➡️ #ProyectoenTrámite En la Comisión de Mujeres y Equidad de Género se analiza el proyecto que sanciona la violencia gineco-obstétrica 🤰🧑‍🍼, para garantizar un #partorespetado a la madre, al recién nacido y el o la acompañante. 

Aquí te contamos de qué se trata. 👇 LINK",0,0,0.47445083
1MILLON “ARABE”🔥🚀❌@USER LINK,0,0,0.3838939
@USER Como se te nota que eres marica y comes pollas en el infierno.,1,0,0.46364203
"El problema es que todos ya tenemos claro quienes son los que votan negativo estas noticias y por qué lo hacen, algo que está prohibido por la normativa de uso de este lugar pero que cierto grupo de pandilleros del Nótame se saltan a las bravas cada dos por tres.",0,0,0.47676635
@USER Ese pintalabios te queda de puta madre prueba algún día uno rojo bien fuertote o uno granate que seguro que te van 👌🏼👌🏼👌🏼,0,0,0.48386046
"@USER Cobardes feminazis, a pero si dicen que están en la primera línea de guerra, claro en un país que no las puede tocar, pero en un islamico dónde si existe el patriarcado allá no tienen los ovarios",1,0,0.43329272
TU ANÁLISIS TAN AWEONAO. ESO LINK,0,0,0.4741085
"Tener un grupo de 28 miembros ayudo en algo al fin, COMEMELA HAIN",0,0,0.40961164
"Que imitaciones más malas en el gran programa de la Matraca @USER de Paulina rubio parece una piedrera la voz nada que ver, y la “simpática” Chama parece el presidente de la universidad de Costa Rica igual de feo ,.. esperemos solo eso!! De mal en peor y perillazo",0,0,0.4674965
"A todos los Compañeres peruanos en Chile y el Mundo, que votaron por Castillo se les ruega retornar a su hermoso país y futuro paraíso comunista. 
Perú los espera, vayan a hacer patria y por favor no vuelvan a salir de su país.",0,0,0.390974
"No seamos intolerantes! El feminismo existe porque hay mujeres q han sufrido de verdad! Y ves comentarios que le dicen inculeables? Carajo no esta bien! Aparte que te pueden revirar y decir paloma muerta! Y ahí si que no solo perdiste la batalla amigo mío, perdiste la guerra! LINK",0,0,0.42368942
Vieron el nuevo tema Arabe? Temazo pal twerk,0,1,0.5076171
"@USER Creo que eres más
#ZORRA
#SentenciaERE
#PodemosCómplice",1,0,0.41693363
La Comunidad de Madrid fuerza a migrantes con VIH a buscar vías extraoficiales para obtener tratamiento LINK a través de @USER,0,0,0.44179374
"Iros al cáncer, hijos de puta, no merecéis otra cosa que morir así LINK",0,0,0.4376759
@USER @USER @USER Claro que es un problema. Se llama crisis humanitaria. Claro que España no puede organizarse sola en este problema. Claro que no es una solución matar a 30 jóvenes africanos. Claro que no todos son delincuentes. Claro que África es  víctima de la expoliación de otros países...,0,0,0.46413398
@USER Es verdad...yo siempre acoso a mujeres de faldas hasta la rodilla y botas baqueras!! y el peinado tambien influye muchisimo...,1,0,0.47747737
"Ah, bueno.... El super ministro. Callate hijo de mil puta. LINK",0,0,0.4083597
"@USER Pq los chilenos hablamos como el lolyflayerssss..... Incluidos periodistas, comentaristas y cuanto wn andw por ahí",0,0,0.47321773
"Que corage me da que me digan que soy borde, si te molesta, te ahogas en mierda pero cállate la puta boca.",0,0,0.469273
Las razones por las que Greta ha contaminado más a bordo del catamarán que si hubiera viajado en avión LINK,0,0,0.3871262
"Vas a nerfear la Psy Fly, maldito culiao @USER?",0,0,0.463281
"Tú y el feminismo sois la mejor historia de amor del mundo y encima la puta ama, de las mejores personas que he conocido este año",0,0,0.42523888
"Otra de Bolsonaro: Ahora calificó de mocosa a Greta Thunberg.
#LaVozdeRosario #Bolsonaro #GretaThunberg 

LINK",0,0,0.37912866
"""NINGÚN LIDER ÁRABE PUEDE CONCEDER JERUSALÉN.  Según los informes, el rey saudí, Salman bin Abdulaziz se hará cargo de la """"política palestina"""" de Arabia Saudita, lo que sugiere una diferencia entre el Rey y su hijo,... LINK",0,0,0.37200657
"expulsión permanente de europa, y ya, no hace falta rebajarse al escarnio, que los aguante su patria.",0,0,0.41493908
Así piensan todos los putos moros de mierda que vienen s este país. Asco LINK,1,0,0.446211
"Pobrecito Zozuila, que es Nazi, y pobrecitos violadores de menores, que se han dejado llevar.. Pero la Greta es una hija de puta activista!!

#sarcasmo #Nazi #CumbreDelClima",0,0,0.42840633
"@USER Que calentando motores.......soy hombre,muy tranquilo pero la ""Feminazis "", me revolveis el estómago....",1,0,0.47315207
"Copiando a todos los demás todo el tiempo, el mono un día se cortó su propia garganta. (Proverbio africano)\n\n\nBuenas, cómo mañana no estaré por estos lares. Os dejo con esto para dormir.\n\n\nEstá pasando...😮‍💨😤 precisamente en blancos.\n\n\nNo te digo nada y te digo todo. LINK",0,0,0.40836096
"Es lo que dejan tras de si, estas dos alcaldesas, paro, miseria, mentiras y manipulación en todo lo que tocan, pues nada habrá que volver a ""Botarlas"" de nuevo..",0,0,0.412432
@USER La concha de su madre wn.,0,0,0.36401865
"Presidente de Brasil llama ""mocosa"" a Greta Thunberg y ella le responde LINK #News Suite LINK",0,0,0.39766338
"@USER Que hay un video de Nelson Mauri con ""su talento"" de servirse un trago con el vaso entre los cachetes del poto jajajja",0,0,0.43143862
@USER claro que ha pasado subnormal.,1,0,0.43310797
@USER Maldito machismo,0,0,0.41840532
"Me vendaron la muñeca el otro día, me he quitado la venda porque soy un subnormal y no veas la hostia que me he dado.",0,0,0.40612143
#MiUltimoDeseo  que a los machistas homofobos se les caiga la sin hueso... y la lengua también  LINK   #BuenLunes,0,0,0.4135131
"@USER Verguenza me daria cobrar de un sistema y no tener ni puta idea de como funciona, @USER BORREGA IGNORANTE!!! seguro que no te quejas de que seais partidos ESTATALES, que no hay peor RUINA para un pais como eso, MISERABLE INUTIL #YoNoVoto",1,0,0.4122408
"Qué horrible esa forma de agarrar a las mujeres por la cabeza para darles el beso obligatorio, qué asco de tipo. 🤮 LINK",0,0,0.47183797
HumorMachistaLINK - #Humor,0,0,0.4219182
"#U20WWC bien hecho chicas, gracias por patearles el trasero a esas sudacas. 3-2 #Sub20Fem 🇲🇽",1,0,0.40338364
"@USER Seguro hay algún pana venezolano trabajando de teleoperador y es la que aplica, y lo copiaron...",0,0,0.44091722
No puedes llamar a nadie ridícula si utilizas el término feminazi. LINK,0,0,0.38614076
"@USER @USER Hay q ser muy mal nacido, mala gente  y muy HP, para justificar cualquier violencia y más aún si cabe cuando los violentos,además son inmigrantes, indocumentados, q vienen a apropiarse de nuestros logros. Ellos no tienen huevos de pelear por ello en su país.",1,0,0.44843116
"@USER @USER Claro ... el gobierno NO ha sabido contenerlos a uds., delincuentes enfermos mentales.

Pero son uds los q cometen los delitos ...",0,0,0.4833452
"Ayer en Metro Alto del arenal había un señor de raza negra tocándose la cara como si le hubieran golpeado, un montón de policía y unos chico",0,0,0.4490564
"Del «incidente» de Ceuta con Zapatero al «bien resuelto» de Melilla con Sánchez\n\n\n""Lo ocurrido no es una excepción: es la cara más visible de la guerra que España y la UE libran contra las personas migrantes y refugiadas usando a Marruecos como matón""\n\n\nLINK",0,0,0.40699497
"@USER @USER No es malo tratarlos bien y que nos traten bien. el punto es la equidad de género .
No confunda feministas con feminazis . 
Y si tampoco le gustan las feministas , entonces renuncie a los derechos de poder votar , planificar a sus hijos , estudiar una carrera y tantos mas logros.",0,0,0.46353838
"@USER Fuera care chimba, venezolano de mierda.",1,0,0.40618935
"Y como me dijo el turista paisa acá en Santander, la disidencia de las Farc son el grupo de ancianos refugiados en el congreso.El brazo armado sigue feliz con su mega negocio de Narcotrafico.",0,0,0.48923114
"@USER @USER tiene todo tipo de mensajes políticos, hacen gárgaras con el pueblo, y la lucha, y la igualdad y la cacha de la espada, pero lo cierto es que junto con ser un grupo musical mediocre, son además, unos hipócritas",0,0,0.45572737
"La legisladora @USER  da lectura del informe de la #Subcomisión de @USER  y expone los rubros que se destinan para la atención a los ciudadanos migrantes, señala como fuente @USER LINK",0,0,0.40787494
@USER La montapollos haciendo de payasa como siempre,1,0,0.43903762
"@USER No más odio, no sigan dividiendo al país en buenos y malos, tanto la derecha  como la izquierda y el centro han cometido graves errores, hay que cambiar esta actitud y decirle a los chilenos cuáles son sus propuestas, en blanco y negro.",0,0,0.4480723
@USER @USER @USER Jaque mate. Ni la ultraderecha Belga le va a librar en sus mañas trileras. LINK,0,0,0.4113021
"@USER Jajajaja dios, pillaron en la metira al viejo chico enojon... Payaso.",0,0,0.46354344
@USER Tenemos gustos similares en cuanto a mujeres xD,0,0,0.4283738
Los chilenos en este momento. LINK,0,0,0.42659527
"Con profundo pesar comunicamos el fallecimiento de la Subinspectora Valeria Vivanco Caru, de Brigada de Homicidios Metropolitana, tras ser emboscada por delincuentes, en Pobl. Santo Tomás, comuna La Pintana, mientras junto a sus compañeros realizaba diligencias investigativas.",0,0,0.4496073
"@USER Que te lo crees tú, loca de mierda izquierdista. La izquierda siempre genocida.",1,0,0.49875584
"Comienza ""#Iglesia viva"" Cáritas. Celebramos el 75 cumpleaños de #caritas ; El día del #refugiado ; la celebración del #CorpusChristi ; iremos a África donde muchos países sufren inseguridad alimentaria; y hablamos de la labor de Cáritas en #Ucrania LINK",0,0,0.4930851
@USER hace falta mas seguridad donde coloquen orden con comerciantes informales y indocumentados venezolanos que venden productos quitando las ventas a los comercios que pagan impuestos esto sucede en Cúcuta y el puente Simón Bolívar.,1,0,0.44585395
Que ningún hijo de puta os de menos de lo que os merecéis.',0,0,0.37549406
"El VOTO OBLIGATORIO nunca debió desaparecer. La educación CIVICA debe ser parte de la formación de todos los chilenos, para valorizar y dar la importancia que merece este tipo de elecciones. #VOTACIONES2021",0,0,0.42374453
"@USER Otra feminazi, cuando acabara esto?",1,0,0.42439047
"Barriobajeras,gentuza,chonis,gente bajuna tanto la Matamoros como la Alba. Q ascazo de pavas acosadoras y mal habladas #TierradeNadie10",1,0,0.38680434
@USER @USER Valiente subnormal estas echo cateto,1,0,0.3846983
"Conchetumadre. ¿A qué hora se va a acabar esto?

1. 55% informado en D10
2. 43% informado en D11 (ojo acá). LINK",0,0,0.45950156
"@USER @USER @USER @USER @USER @USER @USER Me he leído todo el hilo y todos tus argumentos. Quiero hacerte unas preguntas: ¿Debemos abrir las puertas de nuestras fronteras a todos los africanos que quieran pasar sin papeles? ¿Y qué hacemos con ellos? ¿Les damos de comer, vestir, dormir... sine die?",1,0,0.47786963
"Ahí ahí, protegiendo a tus niños. A los mejores. ¿A cuantos tienes metidos en casa?",0,0,0.44762337
"@USER También todos tenemos derechos iguales a tener un chalet como el suyo, y no como ahora, fijese en mi, trabajando como un negro para ustedes, si si, soy negro pero ya sabe a que me refiero marquesa. Por cierto tiene usted el postre de antes de acostarse preparado, golfa.",1,0,0.49425218
La CUP cabreada con Puigdemont por las hurnas..el día q le ladren fascista por la calle se le quitara la sonrisa cínica d supremacía racial,0,0,0.44977754
Lapadula se mandó dos piques de riesgo ante el arco ecuatoriano y quedó liquidado con la altura. Buen partido hasta ahora del italoperuano,0,0,0.4698989
"Que alguien se lo impida, que todavía les quedan pensiones por pagar.",0,0,0.43962023
"Llamadme raro, pero creo que lo grave del caso #Arandina es que muestra el resultado de hipersexualizar la sociedad.",0,1,0.51419175
Begoña Villacís fustiga a la indocumentada Lilith Verstrynge: 3 datos sobre Madrid y un golpe feroz LINK,0,0,0.4519322
@USER Buenos días José😘😘¿tus tripillas bien o te has acordado de las moras?😉,0,0,0.3876229
@USER Todos los flaites pueden quedarse en su casa sacandose los mocos..,0,0,0.47511557
2.392 temporeras marroquíes han retornado a su país y 905 han ampliado su visado LINK #Huelva #VivaHuelva,0,0,0.4101527
@USER ya empezamos con los primeros problemas por las compras del Cyber... ya no llegará HOY la compra que hice y que me aseguraron y se comprometieron a cumplir... NEFASTOS!!!!,0,0,0.42229283
Deja de fumar cosas raras @USER  Acabas alucinando y ves nazis buenos que no son de derechas ni de izquierdas.,0,0,0.47387856
"@USER Hay que decir las cosas claras, los venezolanos son malisimos, más si tienen 8 bajas",0,0,0.45144507
Es odioso ser perra con mi madre pero te juro esta mujer es insoportableeeee Ok,1,0,0.457386
"Andino Gastrobar, comida latinoamericana en Málaga #Malaga #malagacity #malagaciudadgenial #malagaturismo LINK",0,0,0.41990834
"""Pedro Sánchez cede y autoriza a Open Arms a desembarcar 87 inmigrantes ilegales - Rambla Libre.  """"Que importancia tienen estas admisiones cuando por las costas de Cádiz, en apoyo de las mafias, estamos admitiendo a miles cada semana"""" dice Pedro Sánchez.   LINK",0,0,0.41999874
@USER Pobres peruanos con este predidente estan jodidos,0,0,0.44175014
"Entonces esta noche en #Catalunya ha ganado el fascismo no?! XD anda a mamarla, que los fascistas sois ustedes!!!",1,0,0.45561385
@USER Que mujer para bella,0,0,0.38421762
@USER Callate picado!!! Todo porq estas enamorado de mi hermana,0,0,0.41176626
Pablo Casado insulta desde el patriotismo y el respeto institucional.,0,0,0.36397752
@USER @USER Y ahora la otra Cómele la polla otra vez y callate,0,0,0.4649667
"@USER Así son las feminazi;  pretenden imponer  la ""libertad"" del desenfreno, la ""libertad"" de la inmoralidad, la ""libertad"" de la sinrazón.",1,0,0.48143488
"@USER @USER Los halagos con piropos educados no deben molestar, hay muchísimas parejas q iniciaron su relación así, estamos en un tiempo en donde la #feminazis critican hasta al aire q las toca... Y eso está re mal.",1,0,0.48381788
"Ninguna mujer es tan santa como para no aprender a coger bien, ni tan puta como para no aprender a amar.",1,0,0.38063768
"@USER a ti no te mata ni la polla de un Turco, maricon con pelo",1,0,0.45573986
"( aparte..) Pues sí. Dejar que la bocaza les delate para así poder arreglársela. En Minecraft, claro está",1,0,0.46484208
"Dicen que pa cada hija eh puta nace un hijo eh puta,y yo creo que tú eres el mío🎤🤫",0,0,0.4584486
Socialdemocracia: Ni es socialista ni es democrática. Las mentiras de Francesc de Carreras LINK 120X,0,0,0.43922418
"Me acuerdo la primera vez que me pinté el cabello güero, dije “solo una vez para quitarme la espinita” LOOOOLLL.",0,0,0.4322624
"""Los detenidos tienen entre 22 y 28 años y son de origen marroquí y argelino""... ¿hasta cuándo vamos a permitir esto? LINK",1,0,0.46252444
To jest prawda,0,0,0.3821491
"Estamos claritos para quien van todas nuestras puteadas cierto ? 

Lo único que nos queda cabros es SALIR A ATACAR CON TODO CTM ¡ QUIEBREN PIERNAS, DEJEN FRACTURAS EXPUESTAS, SAQUEN LOS SABLES Y QUE CORRA SANGRE 😂

Maripan qlo inservible 🤦‍♀️

#ClasificatoriasXCHV",0,0,0.4140809
Pues resulta que muchos de esos que llamas asquerosos machistas..somos mujeres.,0,0,0.46082756
@USER Inés así me gusta. Cargándote lo poco que queda de tu partido. De verdad no se quien esta detrás de todo esto pero de política no tiene NI PUTA IDEA.,0,0,0.461596
@USER DAME MI PUTA CUENTAAAA!!!!!! TU ERES EL MENTIROSO TUS SORTEOS SON FAKE,0,0,0.47431993
Como son bien maricas y se duermen temprano. 😔,1,0,0.4481028
"joder qué buen comentario. Me lo guardo cambiando Rato por Anglés, o por la manada.",0,0,0.45365956
"@USER Para la siniestra  pueblo es:los nietes d la ajilada, los simios d plaza Italia , los borregos sin cerebro, los que no quieren trabajar y vivir de los bonos -estado. Pq los emprendedores, profesionales y trabajadores varios qu salen todos ls días a laborar son capitalistas fachos",0,0,0.43966213
"@USER @USER ""radical"" referido a aquellas que practican un ""feminismo"" de odio hacia el hombre y superioridad de la mujer",0,0,0.38164565
"Activista sí, pero tonta no: @USER registra tanto su nombre como el movimiento que fundó como marca  LINK LINK",0,0,0.39063892
Puigdemont está ultimando una reestructuración del Govern catalán. Estas son las claves de la crisis ➡️ LINK LINK,0,0,0.4352991
@USER @USER @USER @USER @USER @USER Jajajaja el Brionista se pico,0,0,0.37664735
"Voy a tuitear en modo Bullard. La mayora que inmigra de Venezuela son adultos. Ellos vienen con educacin. Vienen a trabajar, algunos generan trabajo. Eso ayuda a la economa xq la dinamizan. El Estado no gast en su educacin y en salud y obtiene gente que aporta al PBI",0,0,0.4966263
Estoy hace 1 hora viendo videos de bailarines árabes y que cosa tan hermosa 💘💘,0,0,0.43734986
Hay que eliminar a todos los árbitros #Venezolanos wn!!  @USER dejen de cagar los partidos con esos wns,0,0,0.4309417
@USER @USER pos por marica,1,0,0.36624852
"Hay sitio para todos en todas partes. Taxistas, ingenieros, periodistas... y refugiados. Pero cumpliendo la Ley, que de momento no se cumple. Y lo que es peor, se inventaran delitos a medida para hacer de una capa un sayo. #Otodosoninguno! LINK",0,0,0.4233048
"Pero si no he dicho nada . Joder, estáis a la que saltáis.",0,1,0.50056374
"Es lo que trae tener a esta peña sin dar palo al agua y viviendo del cuento, si estuvieran reventados de currar, no andarían haciendo el subnormal machete en mano, que vengan más que son los que nos van a salvar de la crisis demográfica..",1,0,0.4388624
"Es que algunos solo saben ver el racismo, pero no la ""gerontofobia"".",0,1,0.523011
@USER @USER A los fachas que insultan : BLOQUEAR!,0,0,0.44278717
"SÓLO 
@USER .
       LA PETISA VULGAR SÓLO TRAE DELINCUENTES CRIMINALES CON ELLA.⚠️⚠️⚠️⚠️⚠️⚠️⚠️⚠️⚠️⚠️⚠️⚠️ LINK",0,0,0.4540838
"@USER Resumen, los mapuches son momios!",0,0,0.43654138
"Precisamente se dedican a discutir constantemente. Lo que quería Lutero, que cada uno conociera la Bíblia para argumentar, lo tienen desde siempre. Y para cada tema se puede argumentar una cosa o su contrario, todo basado en el Corán y la Sunna. Los terroristas no suelen haber estudiado mucho la religión, y en el caso de Barcelona, segurísimo. Quienes les convencen juegan con sus debilidades, siempre enontrarán algo.",0,1,0.5051487
#OTGala7 Noemí JAJAJAJAJAJA ESTA MUJER ES LA PUTA AMA,1,0,0.392076
¿No pudiste buscar una mujer exitosa para tu ejemplo? ¿Por qué ese ninguneo de género? Siempre validando al patriarcado 🙄 LINK,0,0,0.47346756
Acaba de pasar un facha por mi tl y la alarma funciona,0,0,0.45117813
Mujeres cuidadoras de personas con demencia: cuando el olvido también las toca a ellas LINK,0,0,0.4278306
"Tú crees que ilusiona a alguien el programa político de Santiago : despido barato , privatización pensiones o venta armas",0,0,0.48255628
"Desde esta cuenta os informaremos de toda la actualidad de VOX (Libertad, identidad, soberanía, familia, valores, justicia y democracia) URL",0,0,0.48111242
@USER @USER Los tonto útiles q siguen a brutos ignorantes obsoletos,0,0,0.38483712
"Me genera bastante impotencia que siempre nos pongan a las mujeres como marionetas sin capacidad volitiva. Parece que nunca tomamos ningún tipo de decision y que son siempre circunstancias externas las que realmente explican nuestra conducta y decisiones. Es un parternalismo que ya me está hartando. Aquí entre otras muchas cosas, dan a entender que las mujeres no nos enteramos de nada y sibilinamente sugiere que además TODOS (es muy fuerte..) los hombres son potenciales maltratadores.",0,1,0.5154716
"@USER @USER Racista. Hueles a la legua. Nadie quiere inmigración ilegal, pero si están en el mar con una patera que? Los dejamos morir? Menudo ser, porque de humano tienes muy poco. Y si, pagarán tu pensión, la inmigración supone beneficio económico, lee un poco más 🤣🤣",0,0,0.463078
Carlos Palacios se quedó sin técnico en el Inter de Porto Alegre LINK,0,0,0.4272458
Rubiales de segundo. ¿Será progre y socialista de cuna? Una joyita !!!... De tal palo....   LINK,0,0,0.4239521
"USTED HABLA DESDE EL BUENISMO DEMAGOGO D LOS DELINCUENTES Q AGREDIERON A LOS GUARDIAS CIVILES AL SALTAR LA VALLA DE CEUTA ILEGALMENTE, NO SE OLVIDE, ILEGALMENTE Y AGRESIONES PREMEDITACIÓN.  LS G.CIVILES SON LS Q MERECEN MUCHÍSIMO MAS,Y LA HUMANIDAD CN ELLOS Y FAMILIAS q@USER LINK",1,0,0.44491473
"@USER La embarró ese tipo XD!!! 😱😱😱. Brasil vienen de la Selva, México son indios ¿en q planeta lo parieron a este tipo? Ups perdón, verdad q ellos venían en Barco desde Europa a Argentina🤣🤣🤣🤣",1,0,0.4564312
@USER @USER @USER A los comunistas sólo les interesa el botín de las AFP.,1,0,0.46779564
"@USER diciendo las mismas mentiras en las peñas y a la afición, con esta dirección estamos peor que nunca. Desastre. /2",0,0,0.4386721
Cada vez que veo la muerte de hodor lloro como una loca de verdad que pena me da,0,0,0.39355582
"Gilipollas nivel:estar media hora esperando a que se haga la pizza,ir a la cocina y ver que no las has metido en el horno",0,0,0.4702286
Puigdemont pone al frente de los #Mossos para el referéndum a un independentista que boicoteó al rey en Barcelona’92 LINK LINK,0,0,0.41719106
@USER Que una trabajadora sexual le chupo el poto a lucho jara,0,0,0.40741792
Migración dominicana cobra 5mil pesos a indocumentados para no deportarlos #Latinoamérica #RepúblicaDominicana #Deportación #Indocumentados LINK LINK,0,0,0.4471629
"Yoles iba a dar lo que piden, pero en plomo, y con ellos, a los asesinos yanquis, que perderían el culo por ir a defender al sátrapa y sus moromierdas y musulmonos. LINK",1,0,0.40919682
@USER A claro pero la misma gente que votó por el candidato alcalde de peñalolen Miguel Concha FA es la misma que votó por Karina Oliva.,0,0,0.41321546
Marlaska la caga...#Dimisionya Cn el asalto valla d Ceuta se abre una crisis Cn el show dl Aquarius s activo efecto llamada y las mafias hacen su agosto. Trato favor acercar políticos presos catalanes Indignación de Policía y G.Civil Dejar sin fondos a la UCO Cesa al Crnel  UCO LINK,0,0,0.4489915
porfa alguien me puede enseñar la polla en directo y que le de igual que le baneen el canal se abre otro y 2millones...,0,0,0.49334455
@USER @USER La peña que he visto con eso puesto ha resultado invariablemente ser facha.,0,0,0.46985036
Que ganas de que metan al peluo en la carcel por subnormal😆😆😆,1,0,0.4641741
@USER Ya no sabéis ni sumar? Mayoría absoluta independentista y más votos que nunca a favor de la independencia.,0,0,0.4372175
@USER @USER Callate sirvienta,1,0,0.3974563
Idea mía o se picó Sulantay????,0,0,0.3880363
la relación entre las dos chicas se lleva bien. Sin excesivos sobresaltos. Son más que /la pareja lesbiana/ i mean,0,0,0.45642716
"La ""reparticion"" de la riqueza.",0,0,0.4626046
🧐 #ConoceTuProvincia | ¿Sabías que en #AlcoleaDelRío se conserva un molino árabe ubicado en el cauce del Guadalquivir?\n\n\n#SevillaEsProvincia LINK,0,0,0.46106437
"Una historia que tiene nombre de mujer: NUESTRA VICTORIA. 60 años de historia y lucha en los relatos del dirigente de la población La Victoria, Juan Lemuñir. Colección®️Resistencia, necesaria cuando acecha el negacionismo. 94 pags., $6.000. Pídelo por DM o a contacto@USER.cl LINK",0,0,0.4517617
"""Muchos de nosotros veíamos a la religión como una tontería inofensiva. Puede que las creencias carezcan de toda evidencia pero, pensábamos, si la gente necesitaba un consuelo en el que apoyarse, ¿dónde está el daño? El 11 de septiembre lo cambió todo. La fe revelada no es una tontería inofensiva, puede ser una tontería letalmente peligrosa. Peligrosa porque le da a la gente una confianza firme en su propia rectitud. Peligrosa porque les da el falso coraje de matarse a sí mismos, lo que automáticamente elimina las barreras normales para matar a otros. Peligrosa porque les inculca enemistad a otras personas etiquetadas únicamente por una diferencia en tradiciones heredadas. Y peligrosa porque todos hemos adquirido un extra?o respeto que protege con exclusividad a la religión de la crítica normal. ¡Dejemos ya de ser tan condenadamente respetuosos!"" Richard Dawkins",0,0,0.4964691
"-Soy... ¿cómo se llama, joder? lo tengo en la punta de la lengua... como vegano pero de mujeres. -¿Maricón? -Eso.",0,0,0.49752057
"@USER Y tanto! por citar a un embaucador... otra de las apuestas de @USER junto a Riqui Puig. De cárcel que luego vayan dando lecciones de todo tipo. Al carrer, indocumentado!\n\n\nLINK",0,0,0.45100772
Ciertamente mi decepción con Letizia es absoluta.\nVelo musulmán pero nada de santiguarse.\n#DecepciónLetizia LINK,0,0,0.43563256
Espero que tengan un buen año y reciban lo que merezcan menos yo porque yo me jodería por puta JAJAJAJAJJAJAAJAJAJAJJAJAJAJA,0,0,0.41863242
"@USER @USER Que loca , etiquetando gente que ni conoces , eres una kamikaze, eh?",0,0,0.4611627
"@USER Oyee! Sii que desagradable mujer, y la mala onda la tira sin asco.",0,0,0.4564912
"@USER @USER @USER @USER @USER @USER @USER MARCO @USER 
NO FUNCIONA LA TABLA.
MI VOTO ES PARA
@USER. 
""NO MÁS COMUNISTAS ANALFABETAS !!!!",0,0,0.41192114
"🔴Argelia moviliza sus tropas en un macroejercicio en plena crisis con España\n\n\n""Tener fe en la patria requiere acciones sobre el terreno, no sólo palabras"", incide el máximo representante de las Fuerzas Armadas argelinas\n\n\nLo contamos en @USER LINK",0,0,0.41083983
"Tampoco se cierra al puerta del Estado donde no dejan de ingresar politicos ANTIESPAÑOLES, pagados por paises extranjeros y miles de asesores y enchufados a los que parece que tenemos que mantener hasta que doblen, que con tan buena vida seguro que sera tarde.",0,0,0.423575
@USER Maravillosa mujer 😍😍😍😍❤️👍😁💋🇨🇱😍🔥🔥🔥🔥🔥🔥,0,0,0.3793659
- Eres comunista? Es como ser nazi pq los extremos se tocan. - ... LINK,0,0,0.48701754
Eso. No han visto el ataque de los moros a ellos. Manda cojones. Yo si y tengo el video LINK,0,0,0.49141708
@USER Venecos y petroñeros de mierda,1,0,0.41470587
"@USER @USER @USER @USER No seas weon. Expropiar las platas de las AFP, es robar o crees que te las darán con interés, saco de weas!",0,0,0.46444318
"Si Espaa sigue as, y Catalunya algn da consigue la independencia, Espaa y Catalunya en pocos meses tendrn el mismo nmero de habitantes. Porque no veo yo a los catalanes poniendo vallas con concertinas.",0,0,0.48066282
"Uno de los juguetes, no EL juguete :-)",0,0,0.3852096
"Yo también usé en algún momento el término ""feminazi"". Qué vergüenza.

Ojalá ustedes también puedan evolucionar ?",0,0,0.47003296
"Cualquier comentario será usado para strike por incitación al odio. Es una noticia de crímenes, se supone que solo debes guardar silencio, indignarse, criticar y recriminar actitudes es racista por defecto, si son Españoles no es racista por eso, porque son Españoles ahí sí, podeís rajar lo que querais.",0,0,0.4974599
"la explicacion es muy sencilla ningun partido hace nada porque la mayoria de sus votantes no lo pide y ellos no se mojan, eso es lo mas benevolo que puedo decir otra razon mas politica es que algunos partidos necesitaran de sus votos.",0,0,0.45790586
"@USER @USER @USER @USER Jóvenes como parias vendiendo frunas  y diciendo  las mismas sandeces que se escuchan  de los jóvenes venezolanos  en los buses,  lastimosamente  será así, es tiempo y cuando uno ya pasa de cierta  edad tiene una cualidad se llama paciencia...pareciera q uds no supiesen que clase",1,0,0.4412069
"@USER Només em falten els nazis dient allò de ""sois racistas antiblancos porque atacáis a los turistas europeos y protegeis manteros"".",1,0,0.4198864
@USER Desilusionada del periodismo chileno q distorsiona hechos d violencia q afectan a Chile desde oct. 2019. A terroristas q queman estaciones de metro iglesias y negocios los llaman “manifestantes” y al narcoterrorismo en la Araucanía “conflicto indígena”. Ningún canal va a la zona.,0,0,0.4084075
-Un corte en la garganta y se dejaba de dramas. Pero como es una zorra dramática... 🙄🙄🙄🙄- LINK,1,0,0.45407152
"@USER Hugo Chávez, el mejor\nVenezolano de los últimos tiempos.",0,0,0.36783355
@USER Y quien putas es esta pende... ya aburren con eso del aborto legal mire que galan lo mas practico asesinemos niños inocentes de plano que a esta gente esa puta ideologia de las feminazis ya les estropeo la mente,1,0,0.48110908
Bolivianos ratones están todos en su área wn,0,0,0.39060315
Puta que me buena callada de hocico LINK,1,0,0.43515244
@USER @USER @USER @USER @USER @USER Jajajaja par de anormales!! Se la creen solo ustedes.. boluditos los argentinitos!! Y pensar q llevo sangre argentina! Menos mal no soy pelotuda como varios de ustedes. Pobres weones. Uuuuffff 🤦🏻‍♀️,0,0,0.45075503
"Dios los cría y ellos se juntan,los sin papeles con los sin papeles LINK",1,0,0.40103713
@USER @USER Les molestó lo relacionado con las feminazis,0,0,0.43394366
nunca entenderé el humor de payaso.,0,0,0.42154592
"TODOS LOS INMIGRANTES  Y GITANOS FUERA!!!     Menos: el colombiano que me vende coca, el negro que me consigue putas, el moro que me pasa costo y el gitano que me vende maría.",0,0,0.45011196
@USER yo estoy sorprendido de cómo los fachos están salvando a la DC. Una vez más.,0,0,0.416948
"Si Jadue es electo, doy firmado que entregará el cargo 30 años después a Jadue II, quien a su vez 50 años después hará lo mismo a Jadue III-quien replicando la historia familiar otros 45 años después nombrará como su sucesor a Jadue IV, etc y así hasta que los chilenos despierten",0,0,0.40809992
¿Y nos van a hacer creer que nadie sabía que este imán daba un discurso de odio?,0,1,0.50222415
"@USER Esperemos que sea negativo por no estar incubado aún el virus.... Que no se muera sin duda, pero que le dé miedo al menos, para que sienta lo que millones de chilenos han sentido por el pésimo manejo de la pandemia.",0,0,0.49865213
@USER Buenos días! No sé si conoces #CristalesEnElCieloDeManhattan No te pierdas el Book trailer… LINK,0,0,0.44694838
Las mujeres nunca mienten segun la ley feminazi. LINK,1,0,0.39492768
"PA Q TU ME RECLAMAS, HAY MILES DE MUJERES Q DICEN Q ME AMAN PERO TU ERES LA PUTA Q SIEMPRE YO MONTO EN EN LA CAMA",1,0,0.4547205
Lo mismo que sintió Miare y muchas chicas más que sufrieron tu acoso y tus mentiras. Imbécil. Puto asco LINK,0,0,0.4474048
"Para ponerlos en contexto: mujer de 66 años, con comorbilidades + neumonia por covid, pronada con CNAF y mala mecánica ventilatoria.

Al preguntarle si se había vacunado me dijo: NO PORQUE NO QUISE!!!!

Así vamos!!!",0,0,0.43986702
"""Marico soy tan celoso que entro en el Facebook para felicitar a mi bae y hay un maldito cabrón que le puso """"Feliz aniversario amor"""" y le puso un gif de un corazón diciendo """"te quiero mi amor"""", y luego entro a su perfil y es un maldito arabe que había traducido todo en español.""",1,0,0.4010743
Pero cuidado que viene la ultraderecha..,0,0,0.47656497
"Recién casi tiro a un culiao a la línea del metro por estarme acosando wn. Y sin duda, el mundo estaría mejor sin esa manga de culiaos, pero yo estaría en cana 🤷🏻‍♀️",0,0,0.4306465
Tormenta de facha jaja!!! LINK,0,0,0.42859298
Detenidos por organizacin criminal 10 inmigrantes que saltaron la valla de Ceuta en julio - Y ahora @USER dar su apoyo a estos criminales que han asaltado nuestra frontera y han herido a nuestros Guardias Civiles!!!!!!,0,0,0.40802243
"@USER nanana a mi de feminazi nada, yo soy normal, solo que lo que dice la foto es verda 😂",0,0,0.38784286
"En Iran matan a las mujeres que se quitan el trapo de la cabeza.

 Los comunistas envenenan a las mujeres para q se hagan feminazis. 

Los comunistas apoyan a los iranies. 

Las feminazis no hacen nada x las mujeres de Iran

Alguien entiende como pueden haber tantos idiotas?",1,1,0.533142
"La gente que mainea sol en strive y llegan de una a VIP y piensan

""Puta que soy bueno en strive""

Cuando alfin nerfeen esa cagada de f.s vira malo qliao pq es el inicio y fin de tu carrera en este juego. LINK",0,0,0.4561917
"El helicóptero italiano ‘Volpe 406’, inmerso en la operación ‘Indalo’, como medio aéreo de la Agencia Europea FRONTEX, ha detectado una embarcación con 47 inmigrantes de origen subsahariano, de los cuales 14 son mujeres y 5 menores de edad  LINK LINK",0,0,0.4152127
"O Real Madrid, dende o seu presidente,pasando polos seus xogadores, o seu entorno mediático, e a súa afición dan NOXO.SOn uns impresentables",0,0,0.41270775
@USER Jajajajajaja..  Estan pal Pico..Se termino la Constitucion del Asesino csm .jajajajsjaa,0,0,0.38684776
@USER Déjate de hablar weas viejo culiao,0,0,0.42356405
@USER Que voy yo y te pego con un pene en la cara cabrona,1,0,0.4391361
@USER #SiguemeYTeSigo 🇨🇱🇨🇱🇨🇱🇨🇱 triste porque ahora tendremos una oleada de peruanos,1,0,0.4228919
Se habla mucho del debate de anoche. ¿Podría SEMEN algún día participar en la política? LINK,0,0,0.42959845
"Las ong estarán preocupadas. Perdieron la paguita europea de 57 cabezas, que no pudieron ""rescatar"" .. Seguramente, ahora verán si pueden hacer los entierros y sacar algún dinerillo con ello.",1,0,0.49108738
para quien no lo sepa es el mismo notas de la cancion de feminazi,0,0,0.40660048
@USER Cerdo culiao enfermo @USER,0,0,0.35285285
"El verano salesiano en #Europa tiene este año una connotación especial: la #guerra en #Ucrania, que ha hecho que muchos menores #refugiados vivan con sus madres en obras salesianas de otros países. Allí, están organizando programas específicos para ellos. LINK",0,0,0.45868713
"@USER @USER Menudo barullo de discurso. 7 likes y ni se entiende lo que dices. Nadie dice que explotar otros países esté bien. Pero nada tiene que ver con el control migratorio. Por indocumentados como tú, el pobre de España vota a Vox.",0,1,0.54470164
"""Hoy, mi plática con 2 mexas:  —¿Las migas """"La güera"""" de dónde son? —De Tepito —¿Y de dónde son los """"Tacos Ramiro"""" y """"Los de la suerte""""?  —También de Tepito —¿Y Sonido Pancho? — Made in Tepito — ¿Entonces qué hace el resto del país? —Buena pregunta... sinceramente, no sé""",0,0,0.4740424
@USER Es curioso que no sepas que estaba refugiado en casa de unos fascistas que lo protegían con la aprobación de un fascista que está en el mismo mausoleo que el general. Para que la próxima no parezcas tan indocumentado.,0,0,0.4484302
"Cada vez más niñas, niños y adolescentes de Latinoamérica y el Caribe dejan sus países de origen por encontrarse en situaciones de violencia o amenazas hacia ellos y sus familias, convirtiéndose en refugiadas o refugiados en países vecinos. ¡Garaticemos sus derechos! LINK",0,0,0.4804714
"no callé, si querés te otorgó lo que gustes. Mi objetivo en la vida no es tener razón. Otra noticia, de hoy.. fíjate cuál es la nacionalidad que ponen. URL",0,0,0.4871947
El asesinato de una joven en Iowa por un hombre indocumentado está siendo utilizado a debate sobre la inmigración  LINK vía @USER,0,0,0.4611707
Monos con navaja!! Afírmense LINK,0,0,0.4881001
"Un bioestimulante de quitosano 100% natural se obtiene con el exoesqueleto de crustáceos Chilenos
#quitosano #fertilizante #grow #cultivo LINK",0,0,0.40561393
"Como si no hubieran suficientes medios digitales para lavar el cerebro y solamente una mezquita es la única causa posible ""En unos meses"". Esos chicos ya lo tenían claro de antes",0,0,0.44902503
"@USER @USER @USER Lo que no puedes hacer es dejar a alguien indocumentado.\nEl intervenido conserva su legítimo DNI en el bolsillo. Ni siquiera está detenido.\nTu te quedas con el ""falso"" para entregarlo como prueba del delito y que vuelva a su dueño. Claro que puedes.",0,1,0.5063177
"La afición del Lega no sé, pero el club entre que son madrileños y unos cracks, me molan.",0,0,0.44449964
@USER Callate negra puta! ya te va a llegar el día que pagues por todo esto.,1,0,0.42904067
"Yo opino que habría que mandar a las feminazis a luchar contra el régimen iraní, ya que ahí si que se ejerce un auténtico patriarcado.",1,0,0.45999527
"""He aquí la novela negra española del año"" dice @USER sobre ""Lo que nos queda de la muerte"" de @USER  LINK LINK",0,0,0.36954698
La cuestión de si funciona o no la justicia ya es otra cuestión. Lo que no puede hacer el ciudadano es tomarse la justicia por su mano ni convertirse en jauría.,0,0,0.45657647
Pues parece ser que si. Seré un facha y sin saberlo🙌 LINK,0,0,0.42280874
"Si no consideráis el feminismo como pieza clave para que la sociedad evolucione a algo mejor, o no lo entendéis o sois mierda machista.",1,0,0.4573691
"@USER Puta Greta, chicos fumen porros y tirad la colilla al bosque para que prenda fuego hectáreas.",1,0,0.4762646
"@USER @USER @USER @USER @USER @USER @USER @USER @USER En Chile 🇨🇱 se dice weón, culiao, perro, hermano, brother, compadre y un largo etcétera.

Les dieron mal el dato.",0,0,0.424267
Vamos por un distrito qe representé a lxs chilenos en el extranjero LINK,0,0,0.47430098
"@USER Pinochet era un huaso resentido e ignorante que odiaba a Prats y Allende por la estatura moral e intelectual de éstos.  Cobarde, en el Cajón del Maipo dejo botado a sus hombres y huyó. El trabajo sucio lo hacían basuras cono Álvaro Corvalán, conocido como el rey de las putas.",0,0,0.45405644
"Tuit en contra de Trump y el nazi ese del Betis, actualizas tu blog, subes la foto poniendo morritos a IG, y quedas con el Isra en Badoo. 👍",0,0,0.4595391
"Ya me traje al taller mi chaleco chilote, pero con este clima me voy a tener que traer tb una polera y unas chalas",0,0,0.46036002
"es un género que se ha inventado spotify para llamar así a la ""música otaku"" qué cojones les pasa",0,0,0.44385642
@USER @USER @USER Los culiaos todo el rato diciendo que es youtuber y tirándole mierda skfhskdjskfjskj iwal tabn x el haba el logan paul pero le tiraban mrda x ser youtuber y pta la wea como el pico realmente,0,0,0.49632886
Weyy callate luego lloras porque te jalan el pelo psh puta,1,0,0.43597347
"Cállate, maldita perra. Nadie cree en ti ni en el cabrón de tu marido. Fuera de aquí LINK",1,0,0.39939547
"@USER @USER Para lo retrasado que eres, que razón tienes",0,0,0.46386772
"Dormí como el orto, no quiero hacer nada PERO debo terminar la última entrega del proyecto maldito 😭",0,0,0.41127494
@USER PUTA INJUSTICIA DE MIERDA MIREYA SE MERECÍA QUEDARSE,0,0,0.4258008
@USER @USER Al interés general fascista⁉️⁉️,0,0,0.38163134
@USER Callate ya puta feminazi que tienes en envidia porque el es guapo y tiene pambisitas y tu no,1,0,0.45516565
@USER @USER @USER Uii me encantaría una de la Gladys 😍 las vendes ?.,0,0,0.46140286
QUE BUEN REMIX DE NO ME CONOCEN LA CONCHA DE TODOOOOOOO,0,0,0.44712648
"No te olvides del Juzgado del español, donde sólo se juzgarían inmigrantes, a los que se les aplicarían unas leyes especiales y más duras que sólo se aplican a casos en los que un malvado inmigrante agreda a un español.",0,1,0.5107003
"@USER Tere, ese simio debe ser un cobarde que agrede e insulta a mujeres .... es mejor no caer en ese juego.",0,0,0.45073518
"@USER @USER @USER @USER Sentencia no firme es sentencia -por poner un ejemplo de actualidad, lo del caso Arandina: hay sentencia pero no es firme porque cabe recurso-. No sentencia es no sentencia.",0,0,0.4177697
@USER @USER Amigo vote nomas es su obligación si quiere parar a los comunistas,0,0,0.4539344
"He estado callada desde ayer porque no me apetecía ni tener que enfadarme. Pero me parece una puta vergüenza que se grabe a los idols llegar a un funeral para poder discutir luego quién ha ido, quién no, qué cara traían o quién ha sido el primero.",0,0,0.44183156
"C 4 nuestro voraz gobierno acuerda traer a España todos los inmigrantes q sobran en Alemania y Francia a cambio d unas monedas d oro para entregárselas al moro y así ""hacer"" más segura la verja de Ceuta.Cuando todos sabemos q no lo hará px q no los quiere en su territorio.",1,0,0.44385147
Y se pone a llorar el weón. Que rabia ctm.,0,0,0.47525287
"Y ahora es cuando me llueven los: machista, homofobo, facha etc.. solo por ser coherente y logico. LINK",0,0,0.4375636
@USER @USER me hacen gracia los fachas cuando se pican y llaman a sus coleguitas a ver quien dice la paletada más grande,1,0,0.4559737
"@USER Que bueno, que sigues siendo escoria y no mereces más mi tiempo",0,0,0.42817917
"@USER @USER Pero sabemos que las denuncias no sirven de nada! Actuar con su hija! O sea acaban de decir que ella daba pastillas a la familia,a los perros y ella no sabe lo que hace?? El cizarro cuando es delincuente desde niño si sabe lo que hace  según todos y esta niña a los 13 no?",0,0,0.44476056
"""11% d cesantía es consecuencias d importar 1 millon d inmigrantes cesants a competir con los 600.000 chilenos cesants  """"el desempleo se explica principalmente por el aumento de la fuerza laboral""""  aumento fuerza laboral o aumento de inmigrantes cesants?   LINK",1,0,0.4274416
La Guardia Civil intercepta una embarcación con 5 marroquíes y detiene al patrón LINK,0,0,0.34907255
"Histérica, marioneta y niñata: los insultos que los hombres españoles dedican a Greta Thunberg en Twitter LINK",0,0,0.41286558
"En @USER: España sigue en la diana del yihadismo en el primer aniversario del 17-A LINK Pero mientras el Ministro del Interior, quiere quitar concertinas y defiende la llegada de sin papeles, sin poder controlar quienes son y que objetivos tienen.",1,0,0.44536936
"Hay que dejarles hacer y deshacer a su antojo. Otra cosa sería racismo y xenofobia. Menos mal que aún quedamos personas no racistas que lo primero que hacemos es mirar si son ""racializados"" para exculpar sus actos.",0,1,0.53236043
"Recojemos este tweet de  @USER, de profundo calado político.  ""A mi me gustan los corridos porque son los hec… LINK",0,0,0.45540854
"Internacionales
""El nuevo gobierno de #Argentina pone en vigor este viernes un protocolo para garantizar la  interrupción legal del embarazo en casos de violación o que la vida de la mujer esté en peligro "" 

Vía : @USER 

#tvdosv LINK",0,0,0.42826107
Seguid tragando monguers @USER sigamos permitiéndolo todo,1,0,0.48987347
"eres un asco señor abad, un asco, tu y la puta loca de la pradera #vipdirecto",1,0,0.45041436
O pagamos impuestos todos o nadie.,0,0,0.47831306
Putos racistas. Que porque es una criatura infernal no me dejan registrar mi caballo nuevo #BreathoftheWild #NintendoSwitch LINK,0,0,0.48331755
"Reyes maricón, Reyes maricón, Reyees Mariiicoooooón. Que bajitos son los boquerones 😂😂😂😂😂😂😂😂😂",1,0,0.47551882
"@USER criterio no sé... a mí si me llaman nazi, machista y gilipollas... Por mi parte block al tercero en discordia. Paso.",0,0,0.48312506
"Según la @USER un refugiado  es una persona que, a consecuencia de guerras, revoluciones o persecuciones políticas, se ve obligada a buscar refugio fuera de su país ✍🏾.",0,0,0.42183927
"XIX Festival de Flamenco Niño de las Moras 9 de julio a las 22 horas en el auditorio Curro Román en Playa Virginia parque Alberto Suárez ""Pipi"" @USER @USER LINK",0,0,0.4428703
"Si eres muy facha español proTrump, pero muy cristiano, ¿qué te tiene que parecer el reconocimiento de Jerusalén como capital de Israel por parte de Trump? ¿Bien o mal?  Vaya lío, ¿no?",0,0,0.48229966
"Jair Bolsonaro se enojó con Greta Thunberg y la llamó ""mocosa""
LINK LINK",0,0,0.3545726
@USER @USER @USER Claro que lo sé. Tú eres el que has firmado tu sentencia hijo de perra. La IP… LINK,0,0,0.43112767
Punto de prensa en tribunales de justicia. Recurso de protección a la vida de las mujeres y a su integridad física luego de los nefastos dichos del concejal de til til #vivasnosqueremos #coordinadorafeminista8m LINK,0,0,0.4111561
"@USER cállate, puta herniosa que estás chocheando ya con la ciática jajjaa te jode? ME ALEGRO jajaj jódete jajajajaja JÓDETE me oyes? JÓDETE JAJAJAJAJAJAJAJA este es mi regalo de Santa jajajajaj jódete jajajajaj te duele? malegro, debería dolerte m",1,0,0.44524485
@USER señor presidente me robaron los tapones de mi auto. A las afueras de suburbano de lechería.  Llegué entre 9:30 pm y había combis y el indocumentado de labios prominentes. El cual ya he visto como roba autopartes y las patrullas no hacen nada. Hoy me tocó a mí,1,0,0.37867254
@USER Iban a dejar callado al culiao del abogado.,0,0,0.47863993
Igual tú para follarte a alguien te fijas en su personalidad pero en una APP que es para FOLLAR no todos tienen que tener el mismo criterio.,0,0,0.4709488
Coquimbo: dos mujeres mueren tras el volcamiento del vehículo en el que viajaban - LINK,0,0,0.42519477
"Ya venís en manada a quejaros, anda a tomarte una mArandina.",1,0,0.4426949
"@USER Hostia no lo había pillado hasta que lo he leído aisladamente, mamón @USER",0,0,0.44236252
"Lamentables provocaciones' és la concha de tu madre, hijo de puta LINK",0,0,0.42003214
"Rollo: ""El Oscar al mejor sonido es para... el ruido del helicóptero que hacía con la boca el pavo este de Loca Academia de Policía"".",0,1,0.5199107
"Ok, puedo estar de acuerdo contigo. Yo como liberal soy más de hacer negocios con ellos. Seguro que hay algo que puedan hacer en su país que nos beneficie a ambos. O sector primario o manufacturas. Lógicamente necesitan una inversión inicial que me devolverán en cómodos plazos. De esto, a que entren todos con paguitas, hay un universo que no hay progre que se lo crea.",1,1,0.5161801
"@USER @USER Indigente mental me parece generoso.
El machismo no mata, matan las personas, generalmente seres despreciables.",0,0,0.49081442
"🔴⚪️FICHAJE OFICIAL 22/23🔴⚪️\n\n\nDieng PAPA MALICK\n#PapaMalick\n\n\nMEDIOCENTRO\nUna fortaleza física descomunal que dotará de mayor músculo a nuestro centro del campo, sin estar exento de calidad.\n\n\n🔶Senegal 3/11/01 - 20 Años\n🔶Mediocentro Defensivo\n🔶1'92 - 70Kg\n🔶Ex @USER LINK",0,0,0.3887461
@USER Callate puta loca si sos un quebrado,1,0,0.44004864
"y bueno, ni si quiera hablan de 2Pac y Biggie que son los mayores referentes del género. Muy interesantes los primeros dos episodios",0,0,0.45535627
@USER Me parece que sería bueno hacerte eso y más. Tu eres más caliente que esa puta.,0,0,0.49696174
"Ese hombre que tu ves ahi­
que aparenta ser divino
tan afable y efusivo
solo sabe hacer sufrir 🎶

Es un gran necio,
un estupido engrea­do,
egoi­sta y caprichoso,
un payaso vanidoso,
inconsciente y presumido,
falso, enano, rencoroso,
que no tiene corazon 🎶

Temazo !!!",0,0,0.40458527
"@USER @USER Sois como los del chiste del que va circulando contradirección, pero sin puta gracia.",0,1,0.51688814
@USER si Inés es una mala puta lo que tú eres no tiene ni nombre en castellano,1,0,0.37960503
"@USER @USER @USER @USER @USER 
El partido octubrista (orden) nos recordó que es aquella prosa maldita del binominalismo, y aunque derrotado aun posse malditas logicas de realismo, peligrosas rutinas circuntancias que harán de Orrego un borrego",0,0,0.4315139
"@USER Y pensar que 1.900 personas le han lavado el cerebro a ese 20% que protegen con dientes y uñas, no su Bienestar, sino, la de esos 1.900 Burgueses. Que hipócresía, que existan yanakonas entre los Propios Chilenos, No hemos aprendido nada desde la CONQUISTA ESPAÑOLA.",0,0,0.4627098
"Si la sexualidad fuera una opción, con lo penca que somos los hombres colectivamente -hecho pública y nutridamente documentado, habría como... 3 mujeres heterosexuales en el planeta.

Y por cierto: Nadie ""deja de ser homosexual"". Simplemente descubren la bisexualidad ¯\_(ツ)_/¯ LINK",0,0,0.45400605
"A mí la polla tanto me da enseñarla que ocultarla, como el brillante currículo o la razón o la mofa o el miedo o el… LINK",0,0,0.45655102
@USER Es probable...pero no será gracias a mi voto. Mi alma feminista queda en Paz,0,0,0.4557112
"La vecina gritándole a su madre 'guarra guarra guarra guarra que no haces nada guarra, imbécil, imbécil, si te estoy diciendo que te esperes, te esperas, gilipollas ¿me oyes? gilipollas, guarra, guarra' tengo una Dakota de vecina. Enfin",0,0,0.42832246
AJNWLDBSKNS HOLA SOY UN PUTO ESTEREOTIPO DE GAY  HOLA SOY LA CREADORA Y TENGO UN PROBLEMA MENTAL A MIS 30 AÑITOS HEHE,0,0,0.48089883
"Compré tres unidades de un producto y me siento pésimo, mi maldito toc de tener todo par me está matando. 😵",0,0,0.43070167
Racista pero sólo de los penes negros porque son feos,0,1,0.510659
"Maya Khelladi, directora de la oficina de representación de CaixaBank en Dubái, repasa las oportunidades de la economía de Emiratos Árabes Unidos: LINK",0,0,0.44581354
@USER @USER @USER @USER @USER @USER @USER @USER @USER @USER Esta es la feminazi que se sintió muy ofendida y miren acá como se expresa LINK,1,0,0.4320661
Avión venezolano: ocho tripulantes coinciden en vuelos a Paraguay y Argentina LINK vía @USER,0,0,0.36241376
"(En este aspecto, podéis decirles tb que los fantasmas del fascismo los despiertan los fascistas y quienes les apoyan, no sus víctimas)",0,0,0.4367652
Contamos con personal altamente cualificado para garantizar el éxito de la #migración de las bases de #datos. LINK LINK,0,0,0.47204167
@USER @USER Diappoler* jajaja cállate Pepe niño polla Si me han llenado de notificaciónes jajajajaja,0,0,0.37515485
"La Red Solidaria de nuestro Centro clausuró este curso junto a jóvenes de toda Extremadura. Fue un espacio de encuentro lleno de intercambios y emociones. Hubo una gymkana sobre migraciones junto a 30 jóvenes de Mali, Marruecos, Cabo Verde, Senegal... @USER LINK",0,0,0.48770702
"@USER Que malditos condenando a un anciano, por delitos de mas de 40 años atrás, los cuales no se pueden ni investigar correctamente, condenan por presunciones sin certezas juridicas, una verguenza estis jueces",0,0,0.43048483
"Me gusta ver a los chamos que salen o salieron  conmigo, cada vez mejor, más lindos, más guapos, más inteligentes, progresando y siendo felices, no todos feos, flacos y escoñetados 🥴",0,0,0.4239393
"Vamos la puta madre, te lo mereces flor 💖",0,0,0.43790925
"@USER Entiendo tu punto, pero no coincidimos.

Votar por Castillo es la única alternativa que tienen muchos que sufrieron crímenes y violación de derechos humanos bajo el gobierno de Fujimori, del que Keiko fue 1 Dama.

Ese voto es racional para ellos, no los hace ignorantes.",0,0,0.46964675
"Y sta noche os han jodido poner""Mi gitana"" @USER a ver si con suerte para el Lunes llegan medidas cautelares y os cierran el pico",0,0,0.46833983
@USER @USER @USER Igual lazos amarillos con concertinas es más español y mucho más democrático,0,0,0.38699713
"Desde milenios, las gentes infames que no conocen el pudor se iban a descansar, mirando el horizonte, un aire infinito me conmueve, son enviados al exilio en alrededor de la lucha pornográfica de griegos y latinos de la tierra que el dolor ha devastado.\n#battiato #bot 🤖",0,0,0.4223506
"El presidente @USER criticó de manera 'dura' a @USER 

LINK",0,0,0.37972355
"😪El crimen de la migrante ecuatoriana, Sonia Loja, de 36 años, ha causado conmoción en EE.UU.. La mujer acabó con la existencia de sus tres hijos para luego extinguir la suya. El padre de los menores alertó a la policía. El domicilio también funcionaba como guardería ilegal.😱",0,0,0.43084806
@USER Callate pelotudo y aprende a relatar antindependiente hijo de re mil puta,0,0,0.43223962
"En una de sus giras por Venezuela, @USER advirtió a los venezolanos de #HugoChávez. Aunque cuando murió #FidelCastro, cuenta que él hizo una fiesta en Caracas.\nLINK LINK",0,0,0.37990507
"A mi si me enseñaron a compartir, perra!!!",1,0,0.38374797
"Que manera de caerme mal ese Arquero qlio de Lampe siempre contra Chile hace tiempo, falta que lo miren feo al qlio y se tire al suelo jajaja Vamos Chile CTM🇨🇱#LaRojaXCHV",0,0,0.4161345
"La activista Greta Thunberg, que asiste a la Cumbre del Clima de Madrid (COP25), fue tildada de ""mocosa"" por el presidente brasileño, Jair Bolsonaro, y asumió ese calificativo en su perfil en la red social Twitter. LINK",0,0,0.40812895
@USER No creo que muera antes de que los musulmanes tengan representación en el parlamento español.\nLa única esperanza es @USER,1,0,0.41142327
"@USER @USER En Chile todavía no, pero uno de los próximos presidenciales es comunista y tiene MUCHO apoyo. Los venezolanos en Chile están con tragedia jajaja 😂",0,0,0.44722083
Acabo de ver unas cosas en mi celular... no se si serán unas rayas en la pantalla o estará trizado... ctm me.llego a doler,0,0,0.45849746
Cuidado sales las #Feminazis con que este fin de año las violaron y están bien plutas regaladas en las discotecas y después dicen #yelvioladorerestu,1,0,0.47347072
"""El pogre"" vive de las calamidades de los inmis Qué va a decir!",0,0,0.46843895
"@USER jajajajaja! Seguro que luego se te llena la boca criticando el populismo. Desde luego, cómo sois los fachas, macho. La monda.",0,1,0.50165975
"Condenados los exjugadores de La Arandina a penas que suman 114 años por agresión sexual
 25La Audiencia de Burgos les impone una pena de 38 años de privación de libertadLos exjugadores de La Arandina: “No somos violadores, somos unos pardillos”
LINK",0,0,0.44333744
"Si nosotros estamos así, al final va a ser verdad que Pucela capital de Senegal. LINK",0,0,0.4195028
@USER Los aweonaos del “precio por interno” dan ganas de no comprarles nada,0,0,0.37556937
"que ejemplo no dejan ensuciar su pais ,,, asi deberiamos hacer los venezolano con los cubanos y con los colombianos y chinos y arabes que acabaron que lo poco que quedaba ! LINK",1,0,0.42044327
@USER @USER  500 pa ti 500 pa mi que se vengan q somos 2 👊🏽👊🏽,0,0,0.41905597
@USER Ya salió la facha de turno a la que nadie votó ...,0,0,0.4361302
La exhibición es un complemento al recorrido de la sabana africana de BIOPARC. Conviértete en espectador privilegiado del comportamiento animal y de las adaptaciones de distintas especies animales a la caza o a su defensa.\nConsulta horarios: LINK LINK,0,0,0.46550983
@USER Cállate perra! Y agachate,1,0,0.41968638
Mk que escuche a un señor venezolano decir que a maduro lo mandaba alguien más y ese alguien más era petro ???? petro de noche es veneco o qué,0,0,0.4517252
@USER @USER @USER Puta el qliao recalcitrante el Srto Boric,0,0,0.36634874
"Mujer sufrió ""portonazo"" mientras esperaba cierre de la reja a la salida de un edificio en Ñuñoa LINK",0,0,0.38800353
"La inmigración también es un determinante de salud  El Real Decreto de 2012 esgrimía justificaciones como el turismo sexual: los inmigrantes no vienen por turismo sexual, de hecho, los que vienen son los más sanos, fuertes, jóvenes,... LINK",1,0,0.3990055
@USER @USER @USER @USER Hahaha llora ctm,0,0,0.38527068
"Aparte de Ignorante...
Como todo Comunista te dice que No es Negro, pero si de un color muy Oscuro..
Estatizar: Manejado por el Estado..
Nacionalizar : todo lo referente al Patrimonio Nacional, manejado por el Estado.. 🤔🤔
Comunistas Ladrones, Suci@$..
IGNORANTES HDP.. LINK",1,0,0.4715375
"@USER @USER Estais muy mal de la cabeza. Sois unos locos y unos fascistas, vuestro odio acabará con vosotros.",0,0,0.48453164
"""Por amor de una mujer..."" Qué hermosa canción para dedicar a tú enamorado/a  #GalaYoSoy ❤️🎤¿Qué te pareció la presentación de Julio Iglesia?👀 LINK",0,0,0.44380078
@USER Cancelados esos weones por la última canción con letra funable que sacaron 😒,0,0,0.4187561
@USER @USER Jajajajajakaajaksk ctm 🤡🤡🤡🤡,0,0,0.38901663
"Cuando llegó al Tribunal Supremo el caso de La manada se abrió la puerta que ayer veíamos en el caso de la Arandina. El Tribunal Supremo decía que la condena debía ser la suma de la violación de cada uno, más todas las otras como cooperadores necesarios.",0,0,0.49518308
"Un lugar lleno de Sabiduría, Sanación, Energía !!!!  Vámonos a Machupichu del 17 al 22 de Septiembre!! Aun estás a Tiempo! Haz tu maleta !! LINK",0,0,0.42781392
"A mamarla pringao, subnormal. LINK",1,0,0.43606827
A ese tipo de gente mejor no acercarse. O llamas a la policía o les tiras piedras desde tu ventana.,1,0,0.47683275
Retrato de esperanza por Pepe Guinea. Aceptarme con mis cicatrices es uno de los mayores actos de valentía y sanación que he realizado en mí vida 🙏❤️ LINK,0,0,0.42852107
@USER Al parecer Chile se esta convirtiendo en tierra de la la izquierda y las enfermas mentales de las  feminazis. Estoy anonadada de ver  la paciencia del gobierno chileno que esta dejando que todos estas lacras destruyan su país.,1,0,0.46282747
"Que wea el Sr París 
“Los expertos de la mesa nos recomendaron” 
Cony Santa María: “que expertos”, los que nombró son todos del gobierno 🤦🏻‍♂️ 
Entre los mismos weones proponen y se aprueban todo entre ellos 🤦🏻‍♂️🤦🏻‍♂️ #Enacional",0,0,0.4261613
@USER @USER dejá de escribir burradas... usá tus imbéciles manitos para cascártela pensando en la polla de @USER,0,0,0.4370656
@USER Sigo pensando con el vómito en la garganta a punto de echarlo que a estos hay que gastarlos y al juez también. Por muy bruta que quede en este momento hasta la castración me parece poco,0,0,0.43773782
@USER @USER UN PIROPO NO ES INSULTO. UNA PATANERIA SI LO ES. HABLA UN QUITEÑO DE CEPA. QUITO CUNA DE PIROPOS Y EN LA COSTA SE ELABORAN LOAS A LAS DAMICELAS. PERO PARA LAS FEMINAZIS TODO ES AGRESION,1,0,0.48020783
"Nunca llueve a gusto de todos LINK A gente como ella no le pondremos vallas con concertinas. Sin embargo, a los que cuidan de nuestros mayores y pequeños les hacemos la vida imposible.",0,0,0.41013572
"Si ella los aceptó que ella se los coma, es muy fácil echarle a los demás las propias irresponsabilidades.",0,0,0.42905393
- putos rojos del cine que no quieren pagar el iva cultural + qué opinas de dani rovira? - el mejor actor de españa coño @USER,1,0,0.44941464
Bolivianos qlos no van a ir nunca al mundial,0,0,0.43733215
@USER @USER la educación sexual también es aprender que las mujeres con polla existen y son víctimas de violacion... Violan los hombres no las pollas.,0,0,0.46018875
"«Lo primero que quiero dejar claro es que no se trata de racismo ni queremos que estos chicos se vayan a su país» Alucinante, la víctima disculpándose. A esto hemos llegado tras años de corrección política. Esa mujer necesita ayuda psicológica, pero no por el atraco sino por el síndrome de estocolmo como un castillo de grande.",0,0,0.48598695
Te pensarás que PP es de derechas.. [ USUARIO =Kastilla;351951301]El tonto de FC. ¿Con el PP no se podía abortar?[/QUOTE],0,0,0.47681504
ac es donde sudaka se muere de verguenza y se esconde debajo de una piedra para siempre~~~~,0,0,0.38226166
@USER Como puede ser un icono feminista una facha como ella?? 👀 estamos locos o qué?,1,0,0.4488759
Allá que vayan las feminazis a reclamar derechos. Los árabes no están con webadas. LINK,1,0,0.440616
"Pasé de ser la “sí, sí yo te entiendo” a la “ándate a la ctm”. Me gusto más ahora.",0,0,0.42489165
"@USER @USER @USER @USER @USER @USER @USER @USER @USER @USER @USER No, eso es robo.

Las platas en su mayoría aportadas x  trabajadores chilenos.

Por tanto no es *nacionalizar*, sino expoliar, quitar, robar, a sus legítimos dueños.

Pero los sacohueas aplauden, es patético como los progres sin identidad, ni cultura levantan ídolos como Atria.",0,0,0.47042343
"@USER ya sabes q la Mal_llamada ""PERRA"" (=FIEL)  de la TOP FURCIA de Eugenia SILVA estuvo jugando al APOCALIPSIS..con l ex_marido..",1,0,0.43680876
@USER Mi comentario no es partidista y va más allá de las campañas. Es en contra  de los weones que gritan cómodamente desde su cama. Similar caso al de los anti vacuna.,0,0,0.4876165
"@USER @USER @USER Los fachos no llevaban la cuenta en 10 mil trillones de muertes por el comunismo?
Tu cifra es lo más bajo que les he escuchado hasta ahora.",0,0,0.46462902
Así guía el #ISIS a los terroristas que quieren atentar en sus países de origen. El caso de India (vía @USER) LINK,0,0,0.46833056
"@USER @USER Saltar dice…la rodeo por Guinea Ecuatorial,pasando por Turquía,Suiza,Cuenca, Brasil y llega otra vez a Canarias..🤣🤣🤣🤣🤣",0,0,0.41768748
"@USER arréglalo tu con los cuernos, mamón",0,0,0.4584788
"Envidia... esto es patriotismo. Esto es estar orgulloso de su bandera, su himno, su tierra. 🇺🇸  Vergüenza de pueblo desunido y cainita. 🇪🇸 LINK",0,0,0.41475013
Esa Greta Thunberg tiene cara de loca?,1,0,0.46392602
"Que me estás contando?!?!? Una puta mierda, así de claro. Ana ni de coña se merecía estar nominada, si queréis nomi… LINK",0,0,0.4303455
"INFORME DE ÚLTIMA HORA: El gobernador de Texas, Greg Abbott, invita TANTO al alcalde de Washington DC como al de Nueva York a visitar la frontera sur para SER TESTIGO DE PRIMERA MANO de la afluencia de inmigrantes que llegan a este país... LINK",0,0,0.46341148
@USER o vete a la mierda retrasado ps los colegas,1,0,0.39434218
"#Mundo ??‍?Bolsonaro llama ‘mocosa’ a Greta Thunberg

➡️ LINK LINK",0,0,0.4461448
"la culpa es de los que fomentan que vengan por esas vías,si vienes legalmente llegas a barajas y te comes algo en el BurryKin",0,0,0.45967144
"de la España vaciada que, Por que no se les entrega una casa una cabra gallinas una subvención durante 6 meses mientras cogen la cosecha,que han plantado, así vivimos muchos después de la guerra y aquí seguimos",0,0,0.41521618
"@USER @USER @USER Eso es correcto amigo, lamentablemente a ustedes por el camino que van les pasará igual que a nosostros los venezolanos que nunca votamos ni por Chávez ni por Maduro, pagarán justos por pecadores.",0,0,0.44825426
"#VamosLaRoja @USER cambiante a esos comentaristas por favor... Pa eso no pongan a nadie, es la misma wea... Que weones mas fomes pa transmitir..",0,0,0.4714109
"@USER ""Subnormal"", ""escoria"", ""cateto""... Humildad cristiana.",1,0,0.46868867
"@USER @USER Y a quién querí poner de DT si no hay más jugadores, los bolivianos se salvaron de por lo menos 3 goles... Nos queda Juvenal Olmos o el Comediante Salas, elige...",0,1,0.5156611
"No se cómo puede hablar piqué de los árbitros, a ver si revientas ya pedazo de mongolo @USER",1,0,0.40669787
No puedo creerlo. Que horror y que abuso con todos los chilenos!!! LINK,0,0,0.45448098
Valorarme me motivó a ordenar mi escritorio y ctm. Ahora tengo tanto espaciooo 😱 LINK,0,0,0.44652656
"Chile qliao, se perdieron miles de goles.. sacaremos un empate todo cagon.
 #VamosChile",0,0,0.4215097
Chamo noo jajajajajja LINK,0,0,0.4035847
@USER @USER Callate gil!! Sali a laburar trollO. En tu puta vida moviste un dedo.,0,0,0.4223205
"@USER Pegatina MADRID, FASCISTA Y MADRIDISTA  LINK",1,0,0.45292926
Bancada DC inicia fiscalización por expulsión de más de 50 venezolanos en medio de la pandemia LINK LINK,0,0,0.45197108
Si a mi se me ocurre enseñar por twitter una conversación de whatsap con mi madre me manda a dormir a la caseta de mi perra.,0,0,0.48077634
"Maripan 3 Partidos donde termina cagando el resultados... Adiós Qatar 2022 a pensar en el 2026, Ojalá no le den más chances a ese mono culiao del Memo #VamosChile",0,0,0.44496146
"@USER Cállate viejo CTM, escoria de la política!!!!!",0,0,0.38523203
A LA PUTA CUEVA MONGOLO @USER,1,0,0.40723985
@USER Y tú eres un auténtico #cateto No hables de lo que no tienes ni puta idea #payaso LINK,0,0,0.4405464
"#Lampe re culiao weon juega, y ni amarilla pal weon!!!",0,0,0.42533237
"Ken cada vez es más güero en las caricaturas de Barbie, en mis tiempos era morenito ahorita hasta las mejillas rosadas tiene😂",0,0,0.4423205
Pienso que Jadue pide garantías de no ser derrocado porque planea hacer cosas por las cuales otros gobiernos comunistas han sido derrocados.,0,0,0.43522295
"@USER @USER Si no sufrir de complejos es de medieval lo seré, medieval son las feminazis adaptando el machismo, un machista y una feminazi se complementan, tal para cual, los chamos de ahora viven llenos de complejos porque solo viven en su mundo virtual.",1,0,0.4854374
"@USER Maldito hijo de puta, tu eres cómplice de toda esta vagabundería, falso, vendido, arrastrado, cierra ese pico que ya nadie te cree, políticamente estás muerto basura.",0,0,0.43148872
Noah le ha dicho a Audrey que está pillado por ella y Audrey le ha dicho que es muy lesbiana joder y ahora el asesino está con ellos y con Emma mira me muero????,0,0,0.4522919
"Eres un facha racista! Habrase visto, no querer en tu barrio a esas maravillosas personas.",0,0,0.4727869
"@USER Que mas se podía esperar de alguien que tiene en su perfil “siempre por la DERECHA, aunque la vuelta sea más larga” harto larga que va a ser la vuelta, por la “conchetumadre” no queda cerca 😊",0,0,0.4423287
@USER @USER @USER @USER Eso corre loca que se os acaba el chiringuito,1,0,0.43281913
tu de matematicas que tal?,0,0,0.43390658
@USER yo le doy la vuelta. Creo que en realidad es más patriarcal la actitud de mucha gente en twitter criti… LINK,0,0,0.47484565
"@USER No los sigo, pero llegan a mí, además que siempre que leo los comentarios de cualquier cosa siempre hay un veneco que me amarga la vida.",1,0,0.39766517
Todos somos #chuecoponce y no vengan a santificar al chascón ctm mala chase y flaite de Falcon... el que no se calienta de esa forma es mentira ...,0,0,0.49325526
"Se acabaran las piedras, pero los weones ¡ jamas ! LINK",0,0,0.41107067
"@USER @USER Yo no se si sea muy hippie de mi parte pero prefiero a la gente trabajando en eso que robando 🥹 ser migrante es una mierda (no lo justificó, pero son formas de subsistir)",0,0,0.44458196
"@USER Inclusivo......

Me pregunto si ha visitado hogares de ciegos.....

No poh.....un live con una maraca hace más popular a la chica....",0,0,0.44903767
"@USER @USER @USER es el Guaripola de los Weones, jajajaja",0,0,0.37914246
"Si hubieras leído la noticia habrías visto que los agresores ya han sido detenidos, de hecho son los protagonistas de esta otra noticia (que es más reciente a pesar de haberse enviado antes): URL Así que no es cierto lo que dice 10 : por supuesto que no se les permite vivir aquí. Lo que no podéis pretender es que la policía sepa adivinar el futuro y predecir quién va a cometer un delito, ni tampoco cerrarle las puertas al 99% de inmigrantes que no van por ahí atacando a la gente a machetazos para evitar que entre el 1% restante.",0,1,0.52209985
"Militares marroquíes armados hostigan a barcos que se encontraban en aguas españolas LINK lo que han hecho siempre con los pescadores españoles,a mi padre más de una vez ""lo pillaron los moros""como se solía decir y secuestraban el barco y se lo llevaban",0,0,0.40972853
¿Otra polémica inventada por la extrema derecha? Ahora me entero de tal campaña contra los Conguitos,0,0,0.48595357
"Realmente.. sí. Y lo digo yo, que le he respondido ""escoria"". No creo que sea racional, ni maduro, ver las cosas o blancas o negras. Los jóvenes de ambientes marginales, familias desestructuradas y, en definitiva, una inadecuada red de apoyo son carne de cañón para esas bandas. La sociedad debe ofrecer las herramientas adecuadas para que esas características no se den. Recordemos que esa gente es captada, mayoritariamente, siendo menor de edad.",0,1,0.5389497
"Ahora se acuerdan de la Iglesia?? gente mala este gobierno, no se ha enterado todavía, que la Iglesia por medio de Caritas es la que mas hace por los inmigrantes y los pobres desprotegidos, ay si no existiera la Iglesia Catolica….. lo que tiene que hacer el gobierno es devolverlos a todos ya",0,0,0.48435014
"@USER @USER No te go los nombres acá, pero es una mujer UDI y un ex UDI",0,0,0.44470367
Mi playa favorita del verano... destino de una patera de inmigrantes subsaharianos que desembarcan a plena luz del día LINK,1,0,0.48468882
"A ver. Si quieres enseñar, lo haces, ¡pero bien! No cómo puta, nada más picando para conseguir follows 😡😡 LINK",1,0,0.42562637
tiro el poto a las moras..... #LaBatallaFinalMv .. NO TIENE IDEA LA OLIVILLA... LINK,0,0,0.39297533
Comparto la celebración y conmemoración por el día del refugiado. Brindemos nuestro apoyo y seamos solidarios. LINK,0,0,0.4010869
Súmese:  - Está tarado. LINK,0,0,0.45544598
Trump urge al Congreso aprobar recursos para construir el muro “más rápido”. Pues que contraten mexicanos indocumentados para levantarlo... y al final que los deporten.,1,0,0.4949238
Los más preparados y los más valientes,0,0,0.3818437
#PartyChilensisFtAñoNuevo cállate perra qlia,1,0,0.35973543
"@USER Joder, menuda escoria de persona, ¿no? ¿Cómo narices se puede ir así por la vida? Vomito...",0,0,0.4943296
desde luego que yo como español no me sentiría representado por un totero.. Pero en fin.,0,0,0.42804065
Debi ponerme primera capa ctm que frío,0,0,0.40188444
@USER si? Joder me quedo más tranquilo. Me paso el día pensando en que deben pensar q soy retrasado. Q también...,0,0,0.436266
"#EfemeridesGranadinas El 25 de junio de 1431, Pedro Fernández de Velasco (II conde de Haro, I condestable de Castilla y camarero mayor del rey) ataca las tierras musulmanas de #Montefrío, incendiando mieses, montes y cortijos en su  progresiva  conquista de Granada. LINK",0,0,0.40923217
"Me puse a  stalkear y bueno descubrí que hay chicas que tienen 9000 seguidores  entre esos ,chinos, japoneses, árabes, que carajoooo!!! 😂",0,0,0.4710039
"#EsViral ⚽️⚽️⚽️\nEn el partido del Everton vs Dinamo Kiev, Frank Lampard, permite que un aficionado que ha estado llevando en su vehículo, alimentos y material para refugiados ucranianos, lance un penalti. 💙💛 LINK",0,0,0.39027962
Jajajaj mujeres se meten con niños y quieren madures jajaja 😂,0,0,0.39739487
"@USER Me ha ocurrido lo mismo, primera vez que veo este programa y me encuentro a este chico. 🙄",0,0,0.41044378
Franco fascista asesino mató a 200.000 personas.,0,0,0.39065918
"*Mi padre haciendo el almuerzo*\n-Roci coge platos gibraltareños\n+Platos gibraltareños qué es, papá?\n- Llanitos\n\n\nComo no voy a tener el humor roto con esta genética",0,1,0.5066661
"Joder nena, como me gusta cuando frotas tu coño empapado con mi polla y mis huevos, sentir ese calor, tus nalgas sobre mi, tu maravillosa espalda moviéndose tan sexy, quiero follar contigo ahora LINK",0,0,0.4614334
"Perdió la custodia de su hijo por migrante, por pobre y, sobre todo, por no ser la víctima perfecta LINK",0,0,0.35409284
"@USER Melenchon es el tío que iba a meter a Francia en el ALBA, que es aquello que montó Chávez con Cuba y Nicaragua. Todavía si hubiese hablado de la liga árabe habría tenido tirón, pero los mangutas de Saint-Denis no saben quién era Bolívar y les importa un cojón",0,0,0.43052396
"si yo voy en patera a EEUU y me pasa algo, ¿la culpa la tiene EEUU?",0,0,0.4926633
"@USER Otra payasa inútil viviendo del cuento, de sueldos españoles,vete a Venezuela y trabaja en la calle porque aquí sobra escoria política y humana como tu",1,0,0.3747755
"No puedo creer que Carmen Frei diga que “la gente a vuelto a confiar en su partido”.
Esta vieja se habrá dado cuenta que el 81% de los chilenos NO FUE A VOTAR?
Sigo preguntado, porque nadie habla de eso weon? 🤦🏽‍♂️🤦🏽‍♂️🤦🏽‍♂️

#FelizLunes",0,0,0.44697
"@USER @USER Váyase a EEUU, so capitalista, pero cuidado con ser deportada por ser solo una sudaca rasca.",1,0,0.45392123
"Alberto Fernández: ""Los mexicanos salieron de los indios, los brasileños de la selva y los argentinos de Europa"" #AlbertoFernandez
LINK",0,0,0.40844068
"@USER @USER @USER  eres subnormal, tu no sabes como ha estado galicia?? la velocidad del viento superaba los 100 km h",1,0,0.44171587
"No si a este hombre eso le permite comer. Si es una empresa o un trabajador que se enriquece a costa de ello, eso sí que nos perjudica a todos.",0,0,0.43237874
"El monopolio de la industria de la carne y la crianza intensiva en el #Ecuador y en la región latinoamericana, por @USER #Mexico #IFC @USER @USER @USER @USER\nLINK",0,0,0.35766047
@USER Del terror la ignorancia de esta mujer 😒,0,0,0.38424402
"menuda guarra, te parece normal enseñar las tetas por twitter? luego pedis respeto feministas — Bueno de guarra poco porque me ducho todos los días sorry LINK",1,0,0.48725176
@USER @USER Que ordinaria la mascarilla y el flote igual se nota que es un ignorante 💩,0,0,0.45826018
@USER Supongo que mis compatriotas no serán tan retrasados mentales para dispararse en los pies al votar por este payaso corrupto 🤦🏻‍♀️lo primero que hacen las empresas es despedir a gente e irse del país si les ponen tantas trabas como piensa hacer este imbecil.,0,0,0.47121915
Conozca la edición académica de la colección de sinónimos de José Joaquín de Mora (1783-1864) en los papeles del Archivo de la RAE: LINK LINK,0,0,0.40551192
"********Nuevo Video¡¡¡¡******* Muchos dicen que si sufres de acoso lo digas o hables, sin embargo no todos los acosadores tienen la misma reacción ante las consecuencias, unos simplemente nunca van a aprender y nunca van a entender a base de palabras. LINK",0,0,0.3931712
@USER Vamos a realizar una corrección al meme: Todos LOS VENEZOLANOS que emigraron a Perú en este momento 😜,0,0,0.45243633
"""PSOE-A asegura que en materia de inmigración el Gobierno de Sánchez ha hecho """"más en dos meses que Rajoy en siete años"""" LINK",0,0,0.3462965
"Por favor  no le crean nada de lo qué  hable , en términos  de economía porque, un alcalducho sin ni siquiera haber hecho una primaria,a título de qué  habla , por quien  habla es mentira, los insulsos del FA como que los hechó  al bolsillo? Y ya se cree Presidente este CTM",0,0,0.43774712
La Patri y la guarrilla pelirroja. Galaza. #Goya2017,0,0,0.41146067
"""A todos que critican la llegada de inmigrantes y crean que nos quitan trabajo, les dan demasiadas ayudas y demás, que se miren el programa de hoy de AR a partir de las 10. Y que se queden con eso que han dicho: """"Vienen a hacer el trabajo que LOS ESPAÑOLES NO QUIEREN.""",0,0,0.4850197
No hay puestos de trabajo. Un inmigrante en paro ayuda lo mismo que un español en paro: nada. Yo no sé si esta gente es corta o busca desinformar.,0,0,0.47037393
"¿Y qué esperas, si la justicia ordinaria no hace nada, que la gente se quede de brazos cruzados?",0,0,0.44990566
Sorprendente los comentarios están plagados de subnormales defendiendo patearle la cabeza en el suelo a una persona que podrá o no ser el agresor.,0,0,0.44696355
Prisión sin fianza para los tres futbolistas de la #Arandina por presuntos #abusossexuales LINK LINK,0,0,0.4156275
Sabes que un hombre es gay cuando pone un playlist de Rocío Dúrcal.,1,0,0.49139395
"Se cree inteligente por decirle guagua a un feto y la provida celebrando que mataron un delincuente 😂😂😂😂😂
Y está criando 3 hijos po’! LINK",0,0,0.43736312
"Lo dices TU: ""Y tú eres un pobre bocazas equivocado. Supongo que esta es una meta vital para ti. Te voy a dar una mala noticia: no es posible parar la inmigración. Va a tocar adaptarse y procurar que ellos se adapten lo antes posible. Todo lo demás: mierda de transtornados."" Joder, y yo que tenía esperanza de que no fueras tan tonto.",0,0,0.48629808
"@USER Ideas racistas, xenófobas, machistas... eso es lo que defiende Trump. Y lo siento pero todo no es respetable.Por eso lo comparo",0,0,0.43253696
@USER Que los mates a todos no ves que esa escoria es mejor con una paliza en la cara y muertos a palazos en la cara,0,0,0.44516182
"@USER Little things, American radical y No time to die. No está nada mal 3 pelis para 2020. 38 años, no lo mateis aún es buen actor.",0,0,0.4367112
"@USER @USER ES PEPERO CORRUPTO Y PERTENECE A UN 'PARTIDO FASCISTA, LO RARO ES QUE FUERAN DEMOCRATAS,ESO NOS A DADO LA COSTITUCION, FASCIASTAS,",0,0,0.42894804
"@USER @USER @USER @USER @USER Violaciones, acoso callejero, discriminación la… LINK",0,0,0.35412157
"🗣#LTDomingo | Columna de @USER: Historias de éxito. ""Araya es la primera mujer que llega a la rectoría de esa universidad, pero su figura llamó la atención de los medios no sólo por eso"" LINK LINK",0,0,0.3959696
"De mi archivo, agosto 2021: “Es un golpe de Estado. Un autogolpe, para ser más precisos. Perpetrado desde la cúpula del poder, por parte del presidente. Hasta la concentración en sus manos de todos los poderes, de forma indefinida y quizás definitiva.” LINK",0,0,0.44391295
@USER Exija el crédito. Los argentinos están deseosos de conocer al compositor,0,0,0.39985022
"Pero si un ruso viene de vacaciones o se cuela por la frontera y la lía parda, se le extradita a su país y que lo juzgue quien tenga que hacerlo. Por qué tener que ocuparnos nosotros de todo el mundo? Es que tener el poder de juzgar no implica tener el deber de alimentarlo y velar por su vida y seguridad en una cárcel. Eso vale mucha pasta que ese hombre no ha generado con sus impuestos aquí. Y si no, trabajos forzados (respetando derechos humanos, ojo) y que se pague su estancia en la cárcel española.",0,0,0.4945527
"Nojoda! Si fuera por eso no siguiera a nadie! yo sigo un poco de gente de izquierda/feminista/LBGTI/socialista para poder ver los 2 puntos de vista y ser ""objetivo"" LINK",0,1,0.50437933
Premio a insulto del año para estos muerdealmohadas! @USER LINK,1,0,0.43591318
"@USER Demuestra que son unos sectarios, además de indocumentados. Ni caso.",0,0,0.4562749
@USER Calla loca,1,0,0.39653897
@USER @USER Estos miserables q pueden enseñar más q su puta basura nazionalista... No tienen mas nada q enseñar,0,0,0.46026343
"De verdad la gente puede pensar que lo de la chavala con los jugadores del arandina fue abuso?
La chavala quería comerse un par de rabos de chavales que le gustaban y fin, no por eso es un abuso, no por eso la chavala es una ""guarra"" a ver si avanzamos un poco de mentalidad",1,0,0.4671767
@USER @USER Jajajajajajajajajajajaajaj mike cb yo te amo cc tu eres una puta comida cb sabe que nos debe una comidita 😂😂😂😂😂😂😂😂😂😂😂,0,0,0.41167375
@USER ahora todos los hipócritas hablan de respeto… pero cuando chile jugaba como 🕳 el &amp;)@@“$ no pedian respeto decian este viejo raton etc…,0,0,0.40469456
CTM! Hamilton quedó último!!! Se fue a la mierda Mercedes!! #AzerbaijanGP,0,0,0.40331146
benak ini mempermainkanku..menjadikanmu peran utama begitu saja..padahal harusnya akulah sutradaranya..,1,0,0.37115473
"Muchas ONGs han aprovechado la época progre para quitarse la careta y demostrar lo que son. Organizaciones que no es que apoyen a los inmigrantes, es que van clara y descaradamente contra los ciudadanos nacionales. Así tenemos organizaciones que piden más facilidades para que lleguen menas cuando todos sabemos a lo que se dedican. Que tu tengas se sufrir las consecuente de tener a miles de estos personajes jodiendo la convivencia les importa muy poco. Luego hay otras que ante cualquier enfrentamiento legal entre un español y un extranjero automáticamente se ponen de parte del extranjero ofreciéndole asesoramiento y ayuda legal. Mientras tanto a ti, que normalmente eres la víctima, que te jodan. Y en este caso, con gente que viene ILEGALMENTE (y hay que ponerlo con mayúsculas a ver si el tonto de arriba y otros muchos dejan de compararlo con la inmigracion española que siemore fue legal) y cuyo futuro aqui es que les mantengamos con dinero público, lo que piden es que se den todas las facilidades para que vengan más. De pocas cosas estoy más satisfecho que de haber borrado hace una años la casilla de ""Otros fines sociales"" de la declaración de la renta. Ni un céntimo de mi dinero para colaborar con estas asociaciones que sólo buscan dañar al país, la convivencia, la seguridad y hasta la economía.",1,0,0.4447579
"Dn. Jorge, cuando habla de ""víctimas del estallido social"", se refiere a los cientos de locatarios a quienes los DELINCUENTES les destruyeron sus fuentes de trabajo, supongo!!!
No será que indemnizarán a la tropa de vagos que destruyeron Iglesias, locales, emprendimientos ... LINK",0,0,0.43288833
Hombres de España. Que no os frene el voto femenino. Somos más y nuestra opinión sigue contando más. ¡TodOs a las urnas!,1,0,0.4375393
Son tan lindos los bebes de india♥,0,0,0.45372415
"Día del Refugiado. Hablamos con Malalai Joya, la diputada más joven del Afganistán posinvasión, hoy refugiada en Cataluña tras la vuelta de los talibanes al poder: ""Los refugiados afganos entendemos bien a los ucranianos, pero nos sentimos discriminados""\nLINK",0,0,0.47587526
"Pues claro que en parte es problema de inmigración. ¿Cuantas veces te han apuntado con una pistola para robarte las zapatillas en un autobús? Pues cuando tú compañero de estudios colombiano te cuenta que a él le ha pasado en su país, que es muy común y que más vale que se las des que si no te limpian el forro por unas putas zapatillas ves la diferencia de valor que tiene una vida para según qué personas. Y que si se vino a España fue precisamente por salir de aquello. Solo tienes que ver vídeos de YouTube de gente venida de Latinoamérica que una de las cosas que más valoran de España es la seguridad. Sería paradójico que vengan escapando de la violencia de allí y la terminen sufriendo aquí porque no somos capaces de hacer lo necesario (en este caso expulsar del país al delincuente) para salvaguardar esa seguridad.",0,0,0.41441903
"Subrayando mi solidaridad con la víctima y mi profundo desprecio a unos degenerados, planteo una obviedad: no es más justo el juez que impone una condena más elevada, sino el que dicta una sentencia más justa y acorde a la ley.
#ManadaArandina 
#Arandina 
LINK",0,0,0.41191396
"Gente: el lunes :( Yo: lleva habiemdo lunes toda tu puta vida, te quejas mas de los lunes que de la corrupcion retrasado.",1,0,0.45279795
"Son un 15% de la población, un 10% de la población activa. Aportan el 10% y reciben el 1%. Esos son los datos objetivos. Los españoles son un 85% de la población, un 90% de la población activa. Aportan el 90% y reciben el 99%. Eso son los datos objetivos. Que si cobran por tal, que si me invento que los españoles cobran tal y los inmigrantes no, que si la abuela fuma y en el futuro andará en bicicleta..que si sumo datos que no tengo para decir tal o cual.. pon datos reales y se podrán comparar. * Sobre mis cuentas, yo no he dicho que aporten 10 veces más que los españoles. He dicho lo que has puesto tu. Que incluso, con tus trampas que son muy burdas, aún así los inmigrantes aportan más (un 20%). Pero ya te digo, eso aceptando tus trampas. Sin trampas, los datos son los que he puesto.",0,0,0.49613726
@USER @USER @USER @USER Lo siento pero yo si soy independentista y no quiero estar es este país gobernado por chorizos y ciudadanos cobardes que nadie se manifiesta,0,0,0.41230783
Csm como armaron ese gollllll filo estos weones me dejan loca,0,0,0.45031992
"Este 2018 les he tuiteado como la puta verga que soy, ya se merecían mi regreso.",0,0,0.43862748
👨‍👩‍👧‍👦🇺🇦 Bienestar Social activa un servicio de atención integral a familias ucranianas refugiadas en #ElCampello\n@USER\nLee AQUÍ completa la noticia LINK LINK,0,0,0.49831358
"@USER John, seria interesante escuchar tu postura sobre el caso arandina y su insolita sentencia judicial. Y luego de eso saber que opinas sobre la increible postura de Vox sobre dicha sentencia. Te mando un capture de lo dicho por Vox sobre la SJud... LINK",0,0,0.46922693
les hemos fallado y tú eres facha,0,0,0.4183938
@USER Y a quien le importa hijo de puta,0,0,0.42451134
"@USER Ahora que eres rubio podemos procrear y tener hijos rubios que funden la raza aria. Pero aria de nazis, no de Aria la rusa.",0,0,0.48743975
El sábado en modo árabe como dijo David,0,0,0.35585114
"A los hombres de verdad nos dan asco y vergüenza tíos como los de la manada o el arandina, sin sesgos, conjeturas ni medias verdades.",0,0,0.44027388
#Canada alerta a sus ciudadanos y sugiere no viajar a #Marruecos por la escalada en el #Sáhara Occidental\n\n\nMás INFO: LINK LINK,0,0,0.45195365
"Pruébalo a solas porque una vez probado, si un amigo te pide un trago.. se juega la vida.",0,0,0.4892744
"@USER @USER Cállate perra que tú no aparecias hace 5 años, ve a tocarte con tu ascenso",1,0,0.461855
Cerca de 500 personas se concentran en Aranda de Duero en apoyo a la menor del Caso Arandina LINK,0,0,0.4279195
Usar el término feminazi es de ignorantes amigos,0,0,0.3829203
@USER Alguien por la villa del sol alguna mujer que se quiera pintar las patitas😈😈😈😈,0,0,0.41644925
@USER @USER Vamos a Votar por Orrego   somos 20 votos.  No queremos ineptos y usados por comunismo.,1,0,0.4836847
"@USER @USER Que no gane la vieja, por favor, es falsa y da verdadero asco... la polaca está loca, que gane la americanucha.",1,0,0.48712274
"Pero no seria preferible que lo expulsen pero no a uno de los mas de 40 paises mahometanos ? porque todo esto proviene de que Mahoma tenia esclavos, muchos de ellos niñas igual que este, no se, en un pais no mahometano no estaria tan comodo este como en un pais mahometano",0,0,0.4889694
@USER mejor cállate perra lmao,1,0,0.38513738
El video de Faby enseñandole a abrir un champagne a Agos JAJAJAJAJAJAJAJAJAJA la puta madre que buen videoo,0,0,0.43955702
"Que está claro que gobiernan los herederos del dictador, pero si somos europeos para lo malo, también para lo bueno.",0,0,0.45331594
La feminazi con novio. Vaya vaya!!,1,0,0.41255146
"Enano Y Bastardo, Novela histórica basada en la barroca vida de un enano de la corte de los Austr ··-&gt; LINK * #España",0,0,0.34210283
"Pero que pasa, ¿Qué enseñó el carnet de afiliado o es que en todas las noticias hay que sacar las siglas de algún partido? Que cansinos con los partiditos políticos, este hombre es un racista, a lo mejor vota Podemos. No sabes hasta que punto puede ser la gente incoherente, aquí en la cuenca asturiana se vota tradicionalmente bastante a la izquierda, IU por ejemplo tiene ayuntamientos importantes y se les vota por tradición e inercia, hablas diez minutos con gente joven que votan izquierda que es lo que se vota en casa de toda la vida y encuentras homófobos y racistas a patadas. Mucha gente que vota no llega a hacer una reflexión seria de ideología y voto en la vida, dejemos de hacer de todo proselitismo político y partidismo y ciñámonos a los hechos.",0,1,0.52152497
Karina Oliva cada vez que la veo queda como ignorante con las atribuciones del cargo,0,0,0.42413926
podía irse a las cafeterías del paseo de Samil y pedirle los papeles a los empresarios para ver si lo tienen todo en regla. Pero esa fácil atacar a los débiles,0,0,0.4992541
"¿Has hablado alguna vez con ella sobre eso? ¿Se le notaba que era extranjera de lejos? ¿Era del norte o del sur? Es que en España hay más racismo que xenofobia y más aporofobia que racismo. Si eres inglés, alemán o finlandés, es muy raro que sufras xenofobia. Si eres marroquí, aguanta, que lo vas a fliipar. Y como seas romaní ya ni te cuento, que tienes combo.",0,1,0.52847016
"@USER @USER @USER Yo tan facha que parte de mi familia fue asesinada por el bando Nacional tras la guerra Imaginate Pero tu y los de tu calaña, sois idiotas",0,0,0.4643917
@USER @USER suelten las weas perros culiaos,0,0,0.3883975
@USER @USER Anda a lavarte la canoa con pirañas pelao ctm,0,0,0.40528354
@USER Aquí tienes otros datos por si te interesan también; Voto Independentista: 2.042.919 Voto No Independentista: 2.234.023,0,0,0.43628368
Por fin le cae la amarilla a un boliviano #VamosChile,0,0,0.43319455
"Los discursos d los partidos independentistas hablando aun d la mayoria catalana como independentista cuando en votos es todo lo contrario... no es manipular! Discursos d guerra, continuan con el fanatismo y el supremacismo q los caracteriza. El futuro se ve ⚫️. Es triste! #21d",0,0,0.3844583
"JAJAJAJAJA zorra sos vos mi amor, por teclado somos todas malas eh pero en la cara nunca nada vos, RIDÍCULA😘",1,0,0.44250628
"@USER Nada, no te preocupes. Si hay muchos en Youtube. Aunque siempre mola grabar las clases para ver los fallos... sí, me gustaría volver, bailar requiere mucha concentración y te olvidas de todo, no sé si ritmos latinos o flamenco, que hice un poquito y tbn me gustó, ya veré....😏",0,0,0.4456741
"@USER @USER Que se vayan, están desequilibrando el ecosistema social, económico y de bienestar. Y a los Venecos del tren de Aragua fuerza letal sin muchas preguntas .-",1,0,0.4466359
@USER @USER @USER @USER Venecos sapo chivato de mierda!,1,0,0.4014502
@USER @USER Si de verdad dejaste asi a la perra eres una porquería de persona y mereces lo peor pana. Das asco.,0,0,0.42990762
Le están pateando de afuera a los ecuatorianos. Jugando de local.,0,0,0.49569145
"No seas mamón wey, diría Chava Iglesias. 😂",0,0,0.39737839
@USER La Tercera = fachos = rechazó = miedo a perder privilegios,1,0,0.37206498
@USER @USER Como siempre la jirafa haciendo el ridículo. Jodete payasa!!!,1,0,0.39208838
"Solidaridad con Aqila Hashimi, alpinista afgana refugiada.  LINK",0,0,0.4253254
Esa del saco verde (la que hace el solo de baile) es la feminazi más cuerda que he visto. LINK,1,0,0.4503945
"Esta mañana hemos participado en el recibimiento de #Albacete a las niñas y niños saharauis procedentes de los campamentos de refugiados de Tinduf.\nTras dos años interrumpida por la pandemia, recuperamos esta bonita tradición de #VacacionesEnPaz gracias a @USER LINK",0,0,0.4561697
@USER @USER @USER @USER @USER @USER @USER @USER Pero ponchito para ser politicus primero evita la parranda y el baile gay  ok es mala imagen... LINK,1,0,0.4016282
"Me hubiese gustado ver a karina oliva en un live con algun joven artista, cientifico, emprendedor, escritor, deportista, etc. en vez de hablar con es tal naya...😒
Se me cayó un poco, yo cacho q el domingo voto nulo o su sendo pico no mas. Ambos no me convencen
#LaBatallaFinalMV",0,0,0.39418238
@USER Se acabará el Covid pero los weones seguirán acá 😂😂,0,0,0.42461315
@USER ctm me encanta,0,0,0.477957
Se castra a los hombres..,0,0,0.44626316
@USER @USER Como los chilenos q votaron en Miami.,0,0,0.43784514
Si fuese verdad se lo estaría pagando el gobierno y les darían una paga para que no tengan problemas económicos.,0,0,0.44724625
Talvez quede como zorra pero te lo mereces Socia😎,0,0,0.4172859
"Provocaciones lamentables? Lamentables mi pika, sus hijos de puta, llama a la gente de mono ahora, tomar en el culo… LINK",0,0,0.46141896
@USER @USER @USER Ctm weona 🤣🤣🤣🤣🤣🤣🤣🤣 me encanta ajaajjajaaakaakakakakajajskas,0,0,0.34462658
"La culpa la tiene Europa y España con sus políticas buenistas que hacen mas mal que bien. Si todo inmigrante ilegal que cruzara nuestras fronteras se le devolviese al lugar de origen y solo entrase inmigrantes legales, no pasaría ni estas desgracias ni muchas otras.",0,0,0.48234132
@USER  2 VENEZOLANOS SORPRENDIDOS ROBANDO ESTAN  EN LA CASA DE PAZ NOCTURNA DE CALIDONIA SIN PAPELES MIGRATORIOS DONDE ESTAN LOS INSPECTORES DE MIGRACION EN ESTOS MOMENTOS? LOS 2 LADRONES VENEZOLANOS EN ESTE MOMENTO ESTAN EN LA CASA DE PAZ NOCTURNA DE CALIDONIA,1,1,0.5298971
Putos moros y negros que vienen a invadir España!!! LINK,1,0,0.43174636
En el #DíaDelRefugiado llevamos un delicioso almuerzo para compartir con personas #refugiadas de la comunidad de San Martín de Porres. El plato estrella fue sin duda el Pabellón Criollo 🇻🇪. LINK,0,0,0.4582291
@USER Siempre normalizando lo impresentable... Los delincuentes dueños de la calle y los llaman estallido social...andaaaaa. Los 34 es mas de lo mismo..mentira y abuso!!!,0,0,0.4242371
oie pero estan todos atras estos ctm #PartyChilensisFtLaRoja,0,0,0.39269847
"@USER Es falso que haya zurdos democráticos, todos apoyan al extremismo, en el minuto final, lo vemos todos los días, núnca rechazan nada, Pepe es el único que intenta serlo, está tapado de amenazas. Pero ¿cuando le baja la Upelientería,? le baja con todo.Medias aguas no hay.",1,0,0.48733467
"@USER Definitivamente así es, la vida de las mujeres no les importa, no hay justicia. Lo triste es que lis periodistas se presten para la negación de los hechos. 🤦🏽‍♀️🤦🏽‍♀️🤦🏽‍♀️",0,0,0.399847
"Aún hay  quien defiende olvidarlos  para no reabrir heridas, que quien lo hace es por  resentimiento y venganza. Hay quien incluso niega que fueran víctimas  y la barbarie criminal. Como decían nuestros mayores  ""que Dios los perdone"".\nLINK",0,0,0.382407
"@USER @USER Que cosa mas estúpida,eres vete a terminar tu carrera y deja de robar.",1,0,0.43691355
Cuando un hombre mata a una mujer es un hijo de puta pero cuando una mujer mata a un hombre le tiran alagos solo por ser mujer y tener un buen cuerpo,0,0,0.4092441
"@USER Usted es española, pero que payasa!!",1,0,0.41517344
@USER Valiente subnormal. Que le pida lechuga al baboso de UKIP.,1,0,0.4818786
@USER No le asesora nadie. Es independentista y listos. Como Guardiola.,0,0,0.46563742
zoom a la noticia,0,0,0.44284624
El infantil show de Greta Thunberg tras aparecer por sorpresa en la Cumbre del Clima LINK,0,0,0.41222697
"En Europa, su partido expulsa en caliente a 116 subsaharianos. Supongo que eso es bastante parecido a un 'lárgate a tu puto país, negrata de mierda' LINK",1,1,0.50077266
q chile juegue en cualquier estadio menos en el san frio de apoquindo... estadio culiao yeta por la chucha,0,0,0.4926628
"POESIA DEL APOCALIPSIS.\nEl resplandor del diablo, oye voltea que te hablo: ves una explosión nuclear ? La última guerra mundial, donde los humanos que en sus vidas presumían de mucho estudiar, terminaran refugiados como cobardes porque NO se prepararon para su final.\nCAPISCI ?🙃 LINK",0,0,0.44940668
Quien puede arreglar este penoso asunto no es la Iglesia que bastante hace con Caritas. El único que podría arreglarlo es VOX,0,0,0.43445167
"@USER @USER Los DELINCUENTES tienen muchos ""padrinos""  en el congreso, que los protegen y regalonean,

Sigan el hilo LINK",1,0,0.4756822
"pero pero pero, si en meneame me han dicho que en españa no se expulsa a los delincuentes.",0,0,0.44885314
@USER Eres gilipollas y lo sabes. Payasa,1,0,0.4532508
Estamos sufriendo.lo que otros han votado.,0,0,0.39411142
"@USER @USER Jajajajajajajaja la que te han dado, payasa!!",1,0,0.39208752
"Bolsonaro califica a Greta de “mocosa” y ella lo asume en Twitter LINK
@USER @USER #efeverdeencop25 #cop25Madrid #tiempodeactuar @USER @USER",0,0,0.37234223
"Uyyyy,se separa el asqueroso y la plagiadora subnormal.El asquito que les tengo es poco.",1,0,0.4808243
me habría hecho mas pico aun jugando a los sims LINK,0,0,0.46145126
"@USER Que le pida a Cuba su famosa Abdhala y la Soberana 2, hasta Maduro desconfía de los candidatos vacunales Cubanos, por algo será, jajajaja, parece que tan we.....no son los Venezolanos, jajaja",0,0,0.45856318
#6Dic ¿Cuál de estas palabra resume los “#19AnosDeVictoriaPerfecta” del fallecido dictador Hugo Chávez☠️ y su “revolución socialista”?  San Nicolás de Bari #SomosLoActual Plan República @USER @USER @USER @USER @USER @USER @USER,0,0,0.42338827
"Performance de LasTesis ""Un violador en tu camino"" llegó al parlamento y calles de Turquía ? ? ? LINK",0,0,0.44112462
weon parece que las canciones para bailar en julio son american woman y man i feel like a woman🔥🔥🔥 ctm no puedo con esos temazos,0,0,0.46874875
"El machismo no es agotador. Lo que es agotador es que desde todos los medios se venda al hombre como un ser violento y despreciable, y esto no es así",0,0,0.48887947
"Los comentarios de moda son tremendos.  ""Vas de rojo, has arriesgado""  ""Oye vas de blanco"" Y así.  #goyas2017",0,0,0.43818745
@USER Oye delincuente yo quiero mi  #100xCientoSinLetraChica  antes que ustedes me lo roben,0,0,0.44067472
"Aquí un vídeo adelanto de nuestro próximo libro ""La Huelga Feminista ¡Va! Historias de un proceso en curso"" que lanzaremos este jueves 💥🎉💥
Incluye afiche!
Nos encontramos vía Facebook Live de @USER y @USER 

Disponible en LINK LINK",0,1,0.5004616
"@USER La llave del gobierno estuvo en vuestras manos y no hicisteis nada, la dejasteis caer porque no tenéis ni puta idea de ha dónde vais, paso vuestro tren",0,0,0.44729367
en nombre del pueblo venezolano manuel bartual callate la puta boca ya imbecil,0,0,0.4137697
"@USER Por lo del productor que acusaron varias actrices de violacion o acoso. Una dijo que meryl sabia y no dijo nada, Meryl despues dijo que era mentira que nunca supo nada y ahora en eeuu hay pegados carteles en contra de ella",0,0,0.44962358
Estas locas feminazis van a lograr lo que nadie ha logrado jamás. Llegan aquí a quemar banderas de #Bsc #Cse y #LDU y van a lograr que las 3 barras bravas se unan en un objetivo común. LINK,1,0,0.46867335
@USER Qué Greta es gilipollas no lo discutiré.,1,0,0.43392062
@USER @USER 👆Así como existen los machitos existe también gente que saca estas conclusiones sin sentido... 🤦‍♀️,0,0,0.4408887
"por favor venid inmigrantes, venid a España a pagarnos la seguridad social, venid de todas partes del mundo, lo vamos a pasar genial",0,0,0.47283864
"@USER @USER Zurdos extremos. Cuándo ya no tienen argumentos, buscan denigrar a las personas. Si Goic va a topless, qué te importa? eso limita su libertad de opinión y de expresar sus opiniones políticas? Son unos zurdos repugnantes",0,1,0.50246125
Perra traidora!!!!! No te lo mereces!!!!!! LINK,1,0,0.38411117
"Saldrías con alguien que..?
 1 -puros cachos 
 2 - 🤮
 3 - no 
 4 - no
 5 -claro 😆
 6 -jaajaja
 7 - fachos 🤮
 8 - si
 9 - a la, xuxa no mas
 10 - noooo ajajaj
Emoji y te paso las preguntas",0,0,0.46977597
@USER Llora te lo.mereces por zorra,1,0,0.40945312
"@USER @USER @USER Así o más claro?? Entiende, la weona se pasó de penca!! Y si tú ideología es mayor a tu sentido común, te pasaste de aweonao LINK",0,0,0.43472973
Me parece mal que veáis cultura de violación por ahí y hasta os parezca gracioso que violen a mujeres. Soys escoria.,0,0,0.48460403
@USER La constitución francesa no fue escrita tras la muerte de un dictador tranquilamente en la cama.,0,0,0.36143637
"@USER Dejando de lado al ignorante completo que se creyó lo que le dijo el político hay un segmento no menor de profesionales sub 40. Los profesionales jóvenes en más de un sentido de encuentran frustrados laboralmente, al final con el cartón no de convirtieron (1/n)",1,0,0.43616274
"@USER Tus huestes sórdidas Acá está la madre del cordero... A difundir y que los ignorantes e ingenuos de este país comprendan el trasfondo de toda la mierda que estamos viviendo...

LINK",0,0,0.44230384
Y no estamos financiando esto?,0,0,0.44869608
"@USER Mierda de sociedad, si no es poco el que estos casos (Arandina y similares) te remuevan recuerdos muy desagradables, además ""de premio"" tienes que aguantar a auténticas basuras humanas.
Como hombre siento vergüenza ajena.

De corazón, un enorme abrazo.
?",0,0,0.3859406
Te juro por mi vida que no tengo ni zorra de quien es la Greta esa,0,0,0.43406802
Se acabó!! Weones malos !!!,0,0,0.38529474
Matizo; hay cosas denunciables y deben serlo.,0,0,0.46997184
"@USER @USER Claro ultra derecha... y ya partimos con la caricatura otra vez. Fachitos zurdos tratando de silenciar a los que piensan distinto, tildandolos de lo que no son. Despues viene que soy violador de DDHH y amante de Pinochet 🤣🤣. Cambien el discurso al menos ya esta muy prostituido.",0,0,0.48949596
"Las millonadas se han gastado en otras cosas. Lo que los menas cuestan es irrisorio en comparación al robo sistemático que se viene haciendo en los últimos 40 años de las arcas públicas, y ese robo lo hacen políticos españoles cuyos actos y sus consecuencias son asumidos, refrendados, tolerados y premiados por sus votantes. Durante 40 años. Y lo que queda.",0,0,0.4175511
"@USER AH NO q hija d puta sos, mejor callate",1,0,0.39932433
ME MUERO. La chica de la q os hablo y otra chica más tenemos un chat de 3 en WhatsApp​ y ELLA ha empezado a hablar de bolleras en las series,0,1,0.5015818
Pero eso no va a acabar con el machismo. Habrá que hacer algo con las mujeres machistas o con las mujeres que adoran a los machistas y exigen comportamientos machistas.,0,0,0.48547858
"Hay gente con actitudes negativas, hombres y mujeres, lo que se critica es que el feminismo sólo ve la de los hombres..es más..a veces no son delito esas actitudes..sólo que no les parecen bien y las condenan",0,1,0.50885415
@USER @USER Tal vez te suena dice la hija de la gran puta si te conoce hasta sin gafas mira callate,0,0,0.4104764
@USER @USER @USER @USER a las caretas beatas solo merecen insultos y cárcel por homofoba,1,0,0.4076778
"A las mujeres víctimas de violencia se les culpa de su propia fatalidad, no importa si es acoso, violación o... LINK",0,0,0.4182922
Maripan la concha a de tu hermana!!!! DE NUEVO HUEON! DE NUEVOOOOO,0,0,0.43622705
"@USER @USER En uno veo a todos hombres y a otro veo a mujeres y niños, como son siempre los refugiados de guerra, por algo los hombres se quedan combatiendo...",0,0,0.44958678
"@USER @USER TODOS SON 🐀 DE CORBATA, todos sin excepción, correistas, morenistas, ahora lasistas, partidos políticos de: izquierda, derecha, centro, TODOS TAREA DE CHOROS buscan un puesto para el robo nada mas, soy migrante vivi 14 años en 🇪🇸y aquí NO HA CAMBIADO NADA, PURO CORRUPCION 👉🐀",0,0,0.45787153
"@USER @USER Un mandato presidencial, DEBE considerar ser interrumpido si se dan condiciones como violación sistemática de los DDHH, por ejemplo. 
Y la acusación constitucional es el mecanismo.  No es violento,  NO es un golpe de estado. NO es un derrocamiento. 
Su argumento es falaz.",0,0,0.47502604
"👏🏻👏🏻👏🏻 Mujeres en la Corte Suprema. Cuando concurrimos el 91 a la fundación de la IAWJ , parecía un sueño . 🤩 LINK",0,0,0.45613036
Migrante y su bebé casi mueren en un río del Tapón del Darién intentando cruzar hacia Panamá\n#Nación LINK,0,0,0.34533083
"Dedicado a todas las #FEMINAZIS 
@USER @USER @USER @USER @USER @USER LINK",1,0,0.33753842
"📌 Les recordamos que mañana 9 de junio a las 18.30 hrs tendremos una nueva jornada del Club de Lectura ""Encuentros Literarios: La épica del sentimiento- Introducción a la lectura del escritor Stefan Zweig"".
Lectura de esta semana:  Veinticuatro horas en la vida de una mujer. LINK",0,0,0.4851816
El refugiado vasco Asier Guridi se reafirma en la lucha “hasta conseguir el documento de identidad” LINK,0,0,0.36854643
Viendo el TV peruana y veo varías mesas no configuradas por no presentación de vocales,0,0,0.4382013
Yo no puedo creer que las propias mujeres naturalicen una violación o acoso y lo justifiquen con que la mujer es la que “provoca”. Que mente de mierda la puta madre,0,0,0.47800308
cuando me tratan de cola fuerte feminazi: LINK,0,0,0.41739875
"@USER vaya subnormal el Quim domenech este diciendo esto.Pero esta gente en k mundo viven?!Los deben pagar o algo, sino no lo entiendo",1,0,0.45117941
"@USER @USER @USER Estos fanáticos todos los enfermos drogadictos comunistas anárquicos  de la lista del pueblo se creen que representan a la mayoria, la PLR que les daremos será monumental, con suerte saben leer",0,0,0.45855716
@USER Callate que una esta ahora en el pueblo acompañada de un pajaro y una perra,0,0,0.43010497
@USER @USER @USER @USER @USER @USER El Protocolo se aprobó en 2019 Indocumentado,0,0,0.33679605
-siempre yendo en contramano -Son todas diagonales la puta que lo parió Carla cállate Ya estaba re caliente papucho,0,0,0.49867535
"De entre todos los insultos que se dedican cada día a Greta Thunberg ""histérica, puta y majareta"" son los preferidos de los hombres españoles... Este es el país en el que vivimos 
LINK",0,0,0.44458035
@USER Desde que dejó tirado azules que no le compro niuna wea a ese ctm,0,0,0.41732347
"Es que es nuestro carapolla, si tanto te preocupan esos futuros delincuentes ayuda con tu dinero.",1,0,0.4923279
"Viste cuando decis que no te gusta un tema la primera vez que lo escuchas y después lo terminas escuchando gran parte del dia, me está pasando con Arabe de Ecko jajajaja",0,0,0.4592952
"@USER Desgraciadamente la afición ya no es lo prioritario; ahora lo son los televidentes, prioritariamente de China y donde sea...",0,0,0.43417642
Que subnormal que eres @USER  enserio JAJAJJAA #ChiringuitoBarcelona,1,0,0.4039081
@USER Uy pero que cochino el que acoso a la fea está. No se le cree nada a la imbécil está maju creo se llama. Un asco y mentirosa la mina,1,0,0.45588052
"@USER Protestar, exigir, gritar, cantar, y decir q en Colombia 🔴Estamos cansados d la corrupta y podrida política Colombiana, dl congreso y su millonario gasto🔴,nunca será malo 💪🏽👍🏽 hasta q nos escuchen. #TomaDeBogotaEs #ParoGenocida  keratina Petro basta ya  #ParoNacional9J #soscali",1,0,0.41187224
"En la noticia no dice de donde es el tigre. Si hubiese dicho ""tigre de bengala"", la habría tirado por racismo. Al no decirlo, podía ser un tigre de los de aquí de toda la vida",0,0,0.49836212
Mañana cuando esté en mi clase de feminismo y me pregunten por el texto de Laqueur le voy a contar a la profesora que entre 17 conseguimos uber y AIRBNB para una amiga que estaba en el Aeropuerto con poco dinero y sin internet.,0,0,0.4318881
"@USER Tus amigos ""políticos"" que pagamos los chilenos son ""panelistas"" de los matinales.
Más respeto por los que si trabajan por el bien de todos, NO para sus ""amigos"".",0,0,0.48786256
"@USER @USER @USER Gil, cuantos jugadores conforman un equipo de fútbol ⚽ ?

Cuando tengas la respuesta, escribes 📝

Barcelona:
W. Guerrero; J. Muñoz, (Cedillo), P. Quinteros, P. Martínez, H. Maldonado; Espinoza, L. Argudo, D. Bravo; J. Jiménez, T. Jauch y G. Jauch.

Juveniles, verdad?",0,0,0.4986472
"@USER @USER Lo de decir ""vegan"" en vez de ""vegetariana"" parece como cuando cambiaron ""subnormal"" por ""retrasado"".",0,0,0.49561232
"Recuperé mi instagram ctm, quiero llorar 😭😭😭😭😭",0,0,0.4320191
"Eso que has dicho no es delito de odio pero decirselo a unos negros si, asi es España, que es segun quien se lo diga a quien, delito de odio es el coladero para implantar una dictadura. Libertad solo para los suyos, el resto a joderse. Si las negras insultan a un blanco pues al ser mujeres y negran diran que solo fue libertad de expresion, como mucho una falta con suerte, si es un hombre blanco hetero diciendoselo a una mujer negra ya sale en las noticias y todo y se le imputa por delito de odio. Esto es un cachondeo de pais",0,0,0.46793884
"Vengo a descargarme sobre Grey's Anatomy:

Por la conchetumadre que odio a Arizona, weona insoportable.",0,0,0.42853937
@USER Que más vas a pedir de weones del 20%,0,0,0.44216496
Ojalá se recupere ctm :(,0,0,0.4040965
"#OmarPrieto, gobernador del Zulia, anunció que extranjeros indocumentados serán deportados. #extranjeros en #venezuela? El unico #extranjero que toda #venezuela queremos #deporten se llama @USER #MaduroGenocida #MaduroAcabóConVzla #maduroesmuerte",1,0,0.37443697
@USER Negro ql .. me cagó el 2 a 0 en Pollaya,0,0,0.46299952
"Che entre Greta, Tuli, Belen y Lula no se con cual me quedo dios que cositas del bien la puta madre ?",0,0,0.4756278
Sigue la pura #CORRUPCIÓN en la @USER @USER checalooooo @USER y no soy #adversario ni #prensafifi ni #conservadora ni #Feminazi sólo soy #veracruzana #BuenasTardes #BuenMartes a todas y todos LINK,1,0,0.41625434
"pues claro que hay que legislar con más dureza, pero resulta que llevamos 40 años de pp y PSOE y no se hace. Y la gente estamos hasta los huevos",0,0,0.48797503
"@USER @USER @USER Jajajaja me encanta cuando se juntan colectivos, siempre acaba saliendo lo mejor de cada uno!! Lgtb y diversidad etnica…indepes v diversidad étnica…el otro día un moro me llamó calvo!😂😂😂😂😂😂😂😂",1,0,0.4690007
"@USER Error del linotipista. Era: ""Ciudadanos, ¡frena! ¡La mayoría es del bloque independentista!""",0,1,0.538785
En 8vo me desperté para ir al colegio y cuando baje a la cocina me encuentro con 4 dedos de old parr que dejo mi papa y los fui envasando en un termo y me lo lleve?? a las 11 am ya estaba en temple y a las 4 pm tenía partido. Me tire cule partido ese día⚽️ y cule regaño obvio LINK,0,0,0.44351777
"A vos, que te burlas de las marchas y movimientos feministas,
A vos, qué pretendes llamar la atención y hacerte sentir grande llamándome feminazi,
A vos, que te conté lo que me pasó cuánto tenía 4 años,
A vos, que nunca me diste una palabra de apoyo con respecto a ese tema
+",0,0,0.48500752
"@USER @USER No entendiste, nadie esta pauteando nada, se les está pidiendo a la gente que respete lo establecido. No seamos tan rascas",0,0,0.47751573
Espero ansioso que empiece a pagarme la pension,0,0,0.44049573
@USER @USER no es una zorra tu eres un maldito mocoso y un puto,0,0,0.39974654
"@USER Nena deja las mantecadas,se nota que el azúcar no te cae muy bien.
Ni eres nadie ,solo eres una loca payasa,a la que solo se la recordara por haber pactado con la extrema derecha.
La misma que tu padre defendió y a la cual perteneció .",1,0,0.42703512
"Pues, para ser ""sin ánimo de lucro"" yo veo cierto lucro en el asunto ¿Qué nos apostamos a que la asociación ganadora tiene de presidente a algún familiar o amiguete del gobierno de Aragón?",0,0,0.45680034
"@USER @USER @USER Políticos con delantales, disfrazados de médicos comunistas, que no les importa llevar la economía de chile a la pérdida total con tal de eharle la culpa al gobierno #ChileSinComunismo",0,0,0.46194455
Ay las feminazis si fuera al revés... LINK,1,0,0.44423452
@USER Ctm vamos con todooo!,0,0,0.4529877
"Histérica, puta y majareta: los insultos que los hombres españoles dedican a Greta Thunberg 
Revelador
LINK vía @USER",0,0,0.39075288
"Pero no...están exagerando,  feminazis, odian a los hombres, exageran.

116 vidas que faltan este año. Tengo una mezcla de rabia y tristeza LINK",0,0,0.46842614
Difundir audios de una menor violada es una segunda violación. ¿A qué espera la fiscalía? #Arandina,0,0,0.43448463
Algunos os olvidáis de que España es país de emigrantes: URL,0,0,0.46846434
Te imaginas creerte super revolucionario por ser independentista y luego votar a la derecha XD,0,0,0.4642998
@USER @USER @USER Así es!\n\n\nChamo dejate de robarte la plata @USER,0,0,0.37557864
"@USER @USER Que pena, ojalá encuentren a todos y se pudran los delincuentes asesinos.",0,0,0.47551864
"@USER @USER El doc que me atendió me dijo q no era posible una influenza porq estoy vacunada. Pero si pude dar un falso negativo, por eso ire a otro lugar por el pcr, o tomaré las recomendaciones que dieron los twitts anteriores.",0,0,0.41828626
Ajajajjajaajjajajaajajajjaaja Sssiiuu,0,0,0.3895388
"Alguien dijo;
""Vivir sin leer es peligroso, obliga a conformarse con la vida"". Un perro no sabe leer, pero nos da lecciones de vida. Capaz de dar una amistad verdadera y entregar su cariño incondicional sin pedir nada a cambio. Cuánto me enseñó mi perra Greta #MieGenteChachi12Feb LINK",0,0,0.3920886
"@USER @USER eres tan tonto que no sabes que un fijo discontinuo no consta como parado desde hace 40 años. no, no se ha cambiado la manera de medir, indocumentado",0,0,0.43031698
No jueguen nunca más en el estadio de la @USER ese estadio es Yeta  @USER #ChilevsBolivia,0,0,0.42098984
"El por culo q están dando con la @USER ( una puta cria q va dando lecciones de moral y es la primera q no hace nada ) , las palabras vuelan y se las lleva el viento . Ns como hay subnormales q se creen las cosas de esta payasa",1,0,0.48151517
@USER @USER ya callate te voy a bloquear hijo de puta,0,0,0.41718045
"Cuando se disuelve el principio de autoridad, no hay estado de derecho que pueda sobrevivir. Y si, además, seguimos al pie de la letra el mandato de poner la otra mejilla, poco más se puede hacer. El ""hambre"" no debería de ser una justificación para estrangular a nadie.",0,0,0.45917824
Que gran sable tiene entre las patas el mamón LINK,0,0,0.44712675
"@USER Joder no me sale esto va a su puta bola. Gracias por enseñarmelo, veo tus RT pero para ver tus saludos me meto en tu perfil 😍😍😍😘😘😘",0,0,0.44954824
@USER Si tu eres puta que seré yo alm,1,0,0.4160391
Odio a los nenes que gritan como chanchos para que les den bola. CALLATE LA PUTA QUE TE RE PARIO,0,1,0.5043732
Mis amigos son los mejores me están ayudando muchísimo con la putada que me han hecho del puro latino los quiero un montón,0,0,0.44215772
"@USER @USER Jajaja, cosa de ver la comuna de recoleta nomás,  ahí está el sentir, un basural,  mientras el en su casa en la reina…  típico comunistas hablan del pueblo y viven como burgueses 🤮",1,0,0.47675782
@USER Se merecía 3 oscars solo por esa escena. La hada madrina es ESA ZORRA,1,0,0.4136477
"@USER @USER @USER @USER @USER Es que me hace gracia que para denigrar a Murcia se diga que ""es África"", cuando aquí ningún africano no ha hecho nada malo... En fin.",0,0,0.4013381
Racista español starter pack: Los negros nos quitan el trabajo y se cargan la economía. Also: Prefiero contratar a 12 negros sin papeles para recoger limones porque les puedo pagar una mierda y explotarlos tranquilamente.,1,0,0.48929536
"Es un problema del macrismo y de la ultraderecha , viven estigmatizando a los mas humildes LINK",0,0,0.44365913
"Oferta Vacante Delegado Internacional - Delegado de Desarrollo Comunitario en Mali. Para participar en el proceso de selección, entra en el portal de trabajo de Cruz Roja desde LINK - trabaja con nosotros, da de alta tu CV e inscríbete en la oferta LINK",0,1,0.5136407
"Que mala clase, mujer más penca y conch3sumadr3.

En definitiva ella es la del problema al deducir tamaña barbaridad, sacarse una foto “cochinona” no tiene nada de malo, eso no es incitar a ninguna cosa.
Vieja qlia enferma.

LINK LINK",0,0,0.45137465
@USER Que mamon es xD,0,0,0.39107984
Que compren un pueblo abandonado del pirineo y si lo amurallan pongo hasta dinero.,0,0,0.4141149
"Que por enseñar el canalillo me llamen puta, enserio no saben lo que tienen en casa",1,0,0.47898328
@USER @USER El unico bobo ignorante es usted. INFORMESE!,0,0,0.43627325
Se espera 540.000 estudiantes refugiados y refugiadas de Palestina y aprox. 20.000 miembros del personal educativo en más de 700 escuelas se beneficien de la estrategia #TIC para la educación que se ha puesto en marcha en la Agencia👇 LINK,0,0,0.4829369
"Federico Bikoro y su representante, Eduardo Llanos, recibieron una llamada ayer de Paco Peña a eso de las 13:00 horas para que el guineano continúe en el @USER. LINK",0,0,0.41948518
@USER Mishhhh el burgués del vocalista de los hediondos de Illapu en las Condes votando.,0,0,0.40577152
Me acaban de querer sacar plata en NY diciendome que era el día nacional del homeless. Me vieron cara de sudaca y de pelotuda,1,0,0.49847236
@USER @USER Y la cara de enfermo y aweonao que tenis saco wea ctm🤣🤣🤣,0,0,0.42555133
"como veis en lo que se refiere al gravisimo problema que asola a vuestro pais Sanchez, Casado, Rivera, Iglesias obedecen ciegamente a Soros. Refugiados te voy a dar!",0,0,0.42917097
(le pillé tirria a esa porque la asocio a cierto subnormal de los cojones y jaja no),0,0,0.46066248
@USER @USER De todo esto y leyendo las respuestas solo puedo decir que:\n1.  Que madurez y que mensaje tan correcto y sin papel.\n2. Que buena es la aficion del Sevilla y lo querido que eres en ella.\n3. Nos vamos a divertir mucho contigo en el campo en el  Camp Nou.\n\n\nBienvenido al @USER,0,0,0.40390366
Esto es lo que importas cuando los rescatas en lugar de hundirlos.,1,0,0.42614478
"@USER @USER @USER Si esto es así, yo también soy facha, como Albiol y como Arrimadas. LINK",0,0,0.4325525
"está claro, medidas preventivas las que quieras. Pero dime que con el uso de tecnologías poner a 12 o 20 personas de acuerdo desde el extranjero tampoco es posible? Prefiero monitorizar una mezquita que una conexión cifrada",0,0,0.49421272
Es lo que tiene el efecto llamada de vivir de ayudas y demas.,0,0,0.44445196
"@USER Es normal que no te guste, lo contrario sería preocupante 😬 ¿qué hay de Jadue que rechaza del PS a la DC y pretende ser presidente de todos los Chilenos?",0,0,0.4879975
Una asociación de vecinos de Talavera ofrece a Greta Thunberg un burro para llegar a Madrid LINK #Cop25Madrid2019,0,0,0.41902325
"Como mujer he luchado toda la vida por abrirme el espacio para poderme desarrollar como persona, asunto que estamos muy en pañales en Chile aún. La cultura esta organizada para que la mujer sea secundaria, no igual.  tu generación mas vale que no cometa los mismos......",0,0,0.3948356
@USER @USER @USER @USER @USER La pregunta es ¿Por qué os fastidia tanto que se difundan los audios? ¿No será porque desmonta todo vuestro chiringuito feminazi de creer a la mujer porque sí aunque mienta y condenar a inocentes?,1,0,0.4879406
"Eso sí, lo de la afición del Barça es droga dura infumable... Vergüencita y tal.",0,0,0.4627974
@USER @USER Suma y sigue... No esperes nada bueno del facha diario.,0,0,0.44935653
"@USER Tengo varios amigxs extranjerxs q siempre defiendo (ecuatorianos, peruanos, bolivianos).
Pero esta gran mayoría de vnezolanos q llegaron, son tan prepotentes (casi todos) y hasta se discriminan entre ellos.
Mis vcinos fachos-venez hasta cigarros prendidos me tiraron en el balcón.",0,0,0.43437687
"en el país se producen X bienes y se consumen Y bienes. Si solo consume, no aporta. Y además alguien tiene que producir lo que él consume.",0,0,0.48917863
He pensado eso o alguien muy pasado de copas.,0,0,0.44873536
"Y a todo eso, hay quienes quieren que se suprima la X de la declaración de hacienda. Y que no se de religión en los colegios. Y no miro quién..",0,0,0.4473047
"@USER @USER @USER Oye estas cagando fuera del tiesto y te estas cagando encima.
Hay mujeres atrapadas en el cuerpo de un hombre.
Como tanta transfobia de tu parte. Que vergüenza!!",0,0,0.41704363
Hernando asegura que el PSOE apoyará al Gobierno frente al desafío independentista si actúa… LINK,0,0,0.36872348
Menos mal que está en el programa Jose Manuel García Margallo  porque a los otros “ contertulios “ no hay por dónde cogerlos🤦🏼‍♀️ q panda de indocumentados 🤪#TodoEsMentira27J,0,0,0.48284686
Me encanta  registrar la gente en mi teléfono con frases como aweonao del... la weona de cobr...el sacow....y así....🤣😅😂,0,0,0.4554196
"Curso de Telar Mapuche en #LaReina 
El tejido a telar es un patrimonio intangible de nuestro país. La profesora Sara Cartes nos enseñará las técnicas básicas de este trabajo ancestral. 
Clases disponibles en nuestro canal de Youtube: LINK
@USER",0,0,0.47856745
@USER @USER Eres patética,1,0,0.43385527
@USER @USER @USER @USER No hay nada que me reviente más que una sudaca diciendo que Cataluña no es España. Y para colmo seguro que recibe ayudas del Estado. No me extraña que no los quieran en EE.UU. Después de quejan del racismo. Es increíble..,1,0,0.47117472
@USER @USER  Vaya espectáculo estais dando. Sois la casta rancia de un comunismo caduco. Una izquierda casposa y no fiable.,1,0,0.49033174
@USER Era un negrito... ese es delincuente solo por el color de su piel..,1,0,0.45448098
"@USER @USER @USER @USER Exacto!! Bienvenida la nueva política joven, audaz y con nuevas propuestas!...aunque no hay ideas, ni respuestas, ni propuestas y evaden toda clase de preguntas. Ah, y adora a Naya Fácil, un ejemplo de mujer empoderada, y feminista. No entiendo como llegamos a esto...",0,0,0.4685956
@USER Que ganas de pegarte una piña ojala me quedaran como vos. Imbecil,0,0,0.44968504
Esto es el auténtico cáncer de la sociedad española. Esto y no la llegada de inmigrantes en pateras. Décadas en manos de mafiosos y corruptos mangoneando favores y dinero público. Lo normal en una #MonarquíaBananera LINK,0,0,0.44513535
"@USER @USER Si son delincuentes, están bien expulsados, o no?",0,0,0.45980987
"@USER Lástima que no haya sido una embolia cerebral, que es lo que te mereces, hijo de la grandísima puta!",0,0,0.39972872
"Sr Azpitarte es usted un demagogo y sobretodo un ignorante, venga usted si tiene valor y pongase en la grada mañana...acepte el reto LINK",1,0,0.46127757
@USER @USER Cállate Pendejo. Pinche zángano vividor del pueblo. Nos jodes con su puta #LeyDeSeguirdadInterior y todavía vienes y nos regañas. No eres más que un hijo de reputisima madre,0,0,0.42079523
"@USER Lástima que el @USER ama al @USER, estos incluyeron a los comunistas en la Nueva Mayoría, ahora se van a unir todos en contra de la derecha.",0,0,0.47315177
Otro aweonao con la misma analogía weona... Ya van como 10 LINK,0,0,0.46852934
"Caracas is here: Carlos y @USER tienen la firme convicción de que en una vida pasada fui latina, y me están haciendo un curso acelerado antes de que vuele de nuevo el charco.\nLección 1: arepitas, papelón bien frío con mucho limón, y bailar Adolecent’s Orquesta ✨ LINK",0,0,0.46022806
"📢 Hoy se llevó a cabo la 4ª. reunión plenaria del Grupo de Trabajo para Refugiados y Migrantes (#GTRM) Perú, que se realiza de manera híbrida por primera vez en el año.\nEn este espacio, se presentan las próximas iniciativas para el trabajo de coordinación de los socios. LINK",0,0,0.4369164
"@USER @USER En su desafiliación dice; ""que se va con profunda tristeza"".\nCristina Reyes, se va porque en los sondeos de opinión no figura ni como cantante de grupo, se unió a Cinthya Viteri que no es afiliada al PSC hace 10 años y goza de estatus de refugiada en ""Madera de Guerrero""",0,0,0.42330736
"¿Será mongolo de nacimiento, o solamente estará interpretando un papel? LINK",1,0,0.42390487
"privilegio allo = privilegio de follar con gente de tu mismo genero ,, aunq te puedan matar y encarcelar por ello jeje",0,0,0.41810113
#yaesmediodia32 los comunistas cuantos asesinatos cometieron con Franco no te violaban por la calle no tenías moros con navajas atracando no te ibas a trabajar y te okupaban tu piso manteros drogas y asesinos y rumanos sudacas con 150 detenciones,1,0,0.42621607
"""Según las comunidades afrodescendientes, indígenas y campesinas, hay dos visiones de desarrollo: la del desarrollo para el buen vivir...y la visión de las grandes empresas... de la acumulación."" @USER👉LINK #tierra #Feminismos #ecofeminismo LINK",0,0,0.4092918
"@USER Ones, más tonta, q lo que llevas entremedio, que cojones pides, si tienes 10 D, deja de chupar del bote, deja la política, o mejor, vete a Génova 13,estran encantado de ser asesora de cayetana, vas a hundir todavía más a cs, al país no te necesita, as demostrado q eres patetica",1,0,0.43270373
"@USER Malditos bastardos, bastardas y bastardes....jajajajajaja 🤣",0,0,0.4045519
@USER @USER Eres gay puli? Jajaja,0,0,0.4104649
Resultados B-U12 Grupo B  UD Loreto 1-5 Atlético Dos Hermanas  CD Diablos Rojos 8-0 FC La Garita  #SurCup2017,0,0,0.4766988
@USER Soy la puta ama y lo demás son tonterías,0,0,0.42293084
Activos alternativos ganan terreno entre los inversionistas chilenos LINK,0,0,0.43419674
@USER @USER @USER precisamente en mi tesis abogado puse que los terroristas árabes no temen Pena muerte pues piensan que van cielo con vírgenes y explotan aviones como paso 911 Torres Gemelas y yo lo predije Mayo 1986 Tesis Abogado contra Pena Capital no sirve,0,0,0.4239564
"@USER Si viejo ctm!!! Y pa la mierda del estallido delictual te importaron un pico las pymes q hicieron cagar. Viejo qlio, ctm, ladron, vago, hdp!!!, cuantos pymes cagaron x culpa de tus amigos delincuentes? Y cuanto te importo ctm!!!",0,0,0.41882285
@USER @USER @USER segyto que los pobladores organizados eran politicalente zurdos y solo les interesaba dar la contra a Orrego oor ser dc,0,0,0.37312198
Puta que le gusta provocar al CSM de KKKast,0,0,0.44238967
@USER @USER No confundir Perez- Cotapos con Paresco-poto,0,0,0.3896613
"Creo que con la experiencia que estamos teniendo es hora de revisar la ley del menor. Ya no es robar, violan y si no consiguen su objetivo matan",1,0,0.4783595
"@USER El acoso en la mujer es tan solo cuando el hombre no le gusta, si el hombre le gustara, no fuera acoso!!!",1,0,0.42658967
En un universo alterno @USER es chairo y @USER no se volvió puñal.,1,0,0.3720968
@USER Cállate perra trolls forevaa,1,0,0.4026193
"El Intendente @USER participó de un convenio de colaboración entre el @USER, @USER y @USER con el objetivo de insertar a más mujeres en el ámbito de la construcción. Esta alianza promueve su contratación en obras urbanas del @USER. 🙌👷🏻‍♀️ LINK",0,0,0.41767573
Esta chica denuncia una violación invisibilizada y lo que os preocupa es que diga que el agresor tenía polla. Sois imbéciles. LINK,0,0,0.4462654
@USER @USER Y yo no hable de comer weones jajajajajajaja,0,0,0.4423769
"La #sanidaduniversal en #España consiste en que a tus hijos les tienes que comprar las vacunas tú, xo a los inmigrantes ilegales se las ponemos gratis 👍👍👍👍",1,0,0.46469074
@USER De todos modos Cs es también un partido oscuro y menos catalanistas k el pp. Hasta más fachas,1,0,0.46797705
"Fiscal Víctor Oyarzun califica como un triunfo la prisión de 11 vecinos que golpearon un delincuente hasta causarle la muerte. No cree usted señor fiscal que las 27 veces anteriores que el delincuente fue detenido, si hubiera hecho su pega. Estos vecinos estarían con sus familias",0,0,0.4236956
"@USER Tania algunos de nuestros lectores, posiblemente, se molestaràn pero en honor a la verdad; nosotros también fuimos explotadores de migrantes, nos aprovechamos de ellos y los vilipendiamos hasta el cansancio. No podemos escandalizarnos ahora..!!",0,0,0.3746321
Jajaja qué onda los haitianos,0,0,0.40598
"@USER @USER Si verdaderamente la derecha hubiese apoyado los proyectos de izquierda habrían conseguido más cupos en la constituyente, alcaldías, gobernación y consejales. Viven en un universo paralelo, si ya nadie los quiere es porque votan y actúan como fachos ✌🏼",0,0,0.47662964
Estoy en el subte y justo se subió uno de esos que cantan y lo tengo al lado CALLATE LA PUTA MADRE NO VES QUE NO PUEDO ESCUCHAR BIEN CONSEQUENCES ahre se enojaba,0,0,0.45341164
@USER Eres una hija de la gran puta.,1,0,0.41250548
"@USER O sea, que como personas INTELIGENTES debemos dejar que vengan 4 estupidas sin personalidad a dañar un espacio para que sean ""escuchadas""? No mijock! de verdad que asco la gente como tu y como las feminazis! si levante arena bueno... no me interesa! razona.",1,0,0.48018736
"@USER Mentira, hay muchos que lo hacen por un verano a poto pelao jajaja",0,0,0.4106534
Tengo una duda: Las mujeres arabes: ¿que deben taparse con el velo?. LINK,0,0,0.46619585
@USER Sobran weones de caca. Faltara una persona en su mesa,0,0,0.42088968
"El Gobierno expulsa a los 116 inmigrantes que asaltaron ayer la valla de Ceuta, y otras 5 noticias que debes saber hoy LINK LINK",0,0,0.42882016
Para ser político hay que ser mentiroso. Yo no podría porque se me nota demasiado cuando miento.,0,0,0.46281132
@USER @USER @USER Y firmo las ultimas sentencias de muerte del franquismo,0,0,0.3355951
Que maricas se ven los Corazones en cada #Tweet !,1,0,0.49389586
"Pablo de Lora, el profesor boicoteado por grupos feministas: ""Lo peor son los tibios"" LINK",0,0,0.38367075
"@USER Cuando hice patrullaje en el puerto de antofagasta conocí camioneros argentinos, eran de por ahí cerca a la 2da región,  claramente Macri o Fernández nunca los han visto, morenos ojos rasgados estatura promedio",0,0,0.4479628
"Exasperantes los bolivianos, ese Lampe me tiene enfermo. Y por favor, den de estar mostrando a Vidal cada 2 minutos, la canchita es lo que importa #larojaxtntsports",0,0,0.42375627
"Violación no es (solo) lo que pensabas: la sociedad no quiere comprender que muchas violaciones son cometidas por hombres conocidos y en escenarios donde quizá parte de la interacción fue consensuada
 LINK LINK",0,0,0.43855625
"En mi estadía por Madrid me cruce muchas cosas locas, pero nada fue más loco que el senegales de Uber que manejaba como Toretto con 20 café encima, 30 latas de speed y 9 líneas de cocaína.\nPrimera vez que temo por mi vida arriba de un auto.\nNo recomendable.",1,0,0.43829462
"Por primera vez ENTIENDO el ODIO de Trump a los Mexicanos. 😥 Ayer o antier, 7 mexicanos intentaron robar dentro de un centro comercial, una joyería. Los atraparon.....  Los 7 son : Mexicanos, indocumentados y RATEROS ... 😡😡😡😡 Pagamos “justos por pecadores” Me siento ENOJADA",1,0,0.45287895
"Que tanto webean con que Oliva cago su candidatura por la Naya Facil si vo’ fuiste el weon que no se levanto en la mañana a votar? Es peor que te apoye la doctora cordero, Kast, Alessandri y otros nefastos mas. Dejense de webear.",0,0,0.45341986
"Si fuera ""el muerto"", íbamos bien.. Pero es ""el vivo"", y come, calza y viste. De todas las maneras, hay un ""chaletón solidario"" en Galapagar, que caben un montón de refugiados de esos. Al dueño no le importará, ya que quiere que entren libremente todos los que vengan. Salvo que sean españoles.. a esos no los soporta.",1,0,0.47161373
Debería estar durmiendo maricaaaaaa tengo sueño,0,0,0.42959523
En URDA Spain estamos impartiendo clases de español a personas refugiadas ucranianas. El programa es posible gracias a @USER y a su iniciativa #SantanderAyuda. ¿Quieres conocer más sobre el perfil de las personas refugiadas ucranianas que se encuentran en España? LINK,0,0,0.4981253
@USER @USER Tanto q defiende a su puta de naya.  Q me importa su hija. Y de donde sacaste q me gusta la iglesia aweonao,1,0,0.4395646
@USER Chama cada vez q veo tus delineados 😍,0,0,0.38572627
"Son héroes que no agachan la cabeza. La justifica española ofrece impunidad para robar y violar a los menas. Algo habrá que hacer, ¿no?",1,0,0.42685348
"@USER @USER ¿Eres el autor d esta tremenda fotografía?, felicitaciones,una imagen que habla más que mil palabras. Pinochet un ser impertérrito frente al mal, ,frío, insensible, oscuro, violento, autoritario, abusivo. Un innoble, nada honroso hay en él. La fotografía lo expresa magistralmente",0,0,0.44494858
"@USER @USER Orrego no es el candidato de los Pinochetistas. Que los fachos voten por ellos es cosa de ellos, pero no los hace su candidato.",0,0,0.45797774
"@USER Seguro que esta delincuente, quedará impune... o con arresto domiciliario nocturno. La justicia siempre tan severa con esta gente. 🙄",0,0,0.44150424
MIRI IMPISIBLI. PONGAN LAS LUCAS CAGAOS CULIAOS.,0,0,0.44533336
"Alonso de Mendoza, tuitero ultraderechista y candidato de Vox al Congreso por Madrid a la víctima del 'caso Arandina': ""Es una fulana y una arpía"" LINK",0,0,0.3865849
"@USER @USER Aun espero el milagro me ofrecieron 3 servicios 2 de portabilidad y una banda ancha, este último jamas llegó y me la tomaron con otra linea mas encima eran de 60 gb y resulta que son de 50 gb la conexión es espantosamente mala!, No se como ofrecen servicios tan nefastos @USER",0,0,0.4996694
@USER no sea joto capi,1,0,0.36880547
"Este espacio se declara libre de fobias y odios. No acepto fascistas, machistas, racistas, clasistas,  xenófobos,... LINK",0,0,0.43738014
Detenido un guineano por violar a una turista en una habitación de un hotel en #Madrid\nSeguro que esta noticia no la has visto en televisión. #ULTIMAHORA #EXCLUSIVA\nLINK,1,0,0.42460123
"creo que pertenezco a ese 0,1% árabe que es puntual",0,0,0.42993587
Argelia desbloquea las operaciones bancarias con España LINK a través de @USER,0,0,0.39979547
"Después de pasar por la Alameda que está pal pico y con el proyecto de Nueva Alameda Providencia absurdamente detenido por este Gobierno, reafirmo mi voto por Claudio Orrego. LINK",0,0,0.47720224
@USER Atacar a un homófoba con machismo es echar mierda sobre la mierda y al final solo acabamos teniendo una mierda enorme.,0,1,0.5004778
"@USER Que propongan un candidato.
Imagina un mapuche como gobernador,  acaso no habría sido lindo",0,0,0.479897
Cuando voy a un traslado llevo la gabacha arrugada y la pijama cloreada y rota de un lado...,0,0,0.48813272
"""Greta Gerwig reconstruye la novela mezclando recuerdos con el presente de uja forma tan loca como sorprendente dando a la película un frescor inusual en este tipo de historias""
.
Crítica por @USER 
.
#Mujercitas 25 de diciembre en cines
LINK",0,0,0.36697257
"“No generalicen,” piden, mientras generalizan bajo el término peyorativo “feminazi”.

No todas las luchas se dan como tanto repudio les causa. Muchas llevamos AÑOS tratando de concienciar a las buenas y no ha hecho mella.",0,0,0.44360548
o sale algún iluminado sacando el tema de las mujeres para desviar los tiros..,0,0,0.4589536
@USER Romper Castilla y León... Jajajajaja no tienes ni puta idea de lo que hablas.,0,0,0.4232669
Al menos 27 subsaharianos muertos en el asalto a #Melilla. El Gob español debe elegir entre #inmigración irregular o encargar la protección de sus fronteras a  un Estado no democrático como #Marruecos que emplea métodos brutales. Esta ha sido su opción! LINK,0,0,0.4155055
@USER @USER Y por el Sáhara nos hemos quedado sin gas argelino. El karma y saber hacer...,0,0,0.42635918
"@USER @USER Pues uds harían bien en no enviar a nadie más a inmolarse donde los desubicaos de @USER  y su feminazi PDR que ya advirtió, creo que ha comprado acciones de ese medio mermelero, o es que el dueño le da carta blanca para decidir que uds no van más.",1,0,0.46690863
@USER Pues ya que tienes seguidores de tan alto standing le podrías hacer una pequeña mención a ver que pasa con el Refugiado Político Vasco Asier Guridi Zaloña🧐\nLINK,0,0,0.45738426
@USER No te da vergüenza Ser tan sinvergüenza y tan hija de la gran puta,1,0,0.4360895
¿Esto podría explicar el brutismo caribeño y el subsahariano? ¿Habrá correlación?  Extreme heat linked with reduced cognitive performance among young adults in non-air-conditioned buildings: LINK,1,0,0.49705422
"Increíble como entrevistan personas en todos los canales y son puros Venezolanos 🤣
#CHVNoticias #Elecciones2021CL",0,0,0.4354561
"Yo prefiero que haya algún ""juzgado urgente"" que se encargue de estas cosas por la vía rápida a que servicios sociales te puedan quitar un niño sin mediación de juez, que luego requiera esa misma mediación para recuperarlo. Me parece excesivo, no sabía que este tema estaba así. Para este tema en cuestión es una ventaja, pero igualmente me parece una ""facultad"" aberrante.",0,1,0.52618444
"Aquí no tengo compis y no creo que nadie comparta mi orientación (sea lo que sea eso). Se trata de no insultarte. Pero oye, que si quieres y te pone, dame tu número y te digo lo que pienso de seres como tú.",0,0,0.41608256
"Alguna abogada o doctora que me pueda pasar info aunque sea por DM, de las votaciones que el senado hace en estos días sobre “Neuroderechos de los chilenos”, muchas gracias",0,0,0.47387758
"@USER El negocio más rentable de @USER  verdaderos traficantes de personas. Se expulsan, delincuentes, narcos, sicarios e ilegales, qué pretenden estos Jesuitas ??",1,0,0.44162646
@USER Odiaba los indios como tu.... LINK,0,0,0.386808
Pinche estupido marica wey quítate del aparato alv 😑,1,0,0.44452885
Todavía me sorprendo lo acomplejados que somos los españoles. En Reino Unido se dice perfectamente en la prensa más izquierdista tipo BBC o The Guardian que hay que expulsar a los inmigrantes ilegales. Incluso entra en el debate político si necesitan inmigrantes legales para profesiones no esenciales. Ayudar a inmigrantes ilegales a venir a España con una tasa de paro de más del 20% es un suicidio como país. Por eso emigré. A mi no me veréis el pelo si seguís viviendo en los mundos de Yupi.,0,0,0.49086726
Y en qué momento el @USER quitará el Premio Nacional al violador Pablo Neruda?? LINK,0,0,0.45556125
hasta la polla que pongáis en las noticias PRESUNTA violacion os tiraba una piedra,0,0,0.43371165
"Cito textual a #Jadue:”aquí lo más relevante es q el proceso llegue a buen término, y eso implica q debemos tener la disposición a conversar todo aquello q ponga en peligro la constitucional”.¿Qué tiene esto de autoritario o d querer pautear,es al revés?🤷🏻‍♀️ LINK",0,0,0.4363564
La concha de tu madre weon LINK,0,0,0.4189741
los peperos nos llaman fascistas los fascistas nos llaman catalanistas los catalanistas nos llaman blaveros los blaveros nos llaman de to...,0,0,0.40283543
"Anoche mientras dormía / Soñé, bendita ilusión, / Que el censor no me borraba / Opinión tras opinión",0,0,0.44221124
@USER @USER CÁLLATE LA PUTA BOCA,0,0,0.39698365
"@USER @USER En que país vives? La historia del ejército chileno  tiene más muertes de chilenos en sus manos que de extranjeros.  

Aprende un poco de historia.",0,0,0.42430845
"Delincuentes que quebraron pymes ahora reciben plata de sus mismos dueños quebrados y de todos los chilenos, increíble! LINK",0,1,0.50310814
"""Si mi abuelo aún siguiera vivo, su mejor comentario para mí sería """"Pinche Güera""""""",1,0,0.38600037
También te lo agradezco un delincuente no rs una falta ignorancia la tuya #CavadaCHVCNN,0,0,0.39611372
"Si hay muchos fachas en vuestra ciudad, veníos a Coruña, que hay cuatro y sólo uno se lo toma en serio LINK",0,0,0.44534826
@USER Colgarla a ese cobarde de pegarle a un adulto qué pasó en nuestro país vivimos rodeados de zánganos maleantes asesinos drogadictos y destructivos de Octubre del 2019 mí país se vovió inhóspito que pena me da veo un futuro tan negro solamente é Sagrado Corazón de Jesús nos ayudará,0,0,0.44494954
Guía práctica para la asistencia jurídica en llegadas marítimas de migrantes\nLINK @USER,0,0,0.37852904
"Armar Ucis donde no existían, mantenerlas a puro aguante, mandarse 3 turnos de 24 por semana más el horario normal… poco ético po culiao, enano qlo nunca hai surfeao #Paris LINK",0,0,0.38956332
Lo de Maduro salió mal. Lástima. Era un drone sudaca. Un drone-bomba americano no fallaba.   🤗,1,0,0.39465892
"@USER Yo diría que hasta sería bueno que Jadue ganara, para que la realidad le demostrara a tantos ignorantes la verdadera cara de la extrema izquierda; pero luego me acuerdo del relato victimista que se ha construido en torno a Allende y me doy cuenta de que es inútil.",1,0,0.45948648
La nueva ley de extranjería impulsa la migración regular al facilitar la entrada de emprendedores y favorecer la contratación en origen\n\n\nLINK,0,0,0.43932372
"ni siquiera pedir la dimisión del fascista de 
V?x por lo dicho  respecto a la niña de 15 años vuolada por los ex de la Arandina.
Sería un detalle denunciar y pedir la dimisión del miserable en cuestión , ¿no es así, Pablete?",0,1,0.5008241
"""Los """"socialistas"""" de mi familia: """"putos moros""""""",1,0,0.39848253
@USER @USER Entiende el tuit volao aweonao.,0,0,0.39117932
La dictadura fascista sigue al pie de la letra el guión... LINK,0,0,0.41786095
@USER Cerrar el congreso...ahí está la raíz de todos los males..redundar el Poder Judicial y los narcos y delincuentes quedan sin apoyo...,0,0,0.45033553
"Ganó Chile Pepe. Ya basta de esta gente loca aparecida con brios comunistas. La DC no es ganadora, somos los chilenos los que salvamos la locura comunista LINK",0,1,0.51254195
"Las autoridades argelinas reculan, hablan de ""malentendido"" y anulan la orden de suspender el turismo con España\nLINK",0,0,0.38123643
"Vidal y la concha de la lora, ojalá que la minoca valió la pena.
Deberías estar en cuarentena y andas weando en el estadio.",0,0,0.46452713
"@USER Definitivamente ni de Futbol sabe , sabra de algo mas que vender humo a la tropa de ignorantes que la valida ?",0,0,0.42110214
"Una reportera de Telecinco boicoteada en directo por una familia independentista catalana: ""¿Dónde queda el respeto?"" LINK LINK",0,0,0.43371266
@USER y a mi no me gustaría que jugaran en este club jugadores machistas o racistas aunque ello lo consideres hacer política,0,0,0.43280467
"Sale casi a 2500€/mes cada mena. A disfrutar lo votado. En todos los casos la edificación «se corresponderá con la de una vivienda unifamiliar aislada, pareada o adosada», dotada de sistemas de climatización y aire acondicionado «que garanticen el confort térmico de los menores y del personal». Entre otras condiciones, se establece también que el mobiliario de esos chalés «se guiará por criterios de confort, calidez, comodidad, durabilidad y seguridad».",0,1,0.5105609
"Sí, para que lo suelten a la media hora. Alguien que hace eso sólo aprende de una manera.",0,0,0.44908106
"@USER Es mejor claudioorrego que una turba de comunistas y delincuentes sin preparación, peligroso que gobiernen este tipo de gente, monos con navaja.",1,0,0.4618345
"@USER Estos zurdos culpando para variar a la derecha de su derrota, el problema no son los que fueron a votar, el drama son los que quedaron en la casa, y que su candidata no fue capaz de cautivar, y eso que son de las comunas del ""pueblo""",0,0,0.42767018
Puigdemont lidera una mayoría absoluta independentista con Ciudadanos como primera fuerza - LINK,0,0,0.41524374
Mira cuando una vive en la concha del mundo tiene hay que saber hacerse los tiempos exactos,0,0,0.429049
"Oye #güero q se siente haber contribuido al desmadre q se nos avecina en el Pais? NUNCA me caíste bien, hoy menos’ #escuanto LINK",1,0,0.4257739
@USER Expúlsenlos a todos aquellos que sin papeles y sin trabajo deambulas por las calles.,1,0,0.4118772
"Hablan los tres ex jugadores de La Arandina condenados: «Es una vergüenza, la denuncia es falsa» LINK",0,0,0.43194437
Sssonn nuestros niññoss!!.,0,0,0.373924
En tu cara @USER. Esto es fútbol sudaca del mejor! Los mais termos do mondo!,0,0,0.461907
Un sentido pésame a toda la familia socialista del PSOE por la muerte de Carme Chacon. En especial a la familia de Carme.,0,0,0.4347746
"Está vaina lo hacen todos los chilenos en los autobuses y en el metro, t o d o s LINK",0,0,0.42819917
La partida de skywars que me ha hecho enojar mas que ninguna otra ven para ak marica youtu.be/8gdvk5D-cxo,1,0,0.4426051
humor negro,0,0,0.46757787
@USER @USER JAJAJAJAJAJAJAJ la puta madre callate,0,0,0.3890181
@USER La cabra chica ignorante...,0,0,0.39465597
"Igual a muchos les molesta que Oliva habla desde su postura feminista, Chile es la cuna del machismo xd",0,0,0.41725022
las violaciones no son actos sexuales sino de terrorismo de género,0,0,0.40095887
"Vete a casa de la hija de Amancio, la echas y te quedas tú. A ver si por haber salido del coño de su madre va a tener más derecho que tú.",0,0,0.45605016
@USER callate perra tonta,1,0,0.42495343
Seguro que con la polémica ahora venden más.,0,1,0.5180458
@USER no seas pinche hijo de puta mejor callate y retira tus comentarios pendejo,0,0,0.42133513
"#DíaMundialDeLosRefugiados\n\n\nLos derechos de la niñez migrante y refugiada están permanentemente en riesgo por su condición de movilidad.\n\n\n#NoEsCuento que debemos unirnos por la protección de todos los niños, niñas y adolescentes migrantes y refugiados.\n\n\n#ProtecciónYA LINK",0,0,0.38950273
lo que me acaba de pasar en el metro hace que el género masculino cada vez me de más asco,0,0,0.4743546
"En resumen, que si tu novia te llama malparido imbécil o tu novio te llama zorra trimaldita, da igual. Si te mete bien es worth.",1,1,0.5027558
"@USER @USER 1. educadora de párvulo, sigue siendo profesora.
2. prefiero a alguien con calle que weones llenos de privilegios.

La historia de Giovanna representa a varias mujeres y familias chilenas, se MERECE y se gano estar dentro.",0,0,0.44048968
"Carta abierta para @USER Ministro de Inclusión, Seguridad Social y Migraciones; @USER Vicepresidente segunda y Ministra de Trabajo y Economía Social; @USER Ministra de Igualdad. Sé que no me leerán porque están disfrutando sus vacaciones, aún así me",0,0,0.39476675
No me faltaba a mi otra cosa que rayarme por ese subnormal,1,0,0.41325617
"Ahora no saber comentar partidos de futbol, se llama Catalanofobia... President siga haciendo el ridículo LINK",0,0,0.4767781
"No estoy de acuerdo. Si una empresa muy grande evade impuestos o hace triquiñuelas legales para no pagar impuestos, nos perjudica a todos. Si un negro vende sombreros en una manta a pie de playa, no perjudica a la sociedad, porque lo hace para poder comer, y eso es más importante. Si un niño le presta un lápiz o una regla a su compañero de clase, no está perjudicando a la fábrica y a la tienda de material escolar, al contrario, está siendo buena persona.",0,1,0.5097995
Es un insultó para las mujeres de violencia de género  que la boca pato de gemma lopez este sentada en esta mesa..después de haber dudado todo lo  que ha narrado Rocio carrasco #yoveosálvame,0,0,0.38586727
"Pero que gigante es la brigada NEWEN MAPUCHE 🥰 

@USER",0,0,0.44404772
"@USER La derecha voto por la patria y la libertad de la gente de bien, mira que indemnizar a los delincuentes. Por que no los das parte de tu dieta zángano.",0,0,0.45272338
"@USER No hace falta que pongas arrobas porque los africanos son todos varones.\nEstos pueden ir a países fronterizos y de cultura similar donde no hay guerra... pero no, tienen que saltar la vaya y entrar ilegalmente armados con arpones y tirando piedras y heces a las fuerzas de la ley.",1,0,0.4990615
Siete venezolanos con covid a horas del inicio de la Copa América LINK,0,0,0.37191018
"@USER Si tubieras conciencia eso mismo que pides, ya habrías desaparecido como política, por patética",1,0,0.4266427
"@USER Las reglas del debate en las redes son diferentes de las reglas del debate propiamente político y de las del debate académico. Sistemas sociales diferentes con diferentes códigos, que diría Niklas Luhmann.",0,0,0.46967825
@USER Que bello marico.. dios,0,0,0.4412614
Eso mueren en accidentes de tráfico en unos meses intentando llegar a sus destinos y no hacen tanta tragedia,0,0,0.4503124
@USER Marica infiel &gt;:v,1,0,0.3728234
"@USER @USER @USER La Sra. K, es un mounstruo a pesar de haber firmado 500 mil acuerdos le llega y quiere destruir todo, por favor hay q desaparecerla, no hay un ser con más odio hacia el Perú q esta mujer.",0,0,0.44304976
"cada vez que leo esas cosas me preguntó cuántos años tiene quien lo escribe, entre los que teníamos ya uso de razón a final del siglo pasado dudo que haya muchos que no vean una diferencia brutal entre la cantidad de machismo que había a principios de siglo y la de ahora, eso sin contar con temas medibles como reducción de asesinatos de género, aumento de mujeres con estudios superiores, y un gran etc. En serio ¿En qué te basas para decir que el feminismo no es eficaz contra el machismo si en un par de décadas ha cambiado notablemente un país?",0,0,0.45174417
acabo de cachar q el video de Smack My Bitch Up de The Prodigy no está en yt pq está funadisimo,0,0,0.46009263
"Abrir una cuenta bancaria, lograr un seguro de vida, productos de crédito e incluso, un empleo, es muy difícil hoy para un migrante en Colombia, y es acá donde nosotros nos vamos a enfocar.",0,0,0.46717653
"@USER @USER La única garantía que las FFAA debieran firmarle a este comunacho, es que cualquier salida de libreto, se va de PLR junto con todo su partido 🤷🏻‍♂️",0,0,0.4558524
"Pues sí Sampi, igual su madre si se debería haber esterilizado para evitar un tarado más, que quiera decidir sobre la libertad de las personas LINK",1,0,0.4567785
"🇵🇪📢#FranciscoSagasti por elecciones presidenciales peruanas: ""Hasta el momento no hay nada que justifique utilizar la palabra fraude"". Más info👉LINK LINK",0,0,0.37834448
¿Roncero maricón está dicho?,1,0,0.46084934
“Voy a enseñarle a esta perra como se trata a un hombre” LMAO IN LOVE WITH EL TITI 😂,1,0,0.46457672
Comemela XDDD y la cara también!! 🤣🤣🤣🤣🤣 — No nos pasemos 👀 LINK,1,0,0.44764394
@USER Pero que hijos de puta mira que llorar por verlas “salir de la monogamia”.,0,0,0.41055924
"Jair Bolsonaro llamó ""mocosa"" a la activista climática Greta Thunberg LINK #11Dic LINK",0,0,0.36474738
"@USER Fácil es decir *cabras wnas denuncien* cuando crees que la justicia funciona y tiene peso.
De que sirve que denuncien si al otro día los dejan libres, una tras otra.
Y hasta que en una de esas, las matan igual.
Aweonao de burbuja que cree que una denuncia resuelve todo.",0,1,0.50159657
"Conozco vuestro pais, sobre todo comparado con el nuestro sois lo mejor.",0,0,0.41753513
Saltan la valla al grito de ‘racistas’. (video) LINK LINK,1,0,0.46025988
"tú eres puta mami, yo lo soy massss 😚",1,0,0.41388202
Morales culiao no la mete ni por accidente  #VamosColoColo,0,0,0.41890073
DEP y todo por no ser estrictos y dejarles claro que lo unico que pueden encontrar la muerte o deportacion. Espero que los politicos que hacen campaña con lo contrario sientan la merecida culpa,0,0,0.45866573
"Cambio fachas por inmigrantes, y regalo Valle de los caídos.",0,0,0.42956513
Si el imán es el inductor (directo o indirecto) cosa que casi NO dudo,0,0,0.47929487
"@USER DEBIERA  INAUGURAR UNA  APK  BUENA  TECNOLOGÍA 
NO  LA  INEPTA  QUE  HAY  
PARECE  DE LA  ÉPOCA DEL  ATARY  .ASCURRANCE  INEPTOS",0,0,0.41359046
"🔴 #Nacional

Con disparos, choques y heridos terminaron dos violentos ""portonazos"" en diferentes sectores de la región Metropolitana. 

Chocó a delincuentes para frustrar ""portonazo"" en Maipú.

Más detalles ⬇
LINK",0,0,0.4379975
"Hoy he salido de cas como un rey Esto es, se me ha olvidado la cartera en casa y voy indocumentado y sin un duro",0,0,0.3956002
"Ahora bien, es algo deseable. Que impilicaciones tendria. La sociologia y la neurologia no tiene respuesas concluyentes. Pero nos acercan a ella. La religión nos da fantasmas y cuentos chinos.",0,1,0.5197251
El éxito histórico de Ciudadanos queda empañado por la mayoría independentista LINK #EleccionesCataluna #21D LINK,0,0,0.3620728
"@USER Vi un cortometraje de unos 35 min aproximadamente muy bueno, te lo recomiendo, busca en Google 'Una paciente muy guarra' se llama",0,0,0.45153567
¿Ya no se pueden hacer chistes sin afectar a un grupo subrepresentado? No lo creo. Acá 10 shows cómicos que no se burlan de ninguna causa social. LINK,0,0,0.48836255
"No veo OT, pero esta mujer es una puta estrella!!!😱😱😱😱😱 Buenos días. LINK",0,0,0.42522523
"➡ Analizamos la sentencia del caso Arandina en el que se ha condenado a 38 años de cárcel a los tres implicados

?‍⚖ Reflexionamos sobre la proporcionalidad de las penas comparando con otros casos

? #DIRECTO ? LINK LINK",0,1,0.5089504
"Asesoramiento a #INMIGRANTES #BOLIVIANOS  Migraciones Mar del Plata recibe al Consulado de Bolivia   En el marco de una nueva edición de documentación y asesoramiento, el Consulado General del Estado... LINK",0,0,0.45099393
"Interesante dato que muestra, una vez más, la desvergüenza en la manipulación y las ganas de gresca a cualquier precio que tienen ciertos energúmenos que dicen amar la patria mientras roban y abusan de lo público echando la culpa de esos males a la inmigración @USER LINK",0,0,0.43476424
"@USER @USER Fíjate si es fascista el estado, que tu puedes estar aquí diciendo subnormalidades y nad… LINK",0,0,0.46691728
"Los ciudadanos del #Peru votando en todas las embajadas del mundo como corresponde 

Cuando recuperaremos ese derecho los Venezolanos",0,0,0.4351006
Culpa de los progres por decirles que lo hagan,0,0,0.4283879
"Parece que las cosas se pusieron ayer bastante feas por Mali\n\n\nUna cadena de ataques terroristas con al menos 54 muertos, entre miembros de JNIM y fuerzas malienses\n\n\nY allí hay un contingente español, en una misión de la UE que agoniza sin alcanzar los objetivos previstos LINK",0,0,0.4286586
Comienza la temporada de la grosella negra en #FrutasJavierMartin. Son de El Bierzo. Ricas en vitamina C. Nave D de nuestro Mercado Central LINK,0,1,0.50082016
"#Chile en cuarentena, pero hay elecciones el domingo. Entre el día de la Madre y las elecciones. Quedo la cagada. Pero siguen los weones sin vacunarse y los que nos vacunamos, somos los que respetamos las restricciones. Los demás.. siguen de fiesta. #YoMeVacuno #COVID19",0,0,0.41913447
"@USER Conozco a varios Venezolanos profesionales que me cuentan de las empresas abandonadas en sectores industriales, porque en algún momento las expropiaron y luego no las pudieron echar a andar, lo peor es que más de 5 millones han salido de su país para enviar dinero a su gente.",0,0,0.47011405
Vivo en un barrio de putos nazis o qué? LINK,0,0,0.45117468
@USER @USER @USER debe haber sido la mesa asesora de covid19 de los payasos del gobierno... tal vez @USER pueda dar luces de la estupidez.,0,0,0.47166386
"Los fascistas este fin de semana,han celebrado el 30 de marzo,su modelo de convivencia,la dictadura.@USER #NoNosCallaran",0,0,0.4120887
"@USER @USER @USER @USER @USER @USER @USER @USER @USER @USER @USER @USER @USER @USER @USER @USER @USER Lindo lunes!!! Hoy salió el sol por estos lados, espero que tb sea de manera interna 💕💕💕 LINK",0,0,0.37486663
joder es verdad gracias por abrirme los ojos CANCELAD EL FEMINISMO NIÑAS YA NO HACE FALTA LINK,0,0,0.47348365
"@USER Ejemplar el trabajo de Guerra en el Guadalajara. Sin ayudas de árbitros llegó a dos finales en sus dos primeras temporadas y al cabo de la quinta ganó la liga (en torneos de a deveras, no estos minitorneos de ahora). Pero acá los chivoshermanos le prenden incienso a un sudaca.",1,0,0.45011365
@USER Cuantos africanos has acogido iñigo?\nYa que cobras un pastizal de todos los españoles... Que menos no? Predica con el ejemplo majete.,0,0,0.43088633
"Recetas fáciles de cocina  Pollo africano Pollo africano Si os gustan las recetas de pollo, no os podéis perder este delicioso pollo africano.  Olvidaros del pollo asado, mcpollo, etc. Hoy os proponemos una mezcla entre...  LINK",0,0,0.48947725
"#OLISBITÁCORA --&gt; CUANDO LES CONVIENE HABLAN DE QUE SON UNA COMUNIDAD.....
CUANDO LES CONVIENE HABLAN DE QUE REPRESENTAN A #ECUADOR .

DECIDETE @USER !

p.s.: ahora las #feminazis te van a perseguir.

#GUAYAQUIL #QUITO @USER #CONAIE LINK",1,0,0.4633892
"Relaja la polla que nadie se merece a semejante imbecil como tú, no te preocupes que nadie se va a acercar a un idiota integral LINK",0,0,0.4450669
Pero que dices? En Catalunya se habla más castellano que catalán. Que atrevida es la ignorancia.  Y el odio. LINK,0,0,0.43228847
"Puta este perro no te odia , es machista y bastanteo machirulo curioso . Tu eres tuya y ningún machito te tiene que poner la zarpa encima LINK",0,0,0.45469013
GENTE no se olviden ser ver los anuncios de idol chamo y mubeat!!!,0,1,0.50095785
@USER Ánimo crack. Ni caso a los fachas que apoyan la corrupción.,0,0,0.44340742
q chimba de palabra es mamaguebo como mierda se les ocurrió a los venecos,0,0,0.44187933
"si que son pobres, sí",0,0,0.4027334
"Yo no estoy en contra del feminismo, sino de las posturas extremas de cualquier movimiento. Ah, y creo que varios de sus rostros visibles les hace un flaco favor al mensaje que pretenden plantear.

El baile en la 9 de octubre, espontáneo y parte de uan corriente mundial, fue ?",0,0,0.46042243
Tendrán que mirarles también algún apartamento en la playa para el verano,0,0,0.4589942
@USER tu eres mi hermana perra,1,0,0.42632124
dios que feliz y linda es la gente en europa y yo ac pudrindose en este pas sudaca del orto,0,0,0.45395514
"@USER NO WEON, QUE SEPA Q ES BASICO Q DENTRO DEL AREA SE DEFIENDE CON LOS BRAZOS PEGADOS AL CUERPO!!

No habi weas si no le pegay ni al quinto bote a la pelota FACHO CULIAO!",0,0,0.4436379
"Trump dice a Greta Thunberg que se relaje, y la activista le responde irónicamente sin mencionarlo en Twitter LINK LINK LINK",0,0,0.41057613
@USER @USER Está gente hace de todo una guerra. Que insoportables son las feminazis,1,0,0.4768974
"@USER @USER @USER Conocer 2 lenguas latinas facilita enormemente la comprensión y aprendizaje de otras lenguas latinas (francés, italiano). Además, la fonética catalana, mucho más rica que la castellana, facilita el aprendizaje de otras lenguas",0,0,0.3568355
@USER El vive de puta madre y Cristo le importa una mierda,0,0,0.42559743
Van a armar el ejército feminazi liberal LINK,1,0,0.46287072
Sarna con gusto...  #Inmigración es GASTO #Inmigración es DELINCUENCIA #Inmigración es SARNA LINK,1,0,0.4911543
"A mi solo me han mantenido mis padres con su trabajo desde niños dejando la escuela y desde los 18 años yo mismo con esfuerzo inhumano. En la vida he percibido una sola ayuda estatal, ni beca ni nada parecido y hemos pagado seguro privado sanitario. Y impuestos, muchos impuestos.",0,0,0.4710207
"Jueves 17, a las 18.00 h. en Chile, 19.00 en Argentina, transmisión conjunta vía Facebook Live @USER y @USER

Libro a la venta a precio de lanzamiento aquí 👉 LINK

LINK",0,0,0.4358778
Uff que mal lo pasan los que se siben a una patera que las mafias los maltratan. Deberíamos de poner un Costa Crucero cada 500m para rescatar a las pateras y construir un aeropuerto en Bab Sebta para que puedan cruzar el estrecho e un Airbus A380. Todo lo demás es cosas de fachas.,1,1,0.51382035
@USER !!! 'Qué puedes esperar de un campeón que da vueltas como un subnormal con la espada' NO OLVIDO TUS PALABRAS 💔 LINK,0,0,0.42068988
@USER Qué buenos vídeos! Eso y más te mereces por puta y caliente. Todavía te faltó uno más en la boca.,1,0,0.46833754
"@USER mira lo que hiciste ctm

Tener que apoyar a money para que te saquen la chucha gil culiao",0,0,0.4227181
"Mi vida en los medios fue fundamental, sobre todo mi pasó por el Grupo de Empresas 1-BC. Dónde aprendí mucho de lo excelente y difícil que implica ser venezolano. Me siento agradecido de todo eso; aprender que lo correcto coexiste con lo injusto.\nEn fin, feliz día del periodista.",0,0,0.40423378
@USER quieren igualdad las feminazis abortistas? pero castigan 1 boludo q se equivocó q tiene  muy merecido el repudio social pero de ahí a sancionar se les fue la mano sólo para quedar bien con estúpidas d pañuelo verde q lo + suave q hacen es defecar en iglesias y mostrarse desnudas,1,1,0.51300526
"@USER jajajaj lo usaran para herirte, porque si hay algo que sobra en internet es imbeciles refugiados en el anonimato",0,0,0.44317093
PUTA ESE BOLIVIANO QUE JUEGUE LOTERÍA CONCHETUMARE,0,0,0.42745525
@USER cuidado nomás entregas tu tesorito a los chamos 👀👉👌,0,0,0.3931361
"@USER Eso de ser Campeón de los WEONES 
SCHALPER lo lleva en la sangre 
Y tení que aceptarlo 
Yuyuniz NAMASTE CTM 🎶 
@USER 
WEÓN WEÓN 
WEÓN WEÓN 
WEÓN WEÓN 
WEÓN WEÓN 
W E O N 🎶",0,0,0.46425253
"@USER @USER @USER Hasta ahora no reconoce que gano gracias al RECHAZO 😂😂😂
O NO?
Lo importante es que no ganaron los ZURDOS!!!
Ojala que la noche le de REFLEXIÓN, SABIDURÍA Y HUMILDAD.",0,0,0.44882864
Un ladron menos q llega a España y ganamos un asesino mas!,1,0,0.43678704
@USER Se inventan las guerras.\nSon miserables.\nNos toman por idiotas comparando estás invasiones  africanas con la guerra en Ucrania.,1,0,0.4900969
"@USER @USER Ya, anda a hacer la cama pobre weón. Que ya es tarde.",0,0,0.42683324
"@USER Callate perra desgraciada , estoy enojada con vos. Pd: yo no tengo cuñadas.",1,0,0.45180762
"Y tú eres gilipollas. Recuerda tus palabras sobre las víctimas del franquismo... ""abulense"" @USER LINK",1,0,0.45724973
Te lo diré con todas las letras. Eres escoria. No mereces ni el aire que respiras. No creo que haga falta explicar porqué. LINK,0,0,0.4036696
@USER maldito covid 😤,0,0,0.42075753
"""La migración riesgosa es un tema doloroso para el país. El tráfico de personas es una de las estructuras criminales más grandes del mundo por la cantidad de recursos que mueve. 🧵",0,0,0.40019217
"@USER @USER te lo explico: no es contra @USER. No se pueden autoreformar quienes han sido culpables de robos, faltas a ddhh, fallas graves en ejecutar la ley, nexos con delincuentes, etc. Tus palabras son mera challa que se la lleva el viento.",0,0,0.4854987
"@USER @USER Estimado Pedro . Ud ya es el Presidente del Perú.  Le recomiendo sinceramente,  le hable al Perú,  su país y no a sus partidarios. Ud está hablando,  twiteando desde una trinchera . Ud es el líder aquí,  usted es que debe llevar la tranquilidad a todos los peruanos , esa es ...",0,0,0.40226853
"Fuiste un putón pero eras ""my love""❤️De lo mejor que había visto.",0,0,0.4742446
@USER Kajajajjaja puede que sea buen jugador pero estos partidos que ja jugado por chile ha Sido lo más bajo más que los otros eso quiere decir que no está para la selección todas las pelotas hacia atrás no aguantaba para contragolpe muy malo malísimo 😂😂por algo no rindió en el CC,0,0,0.3836433
Y tu eres perra ? Ladrame hau hau hau ... QUE PERRRRRRA MI AMIGAAAAAAAAAA,1,0,0.38606223
"la delincuencia tiene un fuerte componente cultural, piénsalo fríamente y te darás cuenta",0,0,0.44286245
"¿ Y vos en que barco viniste ?
#Argentinos 🤣🤣🤣
#albertofernandez LINK",0,0,0.4349198
".@USER #ODS16: para lograr los ODS son necesarias sociedades pacíficas, justas e inclusivas. #FMBBVA contribuye a este objetivo trabajando por las víctimas del conflicto en #Colombia y por los refugiados en #Panamá. Lee más ▶ LINK LINK",0,0,0.44508737
y si se que es caro y que la salud mental en chile vale callampa etc etc pero TENÍS QUE HACERLO no se auto diagnostiquen no lean weas en internet!!!!,0,0,0.47233525
"@USER @USER @USER sí, yo también voy al psicólogo, por lo tanto empatizo con las víctimas, si ellas y otras mujeres se sienten cómodas y seguras en espacios exclusivos para mujeres y eligen politizar sus problemas desde ese espacio, no las voy a cuestionar porque les encuentro la razón",0,0,0.46692032
"Lo que más me quedó de lo q vi de la nota es q este Luksic tiene 32 años. Ya no quiero cargos de alta responsabilidad ni heredar una fortuna, mis 38 años en la humildad parece q están mejor llevados ? (digo yo) LINK",0,0,0.41095188
El socialismo de los europeos es aceptable. La URSS se destacaba en muchas cosas. Pero la izquierda sudaka es lo peor del planeta. Sobretodo con el sincretismo satánico africano. Piedad Córdoba es todo eso.,1,0,0.45587945
"Una excelente noticia que alegra a los chilenos que apoyamos y respetamos a @USER !!
#NavarroEsInocente 💚👍
#YoApoyoACarabineros 💚💪
#ChileUnidoAvanza 🇨🇱💪 LINK",0,0,0.397771
@USER Jajajjajaja el sako wea con nombre krasnoff jajajajajaja pobre aweonao,0,0,0.33721602
@USER Y la cumbia del violador en cuántos popurrises?,0,0,0.47565022
"Por fin salí del anonimato, y ahora no conozco a nadie 😂🤣 tengo a una fulana detail que no se quien es, amigos árabes, chinos, africanos y todo Menos A mis amigos de antes.... y todo por la desdicha de tener Asesinos... LINK",0,0,0.43242526
ELECCIONES REGIONALES?  QUE GANA EL PUEBLO? OXIGENO PARA EL MISMO DICTADOR CON DIFERENTES PENDEJOS EN LAS OFICINAS...  EXIGIMOS RENUNCIA YA LINK,0,0,0.4738483
"És lo que tiene la inmigración sin control que te entra gente así, este por qué mira es un caso extremo y ni se espero a desembarcar.",0,1,0.5023526
Estos son los niveles de maldad de un malandro venezolano. Por esa razón apoyo las protestas en contra de la inmigración masiva de venezolanos. Se requiere un control. LINK,1,0,0.41746348
"@USER ""en beneficio de todos los chilenos""¿... y las chilenas?",0,0,0.4166837
@USER @USER Cállate pinche perra,1,0,0.43111145
@USER @USER Venezuela territorio libre de Drogas.,0,0,0.3670671
@USER Jajaj cállate puta anda a depilarte,1,0,0.39764953
Venga Peter... que estrenas el rojo... ¿será verdad? #OHD2TV3,0,0,0.45478258
#votaciones2021 Es una perdida de tiempo y recursos...pero para eso tienen tiempo los ultras zurdos para cagarle la vida y los recursos al resto. LINK,1,0,0.42496806
"#PoderNoticiasRadiosa Presidente de Brasil Jair Bolsonaro criticó a la joven activista sueca Greta Thunberg y la llamó “mocosa”. Bolsonaro cuestionó el espacio dado por medios a Thunberg luego de que ella se refiriera a un atentado en Brasil, donde 2 indígenas fueron asesinados. LINK",0,0,0.425266
@USER Hijo de puta cállate,0,0,0.38721523
Más de 100 #migrantes subsaharianos han logrado saltar la valla fronteriza que separa #Ceuta de Marruecos en un intento en el que participaron al menos 300 personas. 7 guardias civiles y un número aún sin determinar de #inmigrantes han resultado heridos.  LINK,0,0,0.4016779
"@USER Llámame loco, pero viendo el resumen de artistas y canciones cualquiera diría que eres gay y todo.",0,0,0.46123704
"Bolsonaro llama ""mocosa"" a Greta Thumberg LINK",0,0,0.36351255
"No, deberíamos deshacernos ya de lo inservible, la religión se ha utilizado siempre para manipular ignorantes e imbéciles. ¿mis normas? no, la lógica, sentido común y ciencia ¿mis deseos? pues si, no te lo voy a negar ¿mis fobias? el que un subnormal de estos con el cerebro lavado por su ""lider religioso"" acabe con la vida de la gente que puede estar aportando cosas a la humanidad y sembrar el terror, si, me da miedo, pero no huyo de él, si puedo acabo con él.",1,0,0.48994684
Lo nuestro nunca iba a funcionar porque tu eres un pendejo hostigoso y yo una maldita perra sin corazón.,0,0,0.43016028
"Jair Bolsonaro, trató de “mocosa” a Greta Thunberg, después ella condenara el asesinato de dos indígenas en la Amazonía.
#brasil 
LINK via @USER",0,0,0.39730796
"Mira, un indocumentado.\n\n\nNo matarán a mi hijo en el colegio, ni me arruinaré cuando tenga cáncer.\n\n\nMenos mal que viven en la ignorancia, sinó tendríamos que vallar también la costa atlántica. LINK",0,0,0.42969653
"""Alemania, dónde quedó la economía de mercado, la libre empresa y la seguridad jurídica? Esos términos los he oído en Venezuela hasta el cansancio y supuestamente por no cumplir con esas normas tenemos más de 500 sanciones!""\n\n\nSe abre NUEVO frente\nLINK @USER",0,0,0.4489822
@USER Las necesidades de la gente que paga impuestos o las necesidades de inmigrantes ilegales y MENAS???,1,0,0.42029873
"🔴 ⚫ 🔴 ⚫  #WebinarsDifusión\n\n\n➡️  Primeros pasos en la enseñanza de EL2 a personas migrantes y refugiadas\n\n\n🗣️  Nuria Otero (CEAR), Patricia Gallego (Accem), Sonia Alcántara Lago (Accem) y Emilia Conejo (Difusión)\n🗓️  28.6\n⏰  13 h y 18 h (CEST)\n✏️  LINK",0,0,0.43725058
"La Serena; encuentran a mujer desnuda, flotando boca abajo en el mar LINK a través de @USER",0,0,0.34099257
"En algo más de una hora la cantante @USER y @USER, la autora de 'Sueño contigo, una pala y cloroformo', conversarán sobre #feminismo, #poliamor, #precariedad, #amorlíquido, #LGBTI y lo que se les ocurra, en @USER! #SueñoContigo LINK",0,0,0.468472
@USER @USER perra estupida ahora tu eres la gorda,1,0,0.42845342
"Los rostros de la #COP25, más allá de Greta, por @USER LINK LINK",0,0,0.41510418
@USER @USER Porque los comunistas saben lo que les espera cuando las FF.AA se cansen de tanta basura marxista....,0,0,0.45543167
@USER viendo arder otra vez Barcelona. Esto del diálogo parece que funciona de puta madre,0,0,0.48182917
"Tiene mucha razón hoy es un gran dia para ver los goya,maldito facha",1,0,0.42177603
Tu eres mía sin papeles y así cero corazones rotos,0,0,0.41239494
a maripan culiao eres un conchetumare ojala no te nominen mas muerto conchetumare,0,0,0.42459744
"La acogida del líder saharaui Brahim Ghali fue solo el pretexto para que Marruecos intensificase su estrategia de ""zona gris"" contra España: lawfare, migración, drogas, presión económica... El fondo siempre fue el Sáhara. Lo conté en @USER.\nLINK",0,0,0.42318335
¡Qué islamófobos! La policía no se ha enterado que el Islam no tiene nada que ver con el atentado?,0,0,0.48902687
@USER como si fuéramos putos nazis 😂,0,0,0.43914434
"@USER @USER Tengo más que claro, Alejandro, eres de los más involucrados en estimular y promover al sector. Soy como tantos seguidores, agradecida de tu gestión y guía . Solo espero que nadie se reste en votar en contra de los comunistas y FA ( el kínder del PC ) Saludos 👍",0,0,0.43728894
"claro porque que le de vergüenza es lo mismo que decir que va a perder su masculinidad o que es un maricon, ¿no? estáis reventados #OTDirecto6D LINK",0,0,0.4830908
@USER Que Jartera estas Feminazis ??‍♀️??‍♀️??‍♀️??‍♀️,1,0,0.396055
@USER En las condes viven casi todos los comunistas,0,0,0.4372563
Rata güera piloteando terreneando,1,0,0.45159167
"@USER xd pobre weon, no entiendes nada. Que terrible por la gente que vive cerca de ti. ¿Los miras como idiotas por que hacen cosas que no te parecen?",0,0,0.45085394
"""Los días rojos son terribles. De repente, uno tiene miedo y no sabe por qué."" (Desayuno en Tiffany's, 1961) LINK",0,0,0.4213106
"@USER O son demolidos y con la prohibición de hacer otro proyecto en la comuna, o son expropiados y pueden seguir haciendo sus edificios culiaos.",0,0,0.41621765
"JAJAJAJAJAJA, PERO MIRA LOS WEONES PAYASOS ESTOS ISRAELÍES. DÉJENSE DE WEBEAR A LA GENTE DE PALESTINA!!!! LINK",0,0,0.39857668
@USER Es curioso que recorriendo tantos lugares haya sido un niño venezolano el que la reconociera como Maléfica. O los de otras naciones no tienen acceso a esa info o no son tan elocuentes,0,0,0.4119303
ESTOY LLORANDO OS LO JURO ROI QUE PUTA ALEGRÍA TE LO MERECES TANTO #OTGala7,0,0,0.43299255
"Ya pue', ya pue' que me manden luego los calzoncillos que compre en el cyber, me tienen a poto pela'o acá 😤😩",0,0,0.44806445
Chadwick asegura que jamás permitió violación a los DD.HH. » LINK LINK,0,0,0.35091442
"@USER Jajajaja la puta madre un re viaje esa. Son una boludez y hasta ridículas todas jaja depende de uno mismo que sea un buen año o no pero igual, inconscientemente aunque no crea hay algunas que las hago jaja 🙈",0,0,0.42874247
"Como española, el concepto hispana/latina me entra con calzador, y basar la entnicidad de alguien en un concepto lingüístico es engañoso. Hay elementos culturales muy importantes como mi religión e identidad judía. Y no sólo eso, elementos de la cultura material como las comidas",0,0,0.41998234
"Que tal otro aporte anónimo son de la puta de mi esposa, así los dejó en navidad enseñando le los calzones al vecino rt y siguenos @USER @USER LINK",1,0,0.45529494
"¿Cómo? ¿llorándole? ¿intentando hacerle un chantaje emocional? ¡soy tu hermano mayor así que cállate la puta boca y obedece! -ups, se le escapó- LINK",0,0,0.45388767
Todos estan negados a enseñarme a manejar hijos de puta ya los voy a atropellar tarde o temprano,0,0,0.4311404
"@USER Oiga, oiga. Que los gitanos Búlgaros son gente honrada. Doy fé.",0,0,0.4251349
"@USER Agu, amigo. Muchísimas gracias querido. Perdoname por ser tan subnormal y dale un beso enorme de mi parte Gorka y Felicitale tb",0,0,0.4367819
"Todos los inmigrantes españoles que he conocido, han venido a Guatemala a producir, a generar puestos de trabajo.   La única excepción es el gachupín Trujillo. Solo ese ha venido a destruir y hacer daño.  Por otro lado, es el único que ha venido a ser sirviente.",0,0,0.4416647
"Aunque los cojan, no lo van a pagar,..y seguirán viniendo mas, al socaire de nuestras laxas leyes,..",0,0,0.43496746
"@USER @USER @USER @USER BÁJATE DEL PONY @USER!!!

NADIE TE DEFIENDE PORQUE TUS ATAQUES FUERON A MUJERES, HOMBRES Y TODO EL QUE NO TE CREA...

NO TE MOLESTAN POR SER MUJER, SINO POR SER FALSA

UNA MUESTRA?
⬇️⬇️⬇️
LINK",0,0,0.45424387
Refugiados na UNICAMP!!! LINK via @USER,0,0,0.3983946
Sería raro que con 38 años no se acordara el inmediato ingreso en prisión. LINK,0,0,0.41688466
"Me da una paja enorme la gente intelectualoide. Y eso incluye mi etapa universitaria donde era una vieja chica amargada en un ambiente de weones insoportables.
Y dejen que la gente se ría de los memes tranqui",0,1,0.5266273
Pues los sudamericanos no conocen a los gitanos entonces. Como haya una vendetta el sudamericano ya puede traer a gente de la banda de su pais que el gitano saca a algun colega balear y al dia siguiente los de la banda corren a tiros.,1,0,0.48930234
@USER @USER @USER Publica la wea po ctm! Para ver si es tan mierda o no! 🙄,0,0,0.4337088
@USER Eres una fascista defiendo una ideología. Mentirosa de mierda. El tribunal de Hamburgo demostró que es auténtico. A callar impresentable nazi,1,0,0.4513233
@USER Wnnn todo está funcionando como el pico,0,0,0.47220722
"@USER me  pareces monguer, pero si hay alguna probabilidad de desahuciar a Miare, te puedo dar apoyo económico para los abogados",0,0,0.41690296
"@USER En cambio tú, de origen catalán, eres el atípico caso de ser xenófobo, bobo y lameculos, vayas donde vayas #colonialismo",1,0,0.446841
@USER Lo unico que te mereces por ser una puta barata jajaja,1,0,0.39594126
"#CooperativaEnCasa:Toda la derecha y DC del congreso no quisieron frenar los remates por no pago de dividendos de las casas sociales con pago hipotecario,ahora nos dicen que no estamos cansados de estos zánganos 🤔",0,0,0.4714556
"Aunque igual, no es seguro que se pierda todo, hay que ver un par de temas pero pico, ahí se ven si no, cobro con quien tenga que cobrar y se acabó la wea, me deben mucho y ya es hora de pagar",0,0,0.41189963
Ahora entiendo el problema de las Feminazis ...a sido querer ser hombres ...CARAJO!!! LINK,1,0,0.4717483
que manera de perder puntos ctm..,0,0,0.42313474
@USER @USER @USER @USER ...nada garantiza que vuelva a su pensamiento retrógrado original...payaso del poder económico...,0,0,0.41385052
"Puta madre, buscar trabajo en México, es entrevistarte con Argentinos, Colombianos, Peruanos, Brasileños y mis favoritos: zafios gachupines para que te den chamba en tu propio país.",0,0,0.47488353
Los comunistas y las feminazis son complices de los asesinos islamicos. Silencio de Europa ante la condena a 55 años de cárcel de tres activistas iraníes por negarse a llevar velo LINK vía @USER,1,0,0.47254154
"Vamos Garin !! sabemos que el ruso no es bueno en arcilla , toda la fe ctm vamos #RolandGarros",0,0,0.38221562
@USER @USER Yo vi TCMS pero he leido algo de lo del maricón y me horroriza lo que leo ¿ como se puede ser tan dañino ?,0,0,0.4892556
"No se me ocurre nada ingenioso que tuitear, así que Capela maricón",1,0,0.40628055
@USER La idea no es mala. No seria mala si hubieran 3 mil weones en la calle protestando. Yo veo que hoy la gente está más preocupada de sobrevivir a la pandemia por lo que es altamente probable que den la cacha.,0,1,0.51454026
Hace rato que no pillaba los tuits ahueonaos de este tarado. Mi hijo de 5 haría un análisis mejor que el de este Gil. LINK,0,0,0.43431368
"@USER Me acuerdo cuando en una teleserie nocturna le tocó interpretar el papel de una mujer víctima de violencia de género y fue súper fuerte… no entiendo qué le pasa, cuál es tanta la necesidad de siempre congraciarse con los hombres, cuáles serán sus carencias?",0,0,0.4401757
¡¡Qué asco de gentuza!!,1,0,0.4096702
"@USER Está maldita esa hueá, estar ahí angustia",0,0,0.41014823
"@USER #LaOdiseaEnTVN No pude seguir viendo semejante espectáculo d crueldad, capar a 1 animal con los dientes, estoy con náuseas. Hay tradiciones q no aportan. Antes se ahorcaba a los delincuentes n las plazas públicas, incluyendo a las autoridades, podríamos volver a eso? Sería bueno.",0,0,0.46422163
"Me acordé que hace poco Piñera anunció que quería hacer una nueva agencia de ciberseguridad.

El artículo 1º de los estatutos tiene que ser que por los primeros 30 años todas las funcionarias tienen que ser mujeres, desde la dirección hasta la conserjería. LINK",0,0,0.47443768
@USER Callate puta que te dejo en visto,1,0,0.42202672
"Estos dispositivos apoyarán a 10.500 mujeres a lo largo de el país, donde podrán alertar en caso de que estén en una situación de riesgo y así permitirnos llegar a tiempo. Seguiremos buscando alternativas que nos ayuden a proteger a todas las ♀️ que así lo requieran #PorTodas. LINK",0,0,0.4482648
@USER Na comunidá valenciana o runrún sobre asuntos sórdidos con menores tutelados leva décadas a soar no ambiente. Chama a atención que rompese por onde rompeu.,0,0,0.37772143
el último que le pegue a Andres es maricón #zamataouno,1,0,0.4059205
"@USER @USER Payaso ignorante....la ""pacificacuon""..fue todo menos eso...lee libros y de ahí te pones a escribir dstupideces.🤡👎",0,0,0.4386006
"@USER @USER Es un pobre weon del show de goles, con cuea le llega oxígeno a la cabeza pa pensar",0,0,0.47158682
"@USER Viniste a puro ratonear ctm, mourinho versión fruna, igual no van al mundial bolivianos qls malos",0,0,0.40327877
Por estar pensando en guebonadas me acoste tarde y ahora estoy cagado de sueño... (cachai como mezcló los dos modismos chileno-venezolano) 🤣🤣🤣🤣,0,0,0.41586295
"Odio esperar en cajeros la reconcha de tu madre puta, te voy a enseñar a usar un cajero hijo de puta, la puta que te parió te odio",0,0,0.4134624
"El jurado una tropa de payasos, junto al animador
#YoSoyCHV LINK",0,0,0.42742038
@USER Weones pa' grandes!!,0,0,0.41716743
Señora @USER : su voto de apoyo a delincuentes es un desprecio a las victimas que fueron saqueadas destruidas y violentadas.... Cruce el charco y váyase a la izquierda de una vez.... y llévese a su hermano @USER ....,0,0,0.42330867
"De pronto, para la falsimedia sionista,    Trump ni es un fascista ni está loco ni es un hombre de Putin LINK",0,0,0.4275881
Los sueños húmedos de Lolo y sus amigas feminazis LINK,1,0,0.41182116
@USER me haces uno de puton verbenero?,0,0,0.4377184
"Que hayan metido un negro para disimular no hace que deje de ser un partido racista, xenófobo y machista. Y que el negro sea tan tonto como para militar en un partido que parece el KK.",0,1,0.5488814
"Ayer celebramos nuestro #círculodesilencio de julio a favor de los #migrantes y #refugiados. Porque ""su trabajo, sacrificio, resiliencia y entusiasmo enriquecen a las comunidades que los acogen"" #TodosSomosMigrantes.\n▶️ Acto, manifiesto completo y vídeo:\nLINK",0,0,0.42919266
"q asco de hombres eh, me voy a hacer lesbiana",0,0,0.4985637
"¿La mitad de sueldo por ser mujer?' LINK Así es, porque aguantarlas cuesta el doble. #TomaDosTazas",1,0,0.38634172
@USER Comemela a mi jejeje,0,0,0.42074925
"A ver, está claro que dependerá de cada caso: A) Que la escoria sea producto nacional, pues nos la tenemos que comer con patatas. B) Que se extranjera y deportable, pues eso. C) Si es extranjera y complicada de deportar, pues ya se verá en ese caso. Y está claro que en los tres casos le tiene que caer en principio todo el peso de la ley. Pero hay que estar muy tarado para decir que por no querer aquí a escoria que no tendría porque estar aquí es que eres un racista, es ridículo. No lo digo por tí, lo digo por el otro.",0,0,0.4480385
"Díganle a los bolivianos que hay aforo reducido en el área de Chile po, como pa que se muevan",0,0,0.45203924
Me mama cuestionar a mis profesores 😂 no sean pendejos y sepan que están enseñando no se aprendan una puta guía 😂🤷🏻‍♂️,0,0,0.45789424
"""Te van más los coños, o sea, que eres lesbiana""  ¿La transfobia bien, anónimx? LINK",0,0,0.44867325
"Llegar a un pronto copec en un lada 2105 junto a una gopnitsa, un imbécil culiao nos saca una foto, lo ahuyentamos a botellazos y nos vamos escuchando hardbass. Un sueño soviético",0,0,0.46634355
A la frontera con ellos a que impidan que la salten los subsaharianos. LINK,1,0,0.43489888
"Agos te voy a extrañar bocha perra pero te mereces el mejor viaje de todos t amo mil, te voy a extrañar mucho mucho enserio LINK",0,0,0.42052245
"""Algunos"" tienen ""flema británica"" en escupitajo cerebral; si ya sabía yo que todo político imperialista es crim... Hijo de puta histérico.🔫",1,0,0.4414652
"La envidia, que en su negro palacio sucio de sangre come carne de víbora para alimentar sus venenos",0,0,0.41409037
"@USER Esos que te dijeron eso son gay, los hombres no rajamos y diles que digo yo. LINK",1,0,0.44317228
@USER Estúpida. Todos los estúpidos tienen cabida en el mundo. Estúpida!!!,1,0,0.3764498
"♀️♀️ VÍDEO | Protesta ante la Ciudad de la Justicia por las preguntas del fiscal a una denunciante de agresión sexual: ""La culpa no era mía"" #Feminismo #Igualdad LINK LINK",0,0,0.4877414
"Quería que ganará Denise, no lo voy a negar pero sólo puedo decir que aguante la Fran, y la Cami Moreno, la Denise y todas, aguante todas las mujeres que hacen arte 💪🏻💜 #Pulsar2021xLaRed",0,0,0.4636902
MARIPAN Y LA CTM! Segundo partidos de puras cagas #VamosChile,0,0,0.43593416
Pedro Sánchez asegura que «nunca» será adversario de un socialista LINK El ex secretario general del PSOE Pedro Sánchez…,0,0,0.38672912
"@USER @USER @USER @USER @USER Pero de verdad quiero hacer una llamada al patriotismo. Os necesitamos, necesitamos que los que os llamáis de izquierdas os quitéis de una puta vez la venda, dejéis las gilipolleces de la religión del cambio climático a lo Greta,",0,0,0.47683182
"@USER @USER Aquí el que más y que menos que el ha dado al fav, es mongolo",0,0,0.38552088
"AY LOCO CALLATE, NO ATOMICES MAS LA PUTA MADRE PELOTUDO DEL ORTO",0,0,0.45225042
@USER Aweonao...con respeto sosi...,0,0,0.3670596
"@USER @USER Vale, pues vas al mexicano guay con tus amigos monguers",1,0,0.4824393
#FirstDates501 Que maricon mas raro o pescado o carne pero no las dos,0,0,0.45095664
"Con la vuelta de la Colo Colo a la Fm regresa la música Sound (o saund), las tropi rancheras, el indio Nijarpa, la pulsera y que a todo esto compro una de las Fm con mejor sonido y cobertura. O sea, Omarcito la hizo.",0,0,0.47878078
"@USER Montapollos @USER  coge a tus 9 Diputados y vete a tomar por saco, patética facha neurótica, FUCK Arrimadas",1,0,0.39994165
@USER Dizque un veneco con horarios de comida…,0,0,0.3632222
De esto que estás escribiendo y te preguntas lo callada que está la perra. Miras hacia atrás y te encuentras esto. LINK,0,0,0.42750144
"Un oceano de distancia entre el joven Slat y la histérica Gr*t*

Y ""Este vídeo evidencia la manipulación política que se le ha dado al discurso de Greta Thunberg"" 

on YouTube LINK",1,0,0.39535478
El feminismo es peor que un cáncer. El cancer es una enfermedad y nos molesta xq aun no existe cura. El feminismo es una ideología que podes seguirla o no. De nosotros depende tener claro hasta donde si y hasta donde no LINK,1,0,0.45011264
#Danzas: Contemporánea -  Afro - Flamenco - Árabes - Folclore - Salsa - Popular  - Gimnasia Rítmica - Circo (Niños) – Tango Sensorial LINK,0,1,0.51053333
@USER Guatona insalubre! 🤭🤭,0,0,0.37678814
La madre de Mon El está puto loca co,0,0,0.42389965
"Menuda MIERDA de panorama político se nos ha quedado para los próximos 10 años en todos los ámbitos. Muchísimas gracias a todos, aunque os lo podríais haber metido todo por donde más os guste.",0,0,0.46093166
@USER @USER Ignorante de la vida nomás,0,0,0.39257517
te quiero hacer mi reina árabe bomboncitocaramel,0,0,0.4385419
@USER y la que quemo el hospital de Tenerife otra sudaca.,1,0,0.40889135
Todas las pelotas a ellos LINK,0,0,0.4435406
@USER Cállate perra que sos si me habré tenido que esperar que te arregles,1,0,0.42946705
"@USER 🙂sinceramente para mí eres un artista de puta madre, te mereces lo que tienes y más... ya que se not… LINK",0,0,0.44069436
"@USER No las oigo por mi cuenta porque no son mi género, pero si me la ponen no le hago ningún asco",0,0,0.43123996
🏃‍♀️ Teruel será una de las diez ciudades que acogerá una carrera benéfica para recaudar fondos para los refugiados ucranianos\n\n\n🍊La Concejalía de Deportes de @USER organizará el evento para ayudar a quienes huyen de la guerra\n\n\n📲Noticia: LINK LINK,0,0,0.44009873
Del contrato sin firma del Triplex a los cuadernos quemados del chófer (a.k.a. 🕵️👮)... Qué flojita de papeles (y direccionada) viene la cosa #Lawfare,0,0,0.47306523
"Las escuelas católicas están haciendo lo que tienen que hacer: dar de comer al hambriento, dar de de beber al sediento, dar posada al peregrino, enseñar al que no sabe..",0,0,0.45011985
Alucinante lo del EP. Contesto exactamente con las misma palabras que utiliza un comentario y mi comentario no pasa.,0,0,0.46164662
"@USER Más bien zorra, que también anda a cuatro patas.",1,0,0.4364474
"He leído a un subnormal en el #BoicotALosGoya que decía que quería un cine español sin politizar, como el de Hollywood  ME PARTO LOS COJONES",0,0,0.4820328
"@USER @USER Ese saco de weas, ya fue intendente y alcalde, y no hizo ni una wea para el pueblo, pura represión, el bastardo facho CTM..",0,0,0.45497817
@USER @USER Que bien por la ayuda economica para estos cientificos con su proyecto. Por otra parte una verguanza al gobierno y empresarios chilenos que no confian en esta investigacion y solo piensan en las ganancias $$$ a corto plazo y por la via mas facil......contra el pueblo,1,0,0.42386663
"El costanera center es como el mall maldito, algo así como el bosque de los suicidios en Japón....",0,0,0.4898225
@USER por facha te refieres contrario a lo que piensas tú o yo o... no se,0,0,0.39865544
"@USER Yo creo, que la mayoría de las veces, a quien hay que enseñar es a los padres, que son los que carecen de algo que se lleva en los genes, pero que nadie se lo enseñó.",0,0,0.39934903
"@USER Curioso, dice que Francia y otras naciones se nutren de africanos, que en muchos casos son nacidos y criados en Francia y demás; pero en el caso de Iñaki sí destaca esa parte\n\n\nHay gente que con tal de provocar, incendiar y generar polémica hacen lo que sea. Mejor pasar",0,0,0.4296719
"Junto a las personas asesinadas, violadas y vejadas sexualmente por agentes del Estado, los ciudadanos mutilados en sus ojos, son la representación más feroz e imperecedera de las sistemáticas violaciones a los DDHH, a partir del 18 de octubre, en #Chile  LINK",0,0,0.45463923
Con esto se confirma que el nuevo Presidente del Perú es Pedro Castillo 🙌🏻 la Ana Gabriel Peruana tendrá que ser presidenta de la Celda que le toque 😌 LINK,0,0,0.4291591
"No se en que país vives tu, yo en el mio he visto inmigrantes recogiendo cultivos, paseando abuelos, poniendo tela asfáltica, instalando calderas, en empresas de limpieza, de cocineros o pinches en bares, de cocineros, de camareros, repartiendo con una furgoneta, trabajando de informático, trabajando en la construcción, montando cocinas, pintando viviendas, en galerías de alimentación. Hay inmigrantes en todos los sitios donde pueden trabajar no solo en el campo o limpiando culos. Así que eso se lo cuentas a otro.",0,0,0.47055143
Es que esa sentencia es la que ha sido recurrida la que pone 18 . A la acusación les parece mal la rebaja de penas.,0,0,0.49714714
@USER Premio Loca del coño 2019,1,0,0.36860484
"@USER @USER @USER Eres recurrente con lo del alcohol, indica que tuviste ese problema en casa, y procedes de una familia desestructurada. Ánimo y a tomarte la medicación. Por cierto, encima eres un ignorante, carajote dice🤣🤣🤣🤣🤣, tonto, facha y sudaca, no te falta de nada. Lo dicho, ánimo.",1,0,0.44942123
"La denuncia de la candidata derechista llega tras el aumento de la distancia con Pedro Castillo, gracias al voto rural. 

LINK",0,0,0.41748354
"@USER @USER @USER @USER @USER Exactamente, no tienen antecedentes penales. Sólo son familias que ingresaron por pasos ilegales. 🤔Eso los hace delincuentes?",0,0,0.47377953
@USER felicidades moro mío 💚,0,0,0.35214305
"Perdón por el francés, pero me tienen las pelotas hinchadas ya, con los desechos humanos, la violación sistemática, la reparación, los pueblos indígenas.
Zurdos váyanse a la CSM con sus obsesiones huevonas LINK",0,1,0.53429145
@USER Más kiko Jiménez y menos rata mora por favor,0,0,0.36546603
"@USER Yo recuerdo ""Canción del pirata"", y ""Romance de la luna"", porque Romancero Gitano fue el primer libro de poesía que leí, con unos 8 años.",0,0,0.37955943
"@USER @USER Así es, trabajé en Cúcuta con el tema inmigrantes venezolanos por casi  tres años y lo que  dices es totalmente cierto, acá el cuento  de ""Revista Semana"" es desinformar y bombardear cualquier cosa que  diga @USER, yo sí se como  es la  situación allá payasos 🤡",0,0,0.47680473
"@USER ?????? toda una feminazi pues, le faltó . . . No te pintas las greñas porque lo consideras una esclavitud?",1,0,0.40557006
@USER Ya te dije si inspiro en tu cara zorra,1,0,0.44151697
@USER @USER @USER oy q me dan rabia esos weones con lista de requisitos.,0,0,0.44471192
"Elecciones en Perú: Masiva asistencia de peruanos a locales de votación en Chile 

EN VIVO por #T13Tarde LINK",0,0,0.45508975
"Los gatos son maravillosos y cada mujer debiera tener 2 o 3, eso sí.",0,0,0.46760437
Llaman medio hasta a eldiario y elplural..,0,0,0.43901983
"Acabo de leer a un monguer que aún usa ""afrancesado"" como insulto y recuerdo a mi profe de historia en el instituto.",0,0,0.44605902
y que después de la cárcel echen a su país al mutilador. Bastante mierda tenemos en España como para importarla de fuera,0,0,0.48661786
"Deje la cagá, la mitad de los comentarios son weones puteandose. Que lindo JAJAKSKSJSJD A",0,0,0.44112337
"Hoy mi platica con 2 Jeques Arabes: — ¿De que zona de México es la FNSM? — De Aguascalientes. — ¿Y las chaskas? — Aguascalientes también. —¿Y las bombas, la gente buena y el Necaxa? — Todo de Aguascalientes. ¿Entonces que hacen lo demás del país? — Sinceramente, no lo se. LINK",0,0,0.43776774
@USER @USER jajajaja tonto saco de weas,0,0,0.43133268
@USER Ohhhhhh eres su compañera? Cuidala mucho en blanco y negro,0,0,0.4388118
"En fallo unánime.
Corte Suprema revocó sentencia de la Corte de Apelaciones y acogió protección deducida en contra de Hospital Regional de Talca por despido de mujer embarazada.LINK LINK",0,0,0.43487132
Un grupo de ultraderecha ataca la redacción de ‘Repubblica’ LINK LINK,0,0,0.40239382
"Si, y el decapitador está en Málaga, y estoy seguro que en breve saldrá a la calle. A nuestras calles. O te crees que lo van a repatriar a Guinea? Así que sí, que sigan trayendo mas inmigrantes así..",0,0,0.48174316
"@USER Ni dios, ni ala, ni su puta madre!, el dia que nos olvidemos de tonterias todo sera mas facil de entender....",0,0,0.40704402
Se me conecta el móvil solo al chromecast y verás que un dia de estos se pone porno gay a toda hostia mientras están mis padres viendo la TV,0,1,0.52587175
@USER callate pedazo de bastardo me cago en tu puta estampa,0,0,0.41719264
Y no pensaron en eso cuando se metieron a la cama con los comunistas por el puro afán de recuperar el gobierno? Patéticos LINK,0,0,0.49387905
Las 'Supernenas' de Tánger: sin velo y con minifalda Tres jóvenes marroquíes luchan contra el acoso sexual LINK,0,0,0.48169792
"@USER Te voy a fregar, kono",0,0,0.42187807
"A ver, no engañen. Las fuerzas independentista han ganado hoy Al bloque del 155:  70 escaños versus 57 escaños  2M votos versus 1,8M votos   47,5% versus 43,4%  #EleccionesCataluna",0,0,0.3727445
Te votaba 100 veces (pero no sé cómo va eso de los bots ),0,0,0.44600546
"@USER @USER  Normal que te parezca un círculo muy pequeño, sobre todo si lo comparamos con el círculo de odio de un facha.",0,0,0.492563
"Policía alemana contra ""refugiados"" en carnavales por ""interacciónes no deseadas con la población"". O sea, violaciones y agresiones sexuales LINK",0,0,0.45252454
"@USER Tengan por seguro que éste imbécil está dando cumplimiento a las órdenes de la escoria mayor del Caribe, el grandísimo Hijo de la gran P... Raúl Castro.",0,0,0.4485934
Vamos mejorando chama.. @USER\n❤️\n\n\nLINK,0,0,0.38134637
"@USER @USER El clasismo como ""argumento""  es bien malo, estas igual que los fachos",0,0,0.42524892
@USER Y después nos acusan de ser paranoicos y ver comunistas por todos lados 🤣,0,0,0.47425225
Nada más vulgar y de mala educación entrar a mi casa y gritarme sin saber de que me habla. TE MERECES EL INFIERNO PERRA.,1,0,0.40701166
Despreciable la gente que se queja de que suspendieron el partido. ¿No sabéis el peligro que tiene este temporal y más con tejado rojo?,0,0,0.49023506
"Yolanda González, militante trotskista, asesinada por los fascistas en la Transición española LINK",0,0,0.40092698
@USER @USER Si sras feminazis en este caso les doy la razón hay que matar ao feto. Pero sras feminazis porque no proponen la MUERTE del violador esa si es la solución porque el VIOLADOR seguirá violando osea afectará a mas perosnas y eso jamas lo proponen uds,1,0,0.4832176
y el bastardo qliao esta en la casa el paco ctm asesino perro csm #JusticiaParaFabiolaMV,0,0,0.3713708
@USER Y empieza de nuevo el lobby feminazi,1,0,0.4941858
"@USER Si te metes con los moros, eres racista?
Entonces, estas feminazis que se meten sólo con los cristianos, SON RACISTAS",1,0,0.49894226
"Me tienen verde con la vaina que pasa en Australia, que si la culpa es de Greta que si la culpa es de el gobierno. La culpa es de TODOS NOSOTROS LOS HUMANOS QUE SOMOS UNA PUTA PLAGA!!! Comencemos a cambiar por nosotros mismos y dejar de culpar a los demás, de pana ya basta!",0,0,0.44862002
@USER Pues es que tu eres la más puta de todas chiquita...,1,0,0.44964764
"Historia de Gibraltar', de Carolina García Sanz. La historia del Peñón en la riqueza y complejidad de las experiencias compartidas de los tres Gibraltares: el inglés, el gibraltareño y el español. LINK LINK",0,0,0.45623386
"No veo ninguna mujer pidiendo justicia por la muerte de Valeria. Yo si la exijo!!!!!!!
#JusticiaParaValeriaVivanco",0,0,0.38747182
No haber votado a un tarado que salía en todos los vídeos elogiando a ETA. LINK,1,0,0.36923286
Por que no se mueren manga de boludos. Acoso es acoso aca y en tu culo chau LINK,0,0,0.487761
"@USER Será para los otros, los ateos no necesitamos postureo de algo k no nos gusta😂😂😂😂",0,0,0.39489776
"#EsViral 😱\nAngustioso momento vivieron un migrante y su bebé al intentar cruzar el río\n\n\nEl fin de semana pasado se viralizó un video en el que se ve el momento en que un migrante y su bebé de brazos, luchan contra la corriente de los ríos que atraviesa el Tapón del Darien. LINK",0,0,0.45594445
Libro escrito por indocumentados busca devolver la humanidad “robada” en EE. UU.. LINK LINK,0,0,0.42236507
"@USER Y tú eres la Ana Guarra, robachicos",1,0,0.46801242
@USER Se te olvida decir que eran musulmanes,1,0,0.43764684
@USER Hay que pasarles por envima a los delincuentes.,0,0,0.4553962
"@USER Jajajajajajajajajajaja tonto culiao, la derecha perdió todas las gobernaciones excepto la Araucania. Aweonao no imprimiste los resultados ???",0,0,0.39122555
"@USER @USER @USER @USER Si vienen de Europa, no son dueños de nada en Sudamérica, Alberso habla de los chinos e Indios, judíos. etc",0,0,0.43662593
@USER Yo diría que es de los venezolanos 😂,0,0,0.4070246
No puedo creer que recién me doy cuenta de lo hija de puta que era con personas que no se merecían mi mal carácter.,0,0,0.4311539
"@USER Los he denominado fachos, votantes de derecha, 3 comunas y las comunas del rechazo, yo solo diferenció entre la derecha de kast que podriamos incluir a la UDI y la derecha normal, pero el slogan del rechazo es real po, si son las unicas comunas en que gano el rechazo de santiago",0,1,0.5059346
@USER Bien ctm yo le había puesto las fichas a mi campeón 🌟🌟🌟💪el mejor no hay nadie como él Sharper ql,0,0,0.3886038
"@USER Para los que hayan leído Don Camilo: ¡yo, Pepón, el jefe de los comunistas, he votado en blanco!",0,0,0.4623778
Se notó que fue un insuficiente Mea Culpa teniendo en cuenta que las palabras “mujeres” y “feminismo” es lo + usado en su discurso LINK vía @USER,0,0,0.3932814
"En un alarde de sinceridad involuntaria, Antena 3 admite públicamente que el franquismo y la constitución son la misma cosa. LINK",0,0,0.41522062
"[VIRAL] La valentía de una mujer que salvó a sus mascotas de una osa 

LINK LINK",0,0,0.36948255
"@USER Hemos llegado tan abajo que hay que elegir entre 2 comunistas. Uno es un tipo preparado, con un programa y que habla de corrido. La otra una ignorante, mentirosa y venenosa, sin programa y con muchas ganas de hacerse rica a cambio de amplificar el odio y el resentimiento social",0,0,0.49636406
@USER @USER @USER si alcanzo a Mcklopedia fue porque lo revivieron de la nada en FMS México 😂 de ahí que sabrá de eso batallones de antes,0,0,0.41977453
oy ctm sí LINK,0,0,0.4052758
"@USER Toda la razón Liz.
Tal vez ella solo se estaba refiriendo a los delincuentes del 18 de oct. del 2019.
Saludos",0,0,0.42772815
@USER @USER @USER Me carga en lo q se convirtió la 2da vuelta a la gobernación...una flaiterío.,0,0,0.45713344
"@USER @USER No se si es rojo, pero me está tocando los huevos mandando sus twits por privado para que los retuitee!!!",0,1,0.50846905
"@USER Si, es increíble.
el ""YO""

Deberían leer un poco de Alan watts, ego death, y meditar un rato. Quizás así entendamos que no se trata de nosotros individuos, sino de nosotros como un todo.
Al menos los Dinosaurios vivieron su cambio climático sin la loca de la Greta.",1,1,0.5156901
Es sabido que los comunistas no saben de economía LINK,1,0,0.4600235
Munuda publicidad se le está dando,0,0,0.42678326
"@USER soy ESPAÑOLA, mal que le pese, facha! 😒😒😒",0,0,0.4099765
@USER @USER La Greta majareta no va a esos paises diciendo que contaminan.,1,0,0.45837662
"No sé yo si son una turba, al lado, en Mataró, hay miles de vecinos que se conectan por facebook porque estas bandas son un problema serio. La impunidad es máxima, no hay policía, y hacen lo que les da la gana. Lo raro es que no haya pasado nada más.",1,1,0.52335656
"La vida es una puta mierda a veces... Justo acaba de regresar, se merecia lo mejor despues de toda la mierda que paso... Se me parte el corazon... #AnimoPaige #ThankYouPaige LINK",0,0,0.4301933
"Eres un subnormal de cuidado, eh? LINK",1,0,0.44216427
Son sus costumbres y hay que respetarlas..,0,0,0.3813758
"@USER wall-e me conmovio , tu eres una perra gelida.",1,0,0.44908828
@USER @USER @USER @USER @USER Latino siendo racista 😐😐,0,0,0.42049354
"la sacaron justo a l dia siguiente del documental,por cierto excelente ,destapa la cruda realidad del inmigrante y de los q quedamos en Vzla.Madurocdtm LINK",0,0,0.43840206
"Vale, sí, pero si en el rifirrafe de la retención le caen un buen par de hostias tampoco pasa nada, eh.",0,0,0.49922428
@USER Y a los asesinos de los chamos que prrotestaban contra Maduro?,0,0,0.42089364
"@USER O en su hbitat normal: Negrata nigeriano con reloj de oro y collar de igual materia chuleando y prostituyendo a tres o cuatro chicas blancas y espaolas o de Europa del este para su deleite y disfrute mientras goza de casa con todo pagado, pa",1,0,0.47296655
A veces me da ganas de pegarte un patazo en la cara 😒😡,0,0,0.41936803
"Me pegué un pique tremendo solo para ir a votar por el weon de Orrego, así q ahora gana CTM…",0,0,0.4340874
"@USER @USER En mi calidad de mentora de @USER de 🇺🇳 es necesario impulsar la protección del medioambiente espacial con visión de género. Por ejemplo nuestros cielos oscuros son patrimonio cultural de nuestros pueblos originarios , transmitido oral% por las mujeres.",0,0,0.44791245
"@USER @USER @USER Q va ha escuchar el #picante d #desbordes, a mi me bloqueó pq lo conozco como la palma d mi mano y ese Paco Delincuente y Corrupto salió d Carab x la ventana, no alcanzó a estar 6 años. Es mal padre, nada se puede esperar d ese ente, q abandonó a sus propios hijos y le quitó todo LINK",0,0,0.48471832
"@USER @USER @USER Estoy diciendo que esa mayoría (o minoría en este caso) trabaje para lo que fue mandatado, y no chacreen el proceso sobre el cual muchos chilenos tenemos ilusión.
Si bien la dictadura fue nefasta, junto con su herencia, no veo porque tendríamos que repetir el comportamiento.",0,0,0.4938968
En mi ciudad también cortan algunas calles cuando hay un partido de fútbol importante.. vamos que intentais justificar cada cosa..,0,0,0.47786316
"mi polola se despierta más temprano que yo y me deja durmiendo bien tapaita y la estufita prendida, ctm que la amo 💘",0,0,0.43108344
Jajajajaja me dio ataque de risa y mis hijos durmiendo... Tapate la boca mujer jajajajaja LINK,0,0,0.41726148
"Espero que estés orgulloso de tu testarudez, porque de tu inteligencia desde luego no deberías.",0,0,0.40595832
"#Encuestas de #TelenovelasLatinasEspaña | ¿Son #LaDoña, #EvaLaTrailera, #MiAdorableMaldición o #DeQueTeQuieroTeQuiero alguna de las mejores telenovelas que se han visto en nuestro país?. Vota aquí: LINK LINK",0,0,0.45769966
Migraciones: más de 23 mil pasaportes electrónicos se entregaron durante la campaña por Fiestas Patrias LINK,0,0,0.4410401
@USER Voy de poto,0,0,0.3846612
Un sirio-libanés narco-terrorista y un cretino colombiano indocumentado títere de Cuba... Este par de malditas piltrafas gobiernan en Venezuela... LINK,1,0,0.44133866
"#DiadelaConstitucion para los fascistas  de derechas la constitución no es más que el artículo 155 y el 135, que no te engañen. Los referentes a derechos sociales ni los miran.",1,0,0.45840174
@USER Yo diría que ha ganado el centro derecha constitucionalista y la ultraderecha catalana,0,0,0.43555433
"@USER Que te calles y a la cárcel, eso es lo que tienes que hacer de una puta vez",0,0,0.42747658
@USER @USER Facha es un epíteto de fascista. Por qué consideras que sea malo?,0,0,0.39159697
Que aweonao nas grande. Lo que sea por llamar la atención LINK,0,0,0.43030035
@USER Clubcito al mas ganador de America jajaja que lindo cuando perdiste la final de la sudaca x cagon,0,0,0.42701167
"Mejor aún, cuando son capaces de inventarse que habéis follado y ni siquiera sabes de su puta existencia LINK",0,0,0.4511581
@USER @USER Echar. Ignorante.,0,0,0.404155
La Guardia Civil de Ceuta detiene en el Ceti a 10 inmigrantes por arrojarles cal viva en un salto a la valla LINK vía @USER  Morenos forzudos,0,0,0.44282863
"jajaj según recuerdo lo que votamos fue apruebo o rechazo. 

las reglas las decidieron 5 weones, asi que es de vergüenza que alguien ""entendido en el tema"" diga estas tonteras xD LINK",0,0,0.48205018
"una niña de 14 años no es una niña, es una adolescente. Solo faltaría que no pudiese ir sola por la calle. Y encima sois tan bocazas que ni la noticia os leéis. Iba con un familiar, que es a quien han zurrado. Pero oye, la culpa a lo mejor era que la niña iba provocando con pantalones cortos.",0,1,0.5251133
"@USER por otro lado, aparte de los mejores platos de cada región española, en Madrid se puede disfrutar de la mejor cocina latinoamericana (con todo lo que eso conlleva) fuera del continente americano.",0,0,0.45882496
"Ya me joderia demostrar que soy racista, etnocentrista, machito y frivolizar con el acoso y la violacion en 4 lineas. Que miedo da perder privilegios eh LINK",0,0,0.49882814
"Por favor Karina, CALLATE. LINK",0,0,0.40222186
"Porque estamos esperando a que subas tú, mamón. LINK",1,0,0.43230218
"Quien lee ese tipo de panfletos no busca información, busca reafirmarse en sus ideales. Es en gran medida lo que pasa aquí con un montón de noticias de otros ""periódicos"". Y ojo con alegrarse de que empiecen a cerrar panfletos, que si se pilla esa tónica puede que el día de mañana caigan otros ""periódicos"" que gusten mas por aquí. Aunque bueno, si pasa eso será ""censura"".",0,1,0.5572341
Mientras no hayan penas duras y EFECTIVAS en éste país los delincuentes seguiran haciendo de las suyas! Q sacan con aumentar las penas si no las cumplen! Debe aumentar las fuerzas policiales y los recursos para hacer más cárceles.  #BuenosDíasTVN,0,0,0.47131443
"Embajada de Venezuela en Emiratos Arabes Unidos condena el atentado terrorista contra el Presidente @USER. El mundo arabe condena este vil acto Nuestro pais, nuestro pueblo, no daran cabida a tan miserable accion @USER @USER @USER @USER LINK",0,0,0.43117177
+1. Como lo sabes..,0,0,0.37381807
57 paguitas menos,0,0,0.41245297
"Yo nací en 1949 y sobre ser hijo de un peón, tuve la oportunidad de forjarme un porvenir, cosa que ahora es prácticamente imposible. Claro que sin ayuda de nadie tenía que poner ganas de trabajar. Nota: Para poder estudiar me tuve que ir voluntario como Especialista de la Marina cuatro años donde aprendí alectrìcidad. Hoy jubilado de IBERDROLA y resido en Benidorm.",0,0,0.411148
"A los JOVENES y a las MUJERES q son la esperanza para lograr los CAMBIOS x un mejor PAÍS.
No te quedes en la casa mirando como la derecha nos roba nuestros sueños, ya votaron y UDS aún no Votan, queda menos de 3 hrs para VOTAR.
ANDA, a VOTAR para BOTAR.
#KarinaOlivaGobernadora LINK",0,0,0.4057252
VÍDEO: Los 30 segundos más brillantes que resume todo el conflicto árabe israelí LINK,0,0,0.4420922
"Que sabrán esos Yankis....si #GrandeMarlaska dice que no haay colapso en los centros de acogida de inmigrantes, adelante con ellos.  La inteligencia norteamericana advierte de una invasión inminente de 100.000 subsaharianos - Rambla Libre LINK",1,1,0.519505
El padre de la víctima del caso Arandina: 'Me avergüenza el apoyo que el Ayuntamiento muestra a los que se manifiestan en favor de unos violadores' LINK vía @USER,0,0,0.42902327
@USER Perdón el neolandez pero... viejo CTM!,0,0,0.4456308
@USER 🤦🏾 esperar media hora para entrar a la página para que esté como el pico ??? Por eso la gente les llena las oficinas. Weones nefastos!! LINK,0,0,0.43359494
@USER Ajajajajajajajaajjajaajajajajajaja te odio gitana,1,0,0.39807037
Un turista irlandés es violado el último día de sus vacaciones en Valencia LINK SALVA A ESPAÑA. MATA UN MORO.,0,0,0.42698357
"Será el gobierne pide al Marqueses de Galapagar, que acoja en su Casoplon:A los refugiados que rechaza la izquierda comunista.",0,0,0.4598825
GRANDE JOSÉ ANTONIO KAST Y NO HAY MÁS ENTIENDAN CHILENOS GILES DONDE NOS LLEVAN LOS MALDITOS COMUNISTAS Y SOLO TENEMOS A JAK LOS OTROS SON TODOS UNA MAFIA CHUPASANGRES LINK,1,0,0.46820584
"Leche Protein extra proteína de @USER  sale con unos grumos realmente asquerosos.  Mi hijo dice que la vez anterior le pasó lo mismo y pensó se le había caído pan en el tazón, pero era la leche. Hoy volvió a servirse y está igual. LINK",0,0,0.44076264
"""Esas viviendas serán facilitadas y gestionadas por entidades sin ánimo de lucro, ONG que cobrarán por encargarse de alojar, atender y educar a esos menores inmigrantes"" Y aqui tenemos el negocio.",0,0,0.4639058
@USER @USER Y muchos fueron hecha dos por delincuentes .  En un supermercado de Zurich hay un letrero que al traducirlo dice : atención cuidados con los chilenos !!! Casi mori de vergüenza,0,0,0.49746424
"@USER Joder yo tengo varios amigos latinos, árabes y negros como dices y soy la mar de feliz pero cada uno opina lo que quiere 😂😂😂",0,0,0.4047773
@USER Más inteligentes que los Chilenos…,0,0,0.4219878
en Europa nunca cogió base el islamismo así que no hay necesidad de darle sitio. Primero que se civilicen y luego ya veremos.,1,0,0.46703097
@USER Igual lei que le decian perra a laurita ipocrita que no se merecia el bailando cornuda muchas cosas feas y lei cosas de las fans de lau tambien es horrible,0,0,0.4333891
@USER CALLATE PERRA LOCA CON METERTE CON LOUIS YA ES MUCHO . TE METES CON BARDERAS,1,0,0.47994134
Wow whatsapp ahora permite compartir ubicación enviar imágenes contactos y hasta indocumentados LINK,1,0,0.4687955
"Maldita escoria.... muerete, callate, malditos comunistas de mierda, ladrones, basuras....acabaron con wl mejpr país del mundo, porquerias humanas@USER",0,0,0.39237043
Asi terminaran Los Miura del #Encierro8TVE en el salón de algún tarado mental  #NoEsUnaFiesta  #tauromaquiaesviolencia LINK,0,0,0.40972215
@USER Esta payasa se ha querido marcar un Greta Thunberg pero le ha salido cutre.,1,0,0.4308931
"Eagle Pass, Tx. Arrestan 48 indocumentados que estaban escondidos en  una casa de seguridad ubicada en el sector Las Quintas Fronterizas.",0,0,0.4665193
Los más preparados,0,0,0.40937826
Los huracanes con nombre de mujer son más letales' LINK,1,0,0.37257242
"La próxima vez que alguien haga algún comentario sobre los performance de alguna marcha feminista, aquí esta mi respuesta: LINK",0,0,0.42146903
"No hemos recibido una importación de psicópatas sino de delincuentes profesionales que usan las leyes de protección al menor para delinquir y poder seguir delinquiendo. Se da la circunstancia de que son marroquíes, pero no es ese el problema sino la ley que lo permite. SI no fueran ellos, otros descubrirían el chollo.",0,1,0.5123315
"Ojalá Ryan Gosling entrando por mi polla que esto es un Adeptus Mechanicus o imbecil, mas probable.",0,0,0.48630878
Acabo de subir una foto a IG y ctm la cantidad de patas de gallo que tengo 👩‍🦳 se notan los casi 34.,0,0,0.4644427
@USER Que el virus desde a zurdos marxistas comunistas que viven en Chile,0,0,0.434719
"@USER @USER @USER @USER @USER @USER @USER @USER @USER @USER @USER @USER @USER @USER Binario es un si-no, 0-1, negativo-positivo, en el caso de la sexualidad es el hombre-mujer.
Por eso hablan de no binarios, su sexualidad escapa de esos 2 conceptos.",0,0,0.43813387
"Sucede que muchos académicos que aman la investigación sienten de forma frecuente que las condiciones estructurales de la academia no la posibilitan.
Las mujeres lo llevan peor, según esta nota.""
👇👇👇
LINK
#academia",0,0,0.3671123
"#WeekRecap » Sara Socas, la freestyler que la está rompiendo con sus rimas feministas | LINK

Nos ponemos de pie ?? ¡Esta chavala viene con todo! ?

#SlangFm #SaraSocas #freestyle LINK",0,0,0.48775974
"Maldito negro ve y dile a un rumano que está al nivel de un pancho, moro, chino o gitano y si te quedan dientes cuando vuelvas hablamos...",1,0,0.4608232
"@USER Callate hijo de puta, si vos apoyás el proyecto violento de la derecha",0,0,0.43818074
"@USER Callate perra traicionera, encima q te cuento algo, ahora menos te cuento lo otro Habla con mi mano natalie",1,0,0.43303043
DIOS ODIO A DALAS QUE TIO MAS SUBNORMAL,1,0,0.43833667
"@USER @USER Xke son retrógrados...si ponés many, no miran nada...🤑latinos, todos Iguales😬🙄😳😤🤬",1,0,0.4873595
"Tras una hora en fila, pude entrar a Migraciones a las 8am donde me dieron un ticket y tenía que esperar, al yo tener ese día cita no me hicieron llenar declaración jurada pero en otros casos de citas en días previos, sí. Allí todo fue rápido, 8:45am me atendieron.",0,0,0.43808463
No me roban en VILLA LUGANO saliendo de estudiar y me roban en Dorrego yendo a la peluquería que negros de mierda,1,0,0.4689038
aunque creo que es una tapadera porque Thom es muy gay y Lorde es lesbiana las cosas como son,0,0,0.43865642
"""Mientras los ciudadanos de a pie(ahora más que nunca """"a pie"""") enfrentamos la inseguridad a diario, sin armas, solo con valor y bolas (no hay otra), al indocumentado impostor lo rodearon con esterillas protectoras (inútiles ante un RPG)""",1,0,0.36543015
"ENTREVISTA | @USER ""La extrema derecha nos pone trampas y no siempre sabemos esquivarlas"" LINK",0,0,0.43126145
"Chile debe mostrar al Mundo ,que se puede protestar, pero nunca tolerar la Violencia y el Vandalismo .
Los delincuentes deben ser apartados de la sociedad, con un debido proceso.
En Chile no hay presos Políticos .!!!! LINK",0,0,0.45743483
"Acabas en los calabozos t desahucian d tu casa y si t atreves a protestar, t denuncian por ser una sin papeles y t mandan d vuelta a tu pais de origen por ilegal.Vamos lo mismo que si entras en España ilegalmente. Ahhh no q aquí t dan papeles y una paga. Seran Fachas en España. LINK",1,0,0.43842372
Mientras esto siga siendo un pais libre (hasta que venga Maduro) seguiremos opinando en este oasis de podemitas asilvestrados.,0,0,0.44185826
"la bestia más peligrosa del mundo, el ignorante con poder de RR, ahí estamos",0,0,0.44355318
"Si esterilizamos a los hombres, esterilizamos a las mujeres.",0,0,0.4976235
"@USER ¡A la puta! Que yo soy otoño en tu vida, y tú eres duuuulce primavera. No saben que guardo un verano,… LINK",0,0,0.46043742
"@USER Dotora gritona Cataño, entonces ya no nos Vamos a Volver como Venezuela, No nos van a Expropiar, no camos a perder la Democracia?...\n\n\nPorqué todos los q decían eso se estan pegando para donde Petro...",0,0,0.4153765
¿Cuanto les gusta la democracia a los dos candidatos peruanos que compiten por la presidencia hoy?,0,0,0.39923933
"Hay que ser patriota en lo referente al cine pero nada más, no me seáis fachas. #goya2017",0,0,0.43601552
"NACIONAL | El dueño de un bar advierte que ""podrá a los niños a fregar platos"" si sus padres no se encargan de vigilarlos LINK",0,0,0.4054695
"""Creo que nadie tiene nada en contra de inmigrantes legales"". Pues crees muy muy mal. Bájate al bar de abajo de tu casa 20 minutos y cuéntame lo que oyes.",0,0,0.41294014
La deuda como arma: el caso de Túnez LINK,0,0,0.44333544
"Eso mismo hacemos cuando dejamos que las niñas lleven ""libremente"" el velo.\nSpolier: las niñas musulmanas son seres humanos que sufren calor como tu ⬇️⬇️",0,0,0.47028828
@USER Jajajaja callate puta,1,0,0.39582962
"@USER @USER @USER @USER @USER @USER @USER @USER @USER Claro que si, sin duda!! Pero que un o una menor no tenga la posibilidad de arruinarte la vida tan fácil. Que por tener contacto sexual con una menor de 16 años tienes condena, CÚMPLELA!! Pero cumplir 38 años por algo que ella reconoce que se inventa es increíble!",0,0,0.4448643
Puta los bolivianos que hacen tiempo por la cresta,0,0,0.40061182
la androginia del goth/emo de verdad hace mucho por los maricas y chicas trans. con uñas negras no me dicen nada pero otro color les da asco,0,0,0.48812413
"@USER Que mujeres más feas esas 2... feas por dentro y por fuera..

😱",0,0,0.419051
"@USER @USER @USER @USER @USER Tu sector gano solo un gobernado en todo Chile, payaso! 🤡",0,0,0.42014655
Puente de plata.,0,0,0.46823588
No podemos empatar con Bolivia. Los bolivianos no juegan a nada desde años. Son un rival totalmente inferior. Como nos van a penar estos puntos al final,0,0,0.4339789
"Es el problema de que la justicia sea ineficaz, la gente se toma la justicia por su mano..",0,1,0.5067072
"se que estás de coña pero emigrante es el que se va, independientemente de otros factores e inmigrante es el que llega, es decir para nosotros son inmigrantes, de verdad hay peña que dice eso en serio?",0,0,0.45300487
@USER @USER Amigues su abuela! Edúquese un poquito con la RAE. A no ser que piense que es parte del “patriarcado” como dicen las feminazis...,1,0,0.46975848
Haciéndosela de pedo a jotos useless,1,0,0.44736782
Créeme que no vas a encontrar a gente mas xenófoba que a los que tu defiendes. Se odian hasta entre ellos,0,0,0.47117278
"¿Qué tienen en común la puerta de #Valnadú de #Madrid, la torre del Andador o del Nadador en #Albarracín y la ciudad #marroquí de #Nador? Pues que todos estos nombres vienen del #árabe nādūr  ناظور, que significa faro o torre de vigilancia 🔭 LINK",0,0,0.42717266
"yo: me levantare a las 8:50 para ver gales - suiza

8:50 am

yo: ah pico con el partido culiao",0,0,0.44454256
"Que no es presunto 🐍 @USER que ESCORIA😈 es CULPABLE del ASESINATO,DESAPARICION,SECUESTRO Y VIOLACIÓN de #DianaQuer angelico 😓🌷💕🐾🌛 D.E.P que este ESCORIA😈q su trastorno solo es #HijoPutismoAgudo va a pagarlo 😈😈 #TodasSomosDiana 💕🐾🌛",0,0,0.40588427
Típico que van a jugar gotcha y se cubren como con 10 chalecos de kevlar los muy homosexuales.,1,1,0.5000878
"@USER Largó de acá, peruana de extrema izquierda !!!",0,0,0.41666546
"@USER @USER @USER Para ganar dinero, harán todo lo posible por alargar lo más posible el proceso de fondo. Viejas tácticas para ignorantes nuevos. Dios proteja a Chile.",0,0,0.45336473
Esperando al maricón de Predi,0,0,0.4461533
@USER Defensor de delincuentes ..eres un asco..,0,0,0.43023232
Y librame de las feminazi... Amén ??,1,0,0.41485408
Emigrante: Va a trabar a otro país con sus papeles en regla y su contrato.  inmigrante: Igual que el anterior pero a la inversa.  Migrante: Forma progresista de referirse a un moro y/o negro que viene a tocar los cojones y parasitarnos. LINK,1,0,0.43192002
"No expulsaría a nadie que esté dispuesto a vivir aquí acordé a nuestra civilización occidental. De burkas, velos, sacrificios de cordero, menús especiales , horas de rezo, mezquitas y demás, aquí no tienen sitio para mí.",0,0,0.4559908
"La activista sueca condenó el asesinato a tiros el pasado fin de semana de dos indígenas guajajara en el interior de #Maranhao, noreste de #Brasil  LINK",0,0,0.4238355
"Ya está bien de esta estupida cancel culture de perfección moral. A mi me la suda su vida privada y lo que haga aparte de la audiencia, seguiré viendo las películas de Greta Thun... De Woody Allen.",0,0,0.49857107
"Esta claro, que te guste que te roben en el metro y te den una paliza por la calle para robarte , que te guste que te ocupen el piso ¿ quieres más?",0,0,0.47358617
"@USER mucho subnormal que se hace dj pensando que sabe de música, y luego sabe una puta mierda.",1,0,0.48158494
"Pues ya sabes te coges el barco de Playmobil y te vas a recogerlos para llevarlos a tu casa, si es que tienes y mantenerlos de tus ingresos",0,0,0.45911598
"@USER @USER @USER Lo más ignorante e irrisorio q he escuchado en el día 🤦🏽‍♀️. Se llenan la boca con justicia social, democracia y empatía, son términos q no conocen ni practican, solo velan por su ideología.",0,1,0.50016683
"@USER @USER Así es! 
El problema es el grupo de jóvenes abogados memoriones ignorantes de historia y principios democráticos, republicanos y de soberanía q intentan imponer la falsa panacea de ilegítimas reglas o leyes, tal como lo hizo la dictadura militar con decretos leyes para gobernar.",0,0,0.48637596
"CINCO CRONISTAS CHILENOS Visiones sobre el panorama de la crónica en Chile, con sus protagonistas y matices. Daniel Rozas entrevista a Alejandro Zambra, Francisco Mouat, Roberto Merino, Antonio Gil y Leonardo Sanhueza. 139 pgs.$6.000. Pídelo: DM o contacto@USER.cl LINK",0,0,0.44239402
"🤔¿Estás seguro/a de que esa noticia que acabas de leer no es un bulo?\n\n\n🛡️""Frena.Verifica.Comparte"" es una campaña que busca sensibilizar y formar a la ciudadanía para identificar y frenar la desinformación sobre personas migrantes, racializadas y refugiadas. LINK",0,0,0.45187885
"@USER Hasta ahora en los comentarios hay harto moderado que se ha guardado como corresponde, y un grupo de weones que carretearon el sábado y siguen con caña, que por un lado los envidio y por otro lado ojalá se les pegue el covid y lo pasen mal, porque por ellos las cuarentenas siguen",0,0,0.47779617
"@USER @USER @USER Vox son fascistas neonazis, Cs más de lo mismo y están ya robando.",1,0,0.4505305
"Pero por la ctm era GOL!!!!!

Ahora recuerdo por qué no veo partidos, estoy terrible histérica x'D

#ClasificatoriasxCHV #PartyChilensisFtLaRoja #VamosChile #LaRojaxCHV",0,0,0.4381068
.@USER lo tercermundista es tener en España a un tipejo comunista pro ETA antidemocratico como tú LINK,0,0,0.42443764
"Me importa un pico el oportunismo del líder, yo quiero mi vaso maricueka.",0,1,0.5164763
"si como dicen los equidistantes son solo bolitas de cacahuete cubiertas de chocolate, que la marca desantropormife la mascota poniendo rasgos más neutros, como los M&M, y que no caricaturice negros del Congo, y lo del nombre Conguitos, hay que estar ciego para no ver el racismo, era otra época cuando se crearon, hoy es ofensivo, lo lamento por los que no saben adaptarse a los cambios sociales.",0,0,0.43268126
"@USER Por lo menos yo no lo hare, que se vayanntodos estos weones a la cresta
Entre votar por un coyote o una hiena los dos  son unos carroñeros
Por el unico que fui apoderado fue por los candidatis que apiyaban a Jose Antonio Kast, asi lo haré en la proxima eleccion",0,0,0.43356317
Observatorio del Español para el África subsahariana en Guinea Ecuatorial | Inout Viajes LINK,0,0,0.45132744
Lo que importa en realidad es sentirse mejor con uno mismo. Sumar karma. A los putos negros les pueden joder bien.,1,1,0.52018976
"@USER No al comunismo, ustedes sólo crean miseria y esclavitud para las personas que deben sufrir la desgracia de ser gobernados por sus dictaduras, como lo hacen hoy en Venezuela, Cuba y otros países que viven la tragedia de ser gobernados por comunistas. #ChileSinComunismo",1,0,0.43523398
"Toma independencia,Africa se adueña de Barcelona,Policias locales,Mossos, Ciudadanos y Turistas Hacen lo que le sale de los huevos,y Pisarello y Colau encantafis son dos indocumentados aunque gobiernen un Gran Ayuntamiento LINK",0,0,0.4516919
¡Árabes tramposos! Tambalea la sede de Catar para el Mundial de 2022 por sabotaje @USER LINK,1,0,0.46352643
@USER Tu que hablas hijo de puta? El jugador es tu hermano tú eres un puto muerto de mierda ojalá y se los l… LINK,0,0,0.43020213
Tú cállate puta. Por puta me refiero a la Brandon.,1,0,0.49483004
La modelo se ha mostrado bastante enamorada del actor venezolano Gabriel Coronel.\n\n\nLINK,0,0,0.3849898
"@USER @USER @USER @USER @USER Además q me llames ignorante sin siquiera haber leído un libro de 100 páginas (la constitución) es como poco chistoso. Supongo q por eso le prendes tantas velas a tu profe, porq ella si leyó el libro cortito de 100 páginas, todo un logro XD",0,0,0.4403679
@USER Cállate perra del infierno 😭,1,0,0.39983267
"@USER @USER @USER Ay, el nene se cree que gay es un insulto. Pobre, fascista y tonto, valga la redundancia.",1,0,0.46934888
Yo creo que te equivocas no 100.000 sino el 60% de la población argelina soo zoquete LINK,0,0,0.42362407
"Vuelta al punto de partido, una minoría mayoritaria en el parlamento independentista, ¿De verdad alguien sigue pensando con esto que no es necesario resolver el problema desde algo consensuado? Qué solución si no?",0,0,0.43854
"hombre, si están dando por culo, lo suyo es llamar a la policía, que pa' eso stán Ramón. Vamos, digo yo",0,0,0.44265953
"Na ctm celular re culiao weon lo voy a tener que formatear de nuevo ctm ctm ctm y mil veces ctm, lo quiero cambiar 🌚",0,0,0.45708057
Y de lo que nadie habla es de que #Africa es tan pobre por que está llena de dictaduras comunistas. LINK,0,0,0.44778928
@USER Sudaca de mierda,1,0,0.365433
Hay pocas series que me hagan engancharme a tal nivel porque somos público difícil pero el cuento de la criada me hace pico,0,0,0.44793662
"Ahhh pero vaya y uno callada les acepte las cortesías sin ánimos de darles sexo que cuando se estrellen, de 'perra oportunista' no te bajan.",0,0,0.45569608
UG LA PUTA MADRE MEREDITH MERECIA VIVIR CON EL AMOR DE SU VIDA DEREK CHRISTOPHER SHEPHERD Y MORIR CUANDO TUVIERAN 110 AÑOS LPM LINK,0,0,0.43581966
La cobertura sanitaria a los 820.000 sin papeles costará a los españoles 2.000 millones de euros,1,0,0.44371265
Jajajajajaj el subnormal de estudio estadio todo picaooo porque le llamaron madridista 😂😂😂,0,0,0.41725916
@USER @USER roncero vete a mamarla... tú madre mamona roncero tú madre es mamona🎶,1,0,0.42526373
A mi vecina nomas se le ocurre tener gallinas y que el gallo a esta hora no me deje dormir. CALLATE LA PUTA MADRE a… LINK,0,0,0.43356356
Rojo y progre son conceptos diferentes aunque en muchas ocasiones se conjugen ambas posturas en las mismas personas LINK,0,0,0.4041628
"@USER @USER Las personas se definen por su actuar, no por su pertenencia a tal partido o si su cabello es negro o café.",0,0,0.40688434
@USER Ya no encuentro calificativos para este Maldito..,0,0,0.38502562
@USER Y por q no te vay a la ctm.,0,0,0.4077193
Un güero y una morena es la mejor combinación 4ever ✨👌🏼 LINK,0,0,0.450121
@USER @USER Ir a votar por el mayor cancer de chile? Saber que han robado y siguen robado y el pueblo es dejado de lado? Votar por los delincuentes de izquierda y derecha? Acaso no vez como tienen a Chile a tu familia a tu gente a tus patriotas? Creer en la política es creer en la nada.,1,0,0.4879473
"A estos imanes radicales, avión y deportados al Sahara o a Vladivostok, pero ya. No queremos esa gente aquí.",0,0,0.48695636
"Eso es lo bueno de envejecer, que los weones cerdos siempre weviarán a las que ellos noten que son chicas de edad",0,0,0.45589507
"el término correcto es ""seres humanos de color crema""",0,0,0.41901442
"Dos personas provenientes de Bogotá, aka: dos rolos, se pusieron a pelear frente a mí por una situación conjunta que tenemos y me sorprende la capacidad de no tutearse en medio de la rabia. Con razón los venecos somos marginales comparado a ellos jfjakka",0,0,0.4513169
MONJA TENÍA QUE SER EL RE CULIAO Y JUGANDO EN ESE ESTADIO DE MIERDA,0,0,0.377563
@USER mirón y jugón. hay que refrescar los patios y las casas como hacían los musulmanes. yo lo hago en mi casita tb,0,0,0.40683565
@USER @USER @USER @USER Tienes fuente??? Así pa cachar la tontera que estás escribiendo,0,0,0.42735174
@USER @USER @USER No creo que ella sea el tipo de persona que usa la palabra 'feminazi' de manera no sarcástica.,0,0,0.42438337
@USER @USER @USER Hace 38 años en Primera y ayer mismo follados por el Cádiz. Qué pena!!!,0,0,0.37817883
"@USER Mucho tiene que ver, creo yo la cantidad de gente inmigrantes de muy bajo nivel y cultura sanitaria.... Contribuye a este aumento.....",1,0,0.42618924
"Ayyy ctmmmm hoy día no resisto esta webada de ser mujer, trabajadora, mama y dueña de casa :( :( 
me siento agotada 😭😭😭",0,0,0.35079
"@USER +sus ojos al abrirlos son de color jade como su padre,en ese instante crea una llama de color rosa y rojo intenso*esto pasa..",0,0,0.39386877
"@USER Y a quién saca, a Pulgar, Aranguis, Vidal. 6 meses buenos en la liga chilena es muy poco para la selección, sin jugar ninguna copa  a nivel internacional.",0,0,0.4371759
"Sigue soñando, entre ""compañeros"" se respetan y admiran. A mí la Legión!",0,0,0.4465209
"En los paises de esta gente una documentacion autentica vale 50 euros, tardan en ser otros cero coma. No hay que ver como usan nombres dobles y apellidos que tambien son nombres propios, alternado el orden para sus trapacerias.",0,0,0.47902995
@USER @USER @USER Y a los Colombianos a Antofagasta! Ah no…,0,0,0.40281
Como son españoles nada... sin fueran refugiados...GLORIA #migrates #refugiados #EspañaLoPrimero LINK,1,0,0.40171874
"…275.

Ahora que los argentinos ya conocen lo que es una Piñericosa… piensen lo terrible que es tener centenares de ellas… cuantas más alcanzará a mandarse bracitos cortos en lo poco que le queda?",0,0,0.45608252
#Video// Un grupo de las disidencias al parecer hostigaron una subestación policial en zona rural del municipio de #Tumaco_Nariño... Panfleto amenaza a venezolanos...  #VeaLosDetalles #ABRA_NOTICIAS\nLINK,0,0,0.4717473
Hay que ser subnormal profundo. Y me da igual chiquillada que a propósito....de guantazo a mano abierta. LINK,1,0,0.4398315
"@USER Eso le paso a los comunistas por presidencialisar la elección de intendente, ahora solo les queda la vía de la insurrección callejera para importante sus ideas, lo malo es que ese grupo tampoco salió a votar por la Oliva puede que también estén desgastados.",0,0,0.4779008
@USER Una vez casi le.digo a una mujer... amiga date cuenta!! La estaban engrupiendo para una de esas estafas piramidales,0,0,0.44914728
"A ver, aborto subnormal, decir una gilipollez no es libertad de expresión. Si no tienes idea de algo, TE CALLAS.",1,0,0.48493326
@USER tu puta madre cállate ya joder,0,0,0.4060612
"Greta, vete a hacer los deberes LINK",0,0,0.48977846
"@USER @USER Venga,te falta lo de nazi.Uuy,casi lo consigo.Que inculto soy,no sé cómo pasé de primaria.Me merezco 10 latigazos",0,0,0.47402745
Aquí todos tenemos prohibido movernos menos los inmigrantes ilegales..en fin.,0,1,0.51052123
"@USER @USER @USER @USER @USER @USER @USER
@USER
@USER
Y lo más grotesco e hipócrita es que todos estos zurdos se las dan de defensores y paladines de los DD.HH y reclaman contra las ""atrocidades"" de la dictadura, pero no tienen problema en admirar y avalar a estas ""blancas palomas""",0,0,0.4365179
"""New post (Demandan a Trump por trato """"inhumano"""" a indocumentados) has been published on Estilo FM - LINK LINK",0,0,0.4113297
Los sin papeles te roban el trabajo. LINK LINK,1,0,0.4466014
@USER gritame y pisame la polla con una falda puesta,1,0,0.46439067
@USER Ellos son perfectos no? PueS LA PERFECCIÓN EXISTE Y LA TIENES TÚ JAQUE MATE ATEOS.,0,0,0.41368106
"La pintada no pone ""constitución"", pone FRANQUISMO. Medios de desinformacióoooooooooon. Puta basura de medios, de verdad, menuda vergüenza. LINK",1,0,0.46328637
"LINK SIGUE EL NEGOCIO PATERILES DE ""BARCOS"" A PATERAS A LA MINIMA DISTANCIA DEL DESTINO. 2.000 EUROS VIAJE ¡¡¡¡",0,0,0.42966327
@USER @USER Son sus comentarios los que hacen que parezca homófobo. No hace falta que insultes,0,0,0.39705175
"@USER @USER Eres patetica Señorona .Imaginais que dejamos de verte vomitar en los medios de comunicacion ? 
Imaginais ?
Eso si Seria Maravilloso.",1,0,0.48877808
"@USER @USER Nos tuvimos que calar,a las feminazis empelotas, cantando pendejadas y con su ""selva"".. Ahora joden, porque pan@USER muestren con orgullo sus hallacas.. NO JODAN",1,0,0.4762817
"@USER Averigua chanta y populista, derechista desperfilado. 

China eliminó el reintegro del 13% del IVA sin aviso para muchos productos y loa fletes de USD 6.000 por contenedor hoy está cerca de USD 12.000 además de la inestabilidad del tipo de cambio.",0,1,0.52086735
La manera en la que esta organizada la TL me vuelve loca /c mata.,0,0,0.43393433
"@USER @USER @USER dictadura ideologica, termino clasico de fachos pobres",0,0,0.36406323
"@USER Me imagino q tú has de ser venezolano o cubano, xq el hijieputa q uso vera es una expresión tan ecuatoriana como el  “ya careverga” y no es q le@USER diciendo q las facciones de su cara tienen algún parecido con el falo.",0,0,0.46860373
"Antes de hablar informaros, putos incultos 

Greta tiene una enfermedad que se llama Asperger que es muy parecido al autismo, así que no pone caras raras, es su enfermedad lo que le hace ser así 

Panda de gilipollas LINK",0,0,0.466532
"@USER @USER Pensé que era broma, ingresé a líder. cl y lo primero que aparece es ""comparte tu orgullo"",  Walmartchile jamás me convencerá No enorgullecen a nadie lesbianas,  gays., trans,  bisexuales o queers, es anormal y punto",0,0,0.4852438
"#LaEscoPPetaMafional Hoy Rivera, mañana Casado a la valla de Ceuta, a hacerse la foto y a competir a ver quien es mas facha de los dos. Pero, ¿acaso saben de que hablan?. LINK",0,0,0.46791473
Ah no ctm yo me voy 😂😂😂 #YoSoyCHV LINK,0,0,0.40391272
"@USER Pinto la vida sin papel,vuelo en el aire sin motor.",0,0,0.39790633
No hace falta saber demasiado para ver qué la sentencia de los jugadores del Arandina está mal lo mires por donde lo mires. En primer lugar antes de todo no puedes castigar la reo con una pena de prisión de más de 20 años por la suma de varios delitos menores de 20 (Art 76  CP),0,0,0.43887615
"ya me propuse no dormir hasta terminar un trabajo,,,o por lo menos hasta saber como hacerlo, calcular cuanto me podría demorar y así cachar si puedo dejarlo para mñn🤡",0,0,0.35016668
"Una semana más, Guardia Civil, Policía Nacional y Policía Local de Palma insisten en la necesidad de vallar el parque Wifi y cerrarlo por las noches. Además, los cuerpos policiales han informado al juez de la presencia de un grupo muy numeroso de árabes, entre los que se encuentran los detenidos, que están generando muchos problemas. ¿Y qué tal si la policía local, la guardia civil y la policía local hacen su trabajo? Pillaron a unos gamberros montando escándalo y bebiendo. ¿Les multaron? ¿les vigilaron porque sabían que era un lugar problemático? ¿vigilan el parque continuamente para pillarles antes de que ocurra una desgracia? La policía en España nunca hace su trabajo. De hecho, la Unidad de Rayos (motoristas) les había sancionado por incumplir las medidas de seguridad y sanitarias. Unos borrachos bebiendo en la calle, acosando a la gente, y les sancionan por no llevar mascarillas. He perdido la cuenta de veecs que he llamado a la local para decirles que había gente bebiendo y gritando en la calle. Hasta conozco a alguien que vio cómo se montaban carreras ilegales de motos debajo de su casa. Solo han venido - Cuando unos cuantos le metieron una paliza a otro - Cuando durante el encierro usaron los columpios del parque (vallados). Ahí vinieron como los hombres de Harrelson. Coches y furgonas con las luces.",0,0,0.4350205
un compañero de quejaba “ay más cuarentenas estoy chato de esta wea” y le pregunté si se fue a vacunar y dijo que no. Y COMO QUERI QUE SE ACABE SAPO CTM,0,0,0.4426676
"El patriotismo me da asco, al final consiste en darlo todo por tu país cuando tu país no hará nada nunca por ti. Es un lavado de cerebro.",0,1,0.50900066
Un repaso a la sentencia del Arandina LINK,0,0,0.4718736
El enojo de una mujer es como la luz de 'Check Engine'... no tienes ni puta idea qué está pasando y es mejor esperar a que se apague solo...,1,0,0.47278115
Estoy escuchando una puta canción y la pelotuda de Demi Lovato se pone a hablar en el medio. CANTÁ Y CALLATE LA BOCA.,1,0,0.48249128
Ay pobre Cristina!! Ponte las pilas 🔋mujer #GreysAnatomy,0,0,0.42467135
"Toma hijo de re mil puta,te mereces eso y una buena cagada a palo solo,son unos pedazo de mierda @USER LINK",0,0,0.43320304
"@USER Montapollos porque no te mueres perra , aquí tienes carne ???? LINK",1,0,0.4356045
"@USER Los pueblos de Chile, a excepción de Fachistán (el pueblo del que habla el payaso), comunican que esperamos con ansia la disolución de los hdp con miras a tener una policía que no nos robe, mutile, mate, intimide y abuse. Fin del comunicado.",0,1,0.532379
"@USER La raja entonces, la calidad de vida de los vecinos no importa con esos verdaderos patios de comida caribeños, que son muy desagradables.",0,0,0.4707634
"@USER Que ella no haya salido no quiere decir que en venezuela hayan llegado más de 3 millones de colombianos a joder en su mayoría. 
Gracias.",0,0,0.42889923
"@USER @USER @USER No más comunistas
No más feminazis radicales!!!",0,0,0.41905722
Me gustó un video de @USER LINK INMIGRANTES - Muxaxitos - (album) Maquinas de Amor,0,1,0.50171363
¿Cómo puedes saber si una página web de inmigración es una estafa? Obtén más información al respecto en nuestro #HelpCentre: LINK LINK,0,0,0.48954573
@USER @USER @USER No le hagas caso a esos gays reprimidos amistad mientras yo sepa ke es mayor de edad basta y tengo pruebas además nadie le pidió ke viera mis fotos. Mejor ke se ponga a trabajar viejo senil solo roba el oxígeno a los demás 😂,1,0,0.44332302
"Otros 200 inmigrantes ilegales más han cruzado por la fuerza la frontera de Ceuta. Siete guardias civiles heridos, y el ministro Marlaska (la voz de su amo Sánchez) pretende eliminar las concertinas. Insisto, estamos al borde de una desgracia. LINK",1,0,0.41795188
"Si nunca has sido víctima de acoso, abuso o violación es complicadísimo que entiendas el dolor, miedo e impotencia que te invaden. Y no, callarse no es la solución.",0,0,0.47302625
"La verdad es que esta gente hace lo que se propone, de eso no hay dudas.",0,0,0.4457465
"Tunez: el principal sindicato UGTT rechaza las condiciones del FMI para ""ayudar"" al pais.",0,0,0.40423304
"""Con una ascendente carrera musical, letras de corte confesional y temática LGBTI, además de pasos por escenarios extranjeros, Aguilera y Torés son desde anoche las primeras mujeres ganadoras del premio Pulsar a Mejor Artista Rock."" Gracias @USER !

LINK",0,0,0.39079207
"@USER @USER Que latera la gente. Por weones como tu hay muchos que ni siquiera van a ir a votar mañana. 

""Lo perdimos"" ""nosotros vamos a decidir"" ya guachito, vaya a acostarse para que no se quede dormido y después no diga ""no voto, me organizo""",0,0,0.48836872
"Sí, exactamente lo mismo. De hecho no te vayas al pasado. Acutalmente exportamos ingenieros y profesionales cualificados..¿y que importamos?",0,0,0.4198616
@USER Nada amas delirante que zurdos disfrutando de todos los privilegios del modelo neoliberal capitalista mientras los critica.,1,0,0.42646125
@USER Peruanos y peruanas no se dejen pastorear por una televisión sesgada y comprada.,0,0,0.43550777
"@USER @USER dale asilo al pobre weon, aca es un perseguido político e ignorado en elecciones, solo la TV lo infla,  pero lo mas seguro es que sea publicidad pagada porque a nadie le importa su opinión",0,0,0.4921447
@USER @USER es que era muy malo comentando... igual que tu eres muy malo como politico. Acabarás como él.,0,0,0.4667956
"@USER Si era español solo me encajaba el Mataviejas de Santander, pero si es latinoamericano ya ni puta",0,0,0.38493273
Vienen los mejores.,0,0,0.47379658
"muere un político, hoy los tontos de Twitter tienen uno de sus ""días fértiles""",0,0,0.4302061
"@USER Cuando los violadores son marroquíes, subsaharianos o pakistaníes, no ponéis ni los nombres... Con la cara rara que tienes",1,0,0.4778728
@USER @USER el Caucescu que trató con toda la Europa capitalista sin ser considerado dictador hasta que hubo que justificar la caída d URSS?,0,0,0.4203739
"Como el Mac Mini no tiene webcam y varias personas me han reclamado, compré una en oferta

Full HD y con una nitidez que realza espinillas y puntos negros 🤦‍♂️",0,0,0.46762824
ZÁNGANOS CRIMINALES!!! LINK LINK,1,0,0.44482726
"No le podemos poner “feminista” a todo lo que hacemos, que genial sería fuera tan fácil que hubiera congruencia entre la teoría, lo que somos y nuestra praxis.",0,0,0.45754775
"@USER este tío es subnormal, qué esperar de alguien a quien casi le dan de hostias por machista en tunnel xd",1,0,0.43460605
los datos no engañan. Ni con las masivas obtenciones de la nacionalidad española. Y si divides por origen los datos gritan conclusiones. Strike a los datos. Viva la propaganda mueran las matemáticas.,0,0,0.48988426
"@USER Si soy tetera, ¿me deben decir tetero o tetere?, porque tengo pico. Y no se dice quicio, sino quicie. En fín, cada día soport@ men@USER a l@USER fanátic@USER del fals@ lenguaje inclusiv@ de izquierd@",1,0,0.43921354
"@USER Hay que ser muy weones para unirse a esos qlos repúblicanos ""patriotas"" ideologicos, que lo único que quieren que todos piensen como ellos, no Gracias.",0,0,0.45184436
"Lo trataré con el trato maricon, penca, discriminatorio como trató a varios de mis compañeros 😒 VIEJO CULIAO.",1,0,0.43992552
"@USER Felizmente que el Aeropuerto Internacional es de Lima y Callao. No hay otro igual en el resto del país, así que caminen mismo chamos nomas 😆",0,0,0.43092546
"@USER Se le olvidaron los millones que les paso la CIA para que apoyarán el golpe de estado no más.... Libertad y desarrollo po fascista qlo... Te macaqueas pensando como torturaban a compatriotas, enfermo sádico y la CTM. Estas en el 2 piso haciéndo felaciones..",0,0,0.46388325
"Pues puede ser porque el juez sea de ultraderecha. Muy fácil: cuanta más delincuencia haya en la calle, más fácil pueden calar los discursos basados en el miedo. ¿Qué hacen entonces? Retorcer las leyes hasta el límite (o directamente saltarse las leyes) para perdonar todo y evitar que este tipo de delincuentes sean retirados de la calle durante unos meses.",0,1,0.522539
@USER Cállate ya y se justo hijo de puta haber si te mueres ya Putin pringau de mierda me tienes hasta la poya,0,0,0.4119813
No hay lugar que disfrute mas que una fiesta sudaka,0,0,0.40418625
"@USER @USER @USER @USER Te hubieras quedado allá, Castro.  O te trataron como sudaca??",0,0,0.41531903
"No rompan la cadena 👿☠️

Altura: 1.66
Signo: para que?
Tatuajes: Nah
Color favorito: Negro LINK",0,0,0.44702488
@USER Me parece que está a media máquina Brasil.. con freno de mano..los.venezolanos todos en el arco,0,0,0.46294567
"@USER Bien sabes que la inmigración a Europa de gente de origen árabe es un movimiento impulsado por Soros y los sionistas para crear caos ahí, en Europa.  Venganza ancestral de judíos contra vaticanos romanos (año 70 arrase de HieroSalem). Arrasar ahora el Vaticano. LINK",1,0,0.41783708
"Bueno gente, tengo que confesar que durante todo este tiempo estuve mintiendo, no soy un rioplatense de ascendencia francesa, italiana, alemana, bielorrusa y chechena, sino un mexicano de ascendencia chuchumeca, dejo una foto de prueba as me tratan de ""sudaca"" con argumentos.",0,0,0.45518366
Metete tus armas en el culo facho culiao LINK,0,0,0.47209576
"@USER Respecto al tema de la hipocresía, puede ser igual, pero aún así no encuentro normal que un niño de esa edad ande diciendo como si nada “todas las mujeres son putas” para dar risa o para sentirse incluido en el grupo.",0,0,0.4796893
"La frase de acoso sexual, que nos lanza el gobierno todos los días... LINK",0,0,0.42833713
Maduro grandisimo hijo de puta cállate la boca no te cansas de cagarla cada vez que abres la boca que tipo tan aberrante y pesado!!,0,0,0.42995515
"@USER Lástima que, veinte años después, haya tenido que aparecer esa mugre podemita adoradora de Otegi para poner en cuestión su figura",1,0,0.38310227
"Antes de ayer, un ilegal guineano se coló en un club y armado con una botella rota violó a 3 chicas. Ni he visto manifestaciones feministas, ni la publicación de este grave hecho delictivo en los medios.",1,0,0.45243382
"La inmigración ilegal es como uno de esos irritantes grifos que gotean en la cocina...\n\n\nHaces la vista gorda y poco a poco va empeorando, hasta que llega un día que te encuentras con una inundación que te traerá problemas mayores.",1,0,0.48474592
"40.000 ESPAÑOLES VIVEN EN  LA CALLE Y 2 MILLONES VIVEN EN INFRAVIVIENDAS Y CHABOLAS.  MIENTRAS ......EL GOBIERNO SOCIALISTA Y LAS ONG DE IZQUIERDAS ALOJAN A MILES DE INMIGRANTES ILEGALES NEGROS Y MUSULMANES EN HOSTALES, PISOS Y HOTELES....",1,0,0.48816583
"Al nuevo Monumental si voy, así me toque ir a pata like the chamos",0,0,0.48880565
Ciudadano boliviano con residencia en Chile fue hallado muerto en frontera de Colchane LINK LINK,0,0,0.34469822
@USER @USER @USER @USER @USER @USER Si se une a la sala vamos a cachar al tiro jajaja,0,0,0.39198786
Cubano advierte a Chilenos LINK,0,0,0.4097283
"@USER votare el Dom en contra d Oliva y del comunismo,no dejare al azar el destino del país,no jugare a q esta mujer deje la escoba(obvio q así será)pensando en q eso afectara a Jadue, no estamos en condiciones d ponernos choros,sorry si molesto a alguien soy patriota y Repúblicana",0,0,0.4142431
Me estaba encantando mi clase micro hasta que dijo mi profe “feminazis” mucha maestría pero 0 educación.,0,0,0.4463154
"Las Feminazis (y el feminismo radical en general, y las “políticas de género”) son la principal causa de la violencia contra la mujer. Muy atrás vienen todas las demás.",1,0,0.49289307
@USER Es una pena que personas que trabajan por la seguridad del país sean asesinadas por delincuentes… QEPD.,0,0,0.40431395
"Vaya combo de zascas te has comido, chaval.. Menuda humillación.. Si tuvieras algo de dignidad cerrarías tu cuenta en Menéame, darías de baja tu línea de ADSL, y no volverías a usar internet en tu vida, ""campeón"". junio de 2020 tenías que ser..",0,0,0.39748618
"Te das cuenta que a esto le falta tanto cuando el machismo esta arraigado tan dentro. Y la excusa ""es que mujeres como tal"" si se lo merece.  NINGUNA LO MERECE.",0,0,0.4529817
"@USER Callate la boca! Subnormal, que no tienes ni puta idea de fútbol",0,0,0.46156755
"""EEUU. Una investigación forense realizada con cuerpos de cerdos muertos colocados en el desierto de #Arizona (EE.UU.) hace temer, por la rapidez con que """"desaparecen"""", que las cifras oficiales de muertes de inmigrantes indocumentados sean muy cortas. LINK LINK",0,0,0.4280759
"Si alguna vez te trate como una princesa perdoname, no te lo merecías sos una puta.",1,0,0.3845804
Paz Vega va peinada como uno que estaba en mi clase del colegio que era monguer. #goya2017,0,0,0.446252
Y coge la muy furcia y me dice: -Mira nena el culo de Christian es solo mío ¿te enteras? Que fuerte lo de esta gent… LINK,1,0,0.45789185
Los toros negros tenían muchos caballeros mágicos con nivel arcano 😱,0,0,0.419377
"Un país serio sacaría hasta las F-100 para fletarlas de marroquíes y llevarlos a sus países, hay que sensibilizarse con ellos.",0,0,0.40589094
Desbordes habla de estado de derexho y trata a los presos de la revuelta de delincuentes y en la mayoría de los casos que ya terminó el juicio salieron libres no sólo por falta de pruebas sino que también por registros que demostraban su inocencia. Prejuicio #CandidatoDesbordesMV,0,0,0.41179785
.@USER reclama la retirada del monolito franquista de Son Servera LINK,0,0,0.4257558
con la LIVG como precedente es perfectamente posible. Buen apunte.,0,1,0.5295272
"Me he dado cuenta que Los Masculinos™ son capaces de “piropear” hasta un palo de escoba con falda, hasta que le reclaman sus conductas erradas. Ahí todas son feas, locas, feminazis, etc.

Prefiero ser “fea” que no tener criterio ??‍♀️",0,0,0.44946223
Vive les pistaches des arabes!,0,0,0.446037
"si usas maricón como insulto y para hacer daño, obviamente me va a molestar porque estas dejando claro lo homófobx que eres, si me lo dices de coña o porque tienes confianza, me da absolutamente igual. Ahí está la diferencia: en la intención. LINK",0,0,0.4425472
"No tengo patrimonio, ni familia, ni me importaría ir a la cárcel. Lástima no ser independentista porque podría llegar a conseller.  #genial LINK",0,0,0.4499178
"Pesos chilenos si, porque 5 millones de pesos colombianos no rinden nada (1M CLP) LINK",0,0,0.40481544
"@USER No se que decirte, en el bloque independentista la izquierda ha ganado. Triste por la CUP, pero al menos mantendrá la presión sobre JxCat. Si luego miras globalmente pues si, ERC+CUP+Comuns no son mayoria de izquierda.",0,1,0.5042888
@USER ¡Cállate! Zorra insensible.,1,0,0.40768084
"Los ctm llorones wn, que paja #VamosChile",0,0,0.4052618
@USER Te lo re mereces perra,1,0,0.42050803
Si defiendo la Constitución soy facha. Voto una mayoría por ella. Eran fachas?,0,0,0.44446853
Emociona ver tanto desborde de cromosomas contra los weones más odiosos el continente,0,0,0.4276019
"@USER Claro, por subir la foto que le dé la puta gana a su Twitter es una guarra. Asocias enseñar carne con ser guarra. Espero que seas de los que lleva jersey de cuello alto en pleno verano.",0,1,0.5171047
"a Primark, que tributa en Irlanda. Ya era hora de que alguien tuviese el valor de enfrentarse a los putos negros que con sus sobres, sus sobornos y sus chiringuitos financieros han vendido el país. Es ironía por si algún subnormal me reporta.",1,0,0.47269806
"Mientras no te afecte, cállate la puta boca, que os la sude lo que haga la gente, pesaos, cansinos, callad ya uf",0,0,0.4162111
"Vieja de mierda, te mereces todo lo que esta mal hija de mil puta, te tenés que morir prendida fuego la concha de tu hermana",1,0,0.44476315
@USER NO VOTAR POR LA IGNORANTE COMUNACHA .. La Tere Marinovic no votará en esta elección LINK,0,0,0.43882552
"Atent@USER, al parecer la DC le pagará el favor a la derecha. Este jueves se vota el TPP11 y @USER será la candidata de las 2 derechas. La ambición de esta mujer llevará a Chile a su completa destrucción. Nunca seremos un país Libre, Soberano, con Autodeterminación.😡",0,0,0.46153092
@USER @USER Un poquito de por favor. Los indígenas al igual que las tribus africanas de aquel momentos ya tenía un sistema lingüístico. Que sea diferente al que conoces es otra cosa pero muchas palabras de nuestro español vienen de lengua indígena aproximadamente 120 lenguas diferentes,0,0,0.46291244
"Negocio redondo, quiza haya que extender esto para que se acaben de pirar todos",0,0,0.45268264
"VAYA RETRASADO; NO TIENE NI IDEA DE FOTOGRAFÍA, NO ES CAPAZ DE ENTENDER MI TRABAJO ARTÍSTICO QUE ASCO DE PERSONA LINK",1,0,0.40692165
Sapos culiaos como tanta suerte wn!,0,0,0.4443069
Son victimas.,0,0,0.43992716
"@USER validando la violencia @USER del criminal y asesino de @USER , validando a @USER no queremos @USER Fachos  se rigen por el poder corporativo  les importa un carajo la gente, no sólo el frentePC,cualquier humano conciente x @USER LINK LINK",0,0,0.42872968
"El gran problema de los zurdos es que para convencer al tonto, niegan todo lo malo que pueden ser y luego que llegan al poder, son peores que eso…  

Sra/Sr, No le crea a @USER. En el mediano plazo vivirá en condiciones peores que las de ahora y sin libertad.",1,0,0.4537461
@USER Tómelo como un piropo Dra. La gran mayoría son ignorantes como éste.,0,0,0.45176896
Países del G7 acuerdan crear un impuesto del 15% para las grandes empresas... La Derecha chilena los tratará de comunistas LINK a través de @USER,1,0,0.48196593
@USER @USER Tildar d machista a alguien por hacer 1 chiste con clichés machistas es como llamar a 1 negro racista por hacer 1 chiste de negros. Ridículo,0,0,0.4657268
"Si has estado con el gobierno durante muchos años, es normal que para defender a tu aliado utilices tu capital simbólico.

Si Morales cayo fue por el pueblo movilizado. #Bolivia

| Adriana Guzman, aymara y feminista comunitaria   LINK a través de @USER",0,0,0.45841852
"@USER @USER @USER las hembristas me recordáis mucho a los comunistas, ""si no piensas como yo eres un fascista/machista""",0,0,0.469093
"@USER La lectura sería q Ciudadanos ha ganado en votos, pero que el grupo independentista agrupa la mayoría en el Parlament, o sea, q estamos como antes, seguiremos luchando para lograr la independencia. No lo dudes!",0,0,0.39634916
"@USER Not welcome. Pero nadie, nunca nadie te ha apreciado como los chivos. Nunca ha existido una mejor relación y jamas de los jamases alguien ha tenido tan buena opinión sobre ti. Sudaca.",1,0,0.39847204
Una cagada !!! Realmente Yam mediocres son que los bolivianos están felices con el empate 🤦🏻‍♀️ por la chucha Chile !!! Como te pasa la cuenta no HACER GOLES !!! Weones  #VamosChile,0,0,0.40837768
@USER Supongo que te referirás a la hija de puta que ha matado a sus dos hijas y luego se ha suicidado. Podía haber empezado por matarse ella Donde están las feminazis??????,1,0,0.4405594
Bueno pues a fregar los platos y la cocina,0,0,0.44555405
"La canción fue escrita por Mon Laferte a finales del 2019, inspirada por una visita a Chile, durante la cual tocó en la cárcel de mujeres de Valparaíso

LINK",0,0,0.43803844
"Ustedes entienden que el interurbano La calera (q es lo mas sudaca en medios de transporte) pasa cada 15 minutos y en la segunda capital del pais, sobre una arteria principal a 30 cuadras del centro, la frecuencia es de 25 minutos. Eso es @USER  INUTIL.",0,1,0.528745
"si son de bandas, son chavales que hasta igual nacieron aquí o por lo menos se criaron. No leí la noticia pero no creo que sean adultos.",0,0,0.47860724
El emprendimiento de mi hermana  hermosos botines de mujer LINK,0,0,0.36453572
@USER Me tienen chata los venezolanos con sus predicciones,0,0,0.43739372
@USER @USER Si forma gobierno el bloque independentista me juego el cuello a que tenemos otro 155.,0,0,0.44290757
"@USER aquí te estás confundiendo y mucho, acabas de llamar analfabeta a toda la afición rayista, como ahora te puedo llamar yo subnormal",1,0,0.45128396
Hijo de la gran puta y que lo parió ctm!!!,0,0,0.37446833
"Soy yo o el hijo de marley ya creci y te mira con desprecio, negro sudaca ni me des like",1,0,0.41634426
@USER en diversos empleos he tenido 5 jefas mujeres que han sido unas abusadoras prepotentes y cagaas del mate.,1,0,0.3958961
Se trata de un varón de 28 años y nacionalidad argelina que cuenta con numerosos antecedentes policiales\n\n\nLINK,0,0,0.37612823
"Muchas veces terminé votando por el ""menos malo"" o el ""me tinca menos deshonesto"", incluso por el ""este pobre weón no sale ni por las tapas""... Hoy me enfrento al ""cual de los dos es menos aweonáo""
Y déjenme decirles que es dificil dilucidarlo, aunque cada dia se superan solos.",0,0,0.49900138
@USER @USER Aquí todos los delincuentes ( basura sudaca) que nos ha venido😠 la llevan encima del chándal les pega para ese baile'.. de perros salidos..💩💩⛪,1,0,0.43766627
"@USER Su hermano falleció, no pueden apelar al clickbait con una muerte. Nefastos.",0,0,0.40572795
"Qué sexy me ha parecido siempre Karra Elejalde. Sexy de querer follar, una cosa loca. #Goyas2017",0,0,0.41650584
"@USER Confirmas que algo serio ocurre en tu cabeza (y probablemente, también en tu corazón y alma).
Entiendo que hay mucho que arreglar, pero la solución NO es levantar líderes ignorantes, con odio, cero preparación y anhelos de echarle mano a lo que no producen.
Cero aporte, Karina.",0,0,0.44806695
"Invitamos a las ""Jornadas gratuitas de formación, promoción y sensibilización de derechos y garantías para la población con necesidad de protección internacional, refugiada y retornada - PNPI"", con el apoyo de @USER\n\n\nInscríbete en: LINK LINK",0,0,0.4819946
"El arbitro pelao culiao que le brilla la pela esta pa tirarle un sopapo en la cabeza por perkin y cobrar puras weas, saludos cordiales",0,0,0.40638417
"Rocío Monasterio (VOX) invita a Díaz Ayuso (PP) a acompañarla para conocer la realidad que se vive en la calle con los MENAs. Lo que para el PP de Madrid es populismo de VOX, para los vecinos es una emergencia. URL",0,0,0.47397557
"Un estado nación árabe islámico de los muchos que hay, protestando porque se cree el primer y único estado nación judío. Un ejemplo de quienes son los racistas e intolerantes: los musulmanes, estos a los que tanto adoran en la UE dandoles casas y pagas a sus inmigrantes. LINK",1,0,0.44569182
Esclerosis Múltiple del Campo de Gibraltar y Marín Joyeros suscriben un convenio de colaboración LINK a través de @USER de la Villa,0,0,0.41328794
Para eso tenemos a Vox y Abascal que siguen ciegamente.. haciendo el ridículo.,0,1,0.5176514
Estaba tan feliz porque mi mamá había echo empanadas árabes y las amo. Resulta que cuando las como le había puesto CHILE HABANERO que trajo de Mexico. porque es tan cruel el amor ?,0,0,0.48202637
ayer me di una hostia y ahora no puedo bailar por la casa haciendo el retrasado porque me duele el culo. #drama’shouse LINK,0,0,0.45681673
Menudo demagogo eres. Estás dando por hecho que podemos hacer algo por las condiciones laborales de esa gente que luego encima nos invade en patera. Pero lo de cambiar la imagen de unos cacahuetes sí está en nuestra mano hacerlo desde la comodidad del sofá de nuestro hogar.,0,0,0.4942256
"📋Hoy Magistrados/as y Funcionarios/as del 1º y 9º Juzgados de Garantía de Santiago participaron en la primera charla taller del ciclo ""Delitos de violencia de género hacia las mujeres"", realizada por la Prof.Tatiana Hernández Comandini. @USER LINK",0,0,0.4373743
@USER Puta Greta ajaja,1,0,0.3585458
"Dos de las cosas que más me gusta hacer son viajar y leer y, gracias a “Aya de Yopougon”, he podido visitar durante unos días la Costa de Marfil de finales de los 70s y comienzos de los 80s LINK",0,0,0.4311603
"@USER @USER Lleva 40 años de político, y Orrego se le destaca su mafia con las casas copeva. Entre otras cosas.
Pero claro, dan más miedo los ""comunistas"" jajaja.",0,0,0.4945844
@USER tu eres mala y puta,1,0,0.40434062
@USER A mi lo que me deja un poco descolocada es Albiol reconociendo la victoria independentista y Arrimadas creyendose presidenta 🤨,0,0,0.4072636
@USER Todos los de IZQUIERDA SON Y SERAN IGNORANTES,1,0,0.4055666
"@USER Y la de cualquier país con gobiernos de inútiles, sólo que trump es como el inútil supremo",1,0,0.44347823
¿Eran de los que le peqaron un tiro en la nuca al mío por pensar diferente entonces? Así de solucionaba el paro de golpe.,0,0,0.48731536
"Quien no vea lo que está pasando, o no se entera de nada o es un fascista. No hay más. Otra agresión nazi archivada. LINK",0,0,0.42765245
"@USER @USER Y q salga esa mujer rasca, sesgada, ignorante??
Omg!!!",0,0,0.4335761
si es morito no hay delito,0,0,0.42263857
Estamos a puntooooo ctm. LINK,0,0,0.40206274
#CLM @USER reclama un pacto de Estado sobre inmigración y exige a Casado que sea más… @USER @USER LINK,0,0,0.3814718
"No voy a defender a agricultores que tienen semiesclavos por cuatro perras, pero la solución no es únicamente castigar con cárcel. Hay que hacer algo para facilitar que ofrezcan mejores condiciones de trabajo, porque si se ven obligados a vender por debajo del precio de producción es muy difícil. El agricultor puede intentar cambiar de intermediario, pero es el mismo perro con otro collar. Abusan de posición de poder negociador (si no compras a este precio se lo compro a un país extranjero).",0,1,0.51641667
"Están mandando audios hablando de no sé que de fachas y de que viva España. Que vergüenza de gente... Niiños, niiños, fuutuuuro, futuuuro.",0,1,0.50756156
"Manipular es hacer creer que hay una corriente católica que incita a matar a alguien cuando no es así. Manipular es obviar que hay una corriente (vamos a dejarlo as?) salafista que sí arenga e incita a matar infieles no musulmanes. Y el despiporre de la manipulación es decir o insunuar que ""Si es que los unos son iguales a los otros.""",0,0,0.48371148
"Ir en el bus y que un gilipollas suelte, cito textualmente: ""una cosa es ser homosexual y otra cosa es ser mariquita"", me explicáis??????",0,0,0.46465984
"Estoy aburrida de escuchar comentarios como: “¿una niña diciendo groserías?”, “es qué hay mujeres que no son tan femeninas”, “a mi esas feminazi no me representan, que boleta” 
¡Que puto fastidio! Y que tristeza que quienes lo dicen, son mujeres... ?",0,0,0.46416306
Me encanta lo mal que les cae Greta Thurnberg a los fachos chupapijas. Es increíble ver la ineptitud que todos tienen. Es una niña y no pueden con ella. Vergüenza magistral debería darles. Amo verlos sufrir y estar enojados por una pendeja de Suecia. Aguante el medioambiente!,0,0,0.4656853
@USER @USER @USER @USER Ah verdad q las micros y el metro van llenas d puros weones d derecha 😂😂😂 nosotros mantenemos funcionando el país dice el barsa ctm!!! 😂😂😂,0,0,0.4281693
El reggaeton árabe de los anuncios de Youtube no juega carro.,0,0,0.46419188
@USER No faltará el ignorante que vote por este estafador LINK,0,0,0.43427423
"Yo no he críado ni mantenido a ese forero. ¿Tú si? Vaya cosas raras haces, macho.",0,0,0.46596578
"–Severus, ¿después de tanto tiempo? -Nunca es mal momento para enseñar la polla.",0,1,0.50514054
@USER Tu eres una perra 😍,1,0,0.41714472
@USER Deja en paz a los nuestros. Bruja perra mala. Asquerosa.  Presunta estafadora.,1,0,0.4398041
"Y más barato aún hacer un agujero y.. Vale vale, ya me callo señor abogado",1,1,0.5003401
"@USER En serio, me meo maricón",0,0,0.43453234
Árabe de Papichamp y Ecko es todo lo que está bien😻,0,0,0.3956678
@USER A ver por dónde jaja,0,0,0.41843265
"@USER 72 años hombre, no se vacunó por que su pareja de 55 años mujer, era conspiranoica antivacunas. 
Resultado: Ambos contagiados Covid hace 3 semanas, el falleció hace una semana, ella internada en el hospital con Respirador.",0,0,0.4457128
@USER vete a ver La Bella y la bestia anda maricón gangoso,1,0,0.43946564
A ver cuántos de los nominados a los globos de oro llegan libres de denuncia por acoso sexual o violación.,0,0,0.46555758
Eliminemos a todos los que no piensan como yo. Y después los fachos son otros. 🤷🏻‍♀️ LINK,0,0,0.46351066
"Voy a empezar las clases y los weones de la construcción del lado meterán más bulla que nunca... 
Que lindo es hacer clases desde tu casa...",0,1,0.5369282
¡Sorpresa! También hay fachas en Catalunya #Eleccions21D,0,1,0.50760674
@USER @USER @USER Que pasa con las fronteras del norte?.todos los días entran inmigrantes por ahí...,0,0,0.47574025
"@USER te amo mi hermano, tu eres mi única perra fiel",0,0,0.41808924
"ésto si que es muy progre, el progreso, no robamos, damos contratos inflados a gente que se supone que hace un bien y ""no tiene"" ánimo de lucro, pero mientras tanto sueldos cuencoarrocistas a los que realizan el trabajo por el que les subvencionan, y los administradores.. sueldazos..",0,0,0.48244628
"Vivir a la defensiva en un bello lugar....que todos podrían disfrutar, árabes e israelíes LINK",0,0,0.39872372
"@USER @USER 😬 jijijjjj  fue cuando pasamos de la foto 1 a la foto 2 (fines de los 80) y fue la novedad tecnológica de monitores en blanco/negro para computadoras PC, que permitían imagen más real y fotográfica 😂🤭",0,0,0.43911365
"¡Que sobresalto al leer el titular! con las prisas pensé que el gobierno pedía a Iglesias que llenase Villa tinajas de emigrantes, menos mal que al final leyendo me di cuenta de mi error.",0,0,0.41588143
"""Y NADIE SE HA PREGUNTADO LO QUE LE VA A COSTAR AL HOMBRE DEL GUANTAZO LA SITUACION..?!? PORQUE SEGURO ES, QUE EL MENDA MUSULMONO LE VA A PONER UNA DENUNCIA, QUE EL FALLO VA A SER """"CULPABLE"""", QUE UNA PANDILLA DE MUSULMONOS LE VA A ESTAR ESPERANDO DELANTE DE LA PUERTA DE SU NEGOCIO LINK",1,0,0.4735463
"CÁLLATE PUTA, ZORRA, BORRACHA, DROGADICTA
LINK",1,0,0.42496076
"#Opinión
Niñas, mujeres.
Por @USER 

? ""Parece reinar una gran confusión entre las personas que, desde una ideología machista, no terminan de ver clara la diferencia entre una niña y una mujer""
LINK",0,0,0.44042942
"@USER Leo siempre tus post y de verdad eres una gran mujer, no se preocupe de lo que digan los demas",0,0,0.39237842
Al final tendrá razón El Mundo Today y los tendrán que llamar Mongolitos.,0,0,0.49860844
"@USER @USER Trabajas para la RAE? No verdad,pues cállate la puta boca.",0,0,0.4237275
#calidaddelaire  Durante el día de hoy esperamos niveles altos de partículas en suspensión por intrusión sahariana echa un vistazo a la previsión 👉LINK de @USER,0,0,0.4781476
"“Las #luchaspopulares son múltiples. Tienen una dimensión #clasista y #ambiental, una dimensión #étnica, una dimensión #feminista y #antipatriarcal, una dimensión opuesta a la #xenofobia y al #racismo” (Acosta, A &amp; Cajas, J. 2019). Conoce mas en: LINK LINK",0,0,0.41933826
"@USER y a la vez fue escogido por Dios como sacerdote del hogar aún cuándo es unifocal y la mujer tiene la virtud de ser multifocal. Por otra parte no debemos obviar que al 1º que debe amar y cortejar es a Dios,",1,0,0.4063393
"@USER @USER Yo también creo que tú eres una mala puta y también me quedo corto, además de mal educada...",1,0,0.43372348
Africanas y líderes: ellas construyen el futuro de su continente LINK vía @USER,0,0,0.41703692
"@USER Las prostitutas estarán hasta el coño de ti Pablo Fernandez, putero de mierda!",0,0,0.41993815
AQUINO LA RE CONCHA DE TU MADREEEE LINK,0,0,0.38569805
"@USER y @USER tienen razón, los inmigrantes vienen a imponernos sus costumbres LINK",1,0,0.4474112
"#LoMásLeídodeLaI » Envían a ""Las Machorras"" al Cereso elsiglodetorreon.com.mx/noticia/937176…",1,0,0.43389353
"@USER @USER @USER @USER Pd: Estudia más ortografía, que te hace falta, en vez de tanta tontería feminazi.",0,0,0.42829156
"@USER Los que somos democráticos tenemos que hacer todo lo posible por bloquear a los comunistas totalitarios, especialmente al mitómano JADUE.",0,0,0.44835463
"@USER hola, solo te escribo para llamarte puta. Un saludo y espero que mueras a manos de un moro inmigrante.",0,0,0.44620654
"Otras voces: ¿Una sudaca y un discapacitado juntos? Por los papeles, o por la pasta"""" LINK vía @USER""",1,0,0.44280386
"@USER @USER La historia popular se la inventa el pueblo. Ella decide inventarse su parte, aprovechando para provocar a gente como tú. Yo soy un tio y me molesta ver como os poneis a corregir ciertas gilipolleces mientras q luego os escandaliza",0,0,0.48047253
"Deje de confiar señores, soy un puto subnormal.",0,0,0.47453338
"Hoy no solo me gane el cielo, el infierno tambien.. xDD\njajajajajaja\nAyudar a alguien que se quedo sin papel en el baño xDD\nPero me demore un culo porque en el camino me encontre como a 3 conocidos xDD",0,0,0.43959093
Insostenible la titularidad del garrafa. Plantel culiao corto para tener a Espinoza y Brandon Cortés robando en el 11.,0,0,0.46768823
Grande Edu!! vamos ctm!!,0,0,0.40874752
"Fiestas Patrias 2022: Los vacunatorios del Minsa, EsSalud y las oficinas de Migraciones que atenderán este feriado largo LINK",0,0,0.44950575
"@USER @USER @USER Mucha ignorancia en Venezuela, creen que ser gay es símbolo de pedofilia. Los aberrados sexuales TAMBIÉN son los mismos que piensan que los gays no pueden amar o tener vida propia, todo lo llevan al sexo. Son unos IGNORANTES!",1,1,0.51812226
Originalmente la canción era usada en las marchas de protesta feminista en contra de la violencia de género. LINK,0,0,0.40437332
"@USER @USER Payoponi, sudaka, panchito\nEs la delantera del orinoko?",1,0,0.38909382
Trump dice a un político ucraniano que no levantará las sanciones contra Rusia LINK,0,0,0.3628446
@USER Maldonado vive con miedo. El mismo miedo que tienen los ignorantes con #JadueMeDaConfianza juran que se va a comer las guaguas. Llegamos al colmo que personeros del partido Socialista ataquen a #JaduePresidente. El nivel de la teta es monumental. LINK,0,0,0.4244216
Es súper obtuso decir que la soa Oliva perdió por su mal manejo porque si hablamos de eso hagamos un recuento de weones sin competencia que han sido elegidos democráticamente,0,0,0.445328
@USER @USER los guineanos tenemos un problema con hacer el ridiculo,0,0,0.42341703
"@USER Y los nefastos de Vargas y Meneses, no le hacen goles ni a la defensa de Melipilla",0,0,0.38694352
"@USER Callate perra, re despierta estoy",1,0,0.39573115
"@USER Binario viene por ej. Del modelo binario numerico, donde los numeros se representan por 0 y 1, esto tiene una equivalencia en que todo ( pero todo) se podria llevar a codigo binario..y es un largo etc. Pero los progres lo usan para evitar el concepto de ser hombre o mujer 0 o 1.",0,0,0.4659438
El techo de cristal independentista LINK,0,0,0.44260603
"y'all boomers be like: 

ajjj lenguaje inclusivo,comunidad lgtbq+,gente de color, inmigrantes,feminismo:???

ayy esposo que te saca la vuelta y pega,racismo,clasismo,termino ""feminazi"",machismo: ???",0,0,0.4382903
@USER Y dónde están las feminazis tras ver esto? No se indignan cmo lo hacemos las feministas pq ellas d feministas tienen poco. Ellas solo son unas desgraciadas q ponen las manos para pillar dineritos y quejarse solo d las cosas por las q ciertos partidos les pagan para hacer bombo...,1,0,0.47498998
Qué peste a culé esta pillando la afición madridista...,1,0,0.47424763
"Cierto, son 300, que la resaca hace estragos.",0,0,0.44001344
"@USER Hace 2 semanas íbamos a ir a Pichidangui, al día sgte. anunciaron fase 1 en Los Vilos 🤷🏾‍♀️
Nada que hacer 😔",0,0,0.4497871
@USER por la naturaleza más fuerte del hombre y también que hay mucho subnormal,0,0,0.43094593
"Tato: Feminazi no es un termino ofensivo. Yo: Eres cishet, no puedes opinar respecto a eso T: Entonces es el feminismo el q me oprime Yo: LINK",0,0,0.4478241
"@USER @USER Es el colmo, si fue ese miserable el que dijo que Lluis llach estaba más cómodo durante el franquismo!!!",0,0,0.43690303
@USER Los que vivimos en esas comunas Sí queremos cambios pero con alguien tan ignorante como Oliva eso es prácticamente imposible,0,0,0.4856079
OYE ARBITRO CTM CON GARY NO!,0,0,0.46000966
....abro la pluma...y twitter me pregunta.. en qué estoy pensando?... Y yo pienso que ASÍ NO SE PUEDE!!!... quien resiste tanta belleza acumulada??!!... De verdad..cualquier día de estos me hayan difunta..😅🥴🥴🥴🥴 LINK,0,0,0.4268088
"No es odio gratuito, no es ni oido, simplemente hablan sobre que exigir derechos a gente que no es ni de este pais, no tiene ningún sentido. Por lo menos a mí parecer, y al de todos los demás foreros. Ojalá no les hubiera pasado nada, pero no podemos salvar a todos los paises que estan en la pobreza, lo que deben hacer es recuperarse ellos.",0,0,0.45144883
"""Una eurodiputada del BNG desea """"violaciones múltiples"""" a Casado para que entienda a los inmigrantes LINK",0,0,0.40674716
@USER @USER Jajja cambios con una ignorante que ni siquiera sabe a qué postula .... jajajajjajajaakJAAJAJAJAJAJJAKAJA,0,0,0.39140877
"#RegistroSocialdeHogares vamos que venezuela esta 2º vamos Chilenos reventar TWITTER Y QUE ESCUCHE EL GOBIERNO"" LINK",0,0,0.43627852
"@USER Per hubiera sido al revés ,seguro lo habrían indemnizado al delincuente ,así están las cosas en nuestro país,el mundo al revés.",0,0,0.47147217
"@USER Como que trato de decir "" que la religion no se lo permite y deja de pecar""...🤦‍♀️😤 jajaja weon ignorante que horror que estos tipos esten en la politica🙄",0,0,0.4450471
"A mi me sorprende cómo una izquierda infantilizada se victimiza, cierta gente se suma viendo faltas dónde no la hay, pudores dónde no los hay y mmoralinas rascas.. No me molesta q'Oliva se victimice.. solo demuestra q'será desastre pestilente LINK",1,0,0.48540545
callate hijo de puta.,0,0,0.4282839
"Si hiciera un ranking de jugadores sudamericanos que detesto, Lampe debe estar Top 5 al menos. Culiao bueno pa' hacer tiempo.",0,0,0.48582754
"Una cuenta de 100 seguidores, me exige que le defina ""pueblo"".
La mandé a la chucha ¿fui muy grosero? Ya perdí la paciencia con los fachos infiltrados.",0,0,0.49725544
"@USER estos basuras como @USER LE TIENEN MIEDO A LOS CARPETAZOS , ESTAN MAS SUCIOS QUE LAS PAPAS NEGRAS",1,0,0.4368993
‘Hijo Rojo’: DC quiere presentarnos al Superman comunista LINK vía @USER,0,0,0.4543696
Callate por zorra le dice Damián jajajaja,1,0,0.42852873
Precios de la gasolina en Emiratos Árabes para el mes de agosto LINK,0,0,0.43663484
@USER @USER ???.  Eso quieren llamar la atención. Igual las feminazis. Nosotros les damos la vida con nuestra publicidad.,1,1,0.513994
@USER Cállate por la mismísima chucha maldita minoría electoral!!!!! Mejor anda a poner un local de impresiones y fotocopias pa cuando te quedi sin pega a fin de año,0,0,0.46259278
"hay una página que te dice si alguien que sale en la peli/serie que te gusta o quieres ver y así, ha sido acusado de violación, acoso, etc",0,0,0.45468336
"Hola Rafael ¿tu eres el SG de Alternativa Republicana, el partido político detrás de Miércoles Republicanos, verdad?¿Y esta inquina a P's? 🤨 LINK",0,0,0.4794111
El acoso sexual empieza a destaparse en la industria musical: poderoso magnate acusado de violación por varias ... LINK,0,0,0.42275822
"Voy caminando por la calle y le digo a un niñato que no haga grafittis,FACHA.",1,0,0.44067016
"@USER Ni tú eres perra ni yo soy un gato, mi corazón de repuesto, se muere por latir siempre a tu lado.",0,0,0.43507636
La imagen de una mujer embarazada pasando revista a las tropas siempre será recordada como un logro del feminismo. DEP Charme Chacón,0,0,0.44564155
Paren las rotativas que las chicas de los fachas se están dando cuenta de que los fachas maltratan… LINK,1,0,0.439715
@USER Q problema tan hijueputa en el q se ha convertido hasta responderle el saludo a estas feminazis de teclado,1,0,0.44382933
"@USER @USER @USER sí, por ende no las vamos a obligar a compartir con hombres, y en el feminismo rara vez tienen que hacerlo porque el feminismo es un movimiento por y para las mujeres",0,0,0.45729032
Han puesto a una niña negra para decir que los pijos también creen en la interculturalidad #topchef4,0,0,0.44586867
No sabes la nacionalidad de los acusados en esta noticia que mandas. Pero es que además no son delitos comparables. Violaciones y palizas son un grave problema de seguridad pública. El trapicheo de hierba ahora se hace en asociaciones legales,0,1,0.55512387
@USER @USER El pase de movilidad también sirve para sacar a pasear weones?,0,0,0.46744397
No es puerto seguro. Un rescate no puede terminar ahí. El jefe de rescate del 'Aquarius' asegura que su barco no dejará a ningún inmigrante en Libia LINK,0,0,0.45503917
Callate gorda puta la concha de tu madre,1,0,0.4361148
@USER @USER Si lo que vas a decir no es más bello que el silencio cállate la puta boca. Consejo… LINK,0,0,0.410362
"@USER Cuando agreden a los guardias civiles españoles en #Ceuta, en los medios nunca se muestran fotos de los heridos, y así a nadie les importa un bledo. Pero cuando se habla de las concertinas de la valla, bien que ponen imágenes de invasores que se hacen daño al quedar enganchados.",1,0,0.4762487
"@USER Aaa pues en mi caso me atraen sexualmente hombres, mujeres, y (lo diré así para que se entienda) hombres trans, pero no mujeres trans, me dijeron que eso era transmisoginia interiorizada, otros que soy bisexual heteroromantico y son muchas cosas, casi que prefiero no clasificarme",0,0,0.4097497
"La puta madre no quiero parar de llorar cuando Mica escribe algo o cuando veo el vídeo de ayer, se merecía demasiado llegar a la final no puedo creer lo q paso",0,0,0.38954565
Es una cuestión estadística.,0,0,0.47192806
"@USER Eterno candidato, te mereces una ensalada de patadas en la raja. Pobre weon decadente",0,0,0.4739807
Se ve que para las teles fachas españolas el atentado en San Petersburgo es de segunda ninguna abre el noticiario con esto,1,0,0.41287398
"Los guardias civiles que sean agredidos la primera obligación que tienen es la de disparar, por dignidad, pasando de los políticos mierdas.    200 inmigrantes saltan la valla fronteriza de Ceuta y hieren a cinco guardias civiles - LINK LINK",1,0,0.45464078
"@USER @USER Pues, mira la cara de gilipollas que tiene el moro cabrón. ¿De que presume?",1,0,0.48825136
"Entre más rápido se adhieran a la agenda de Gustavo Petro, más rápido llegamos a la miseria. Y quizás, hasta salir de ella, no nos tome tanto tiempo como a Venezuela.",0,0,0.46239236
"Si, cierto..buscar un único culpable en la Historia y en la Sociedad, nunca ha funcionado, son cosas complejas con una gran cantidad de agentes implicados..pero simplificar el discurso les vale para sus propósitos y paa ser difundido masivamente. Aún así, tienen cosas buenas..si supieran explotarlas desde la concordia y el consenso y no desde el odio y la manipulación",0,1,0.50671184
"la amenaza colectivista es mundial.

un amigo me cuenta que los zurdos se están tomando New Zealand.

la próxima ""guerra mundial"" no será entre países sino entre ideologías.

libertad contra ""progresismo"" totalitario.",0,1,0.50453573
"@USER @USER Eres mujer? Porque si es así, me parece insolito que una mujer vote por alguien que odia a las mujers.",0,1,0.51052886
@USER @USER Hay 17.691 weones viviendo en el país y/o en la comuna equivocada.,0,0,0.46906698
"@USER JAJAJAJAJAJAJA cállate perra 😂. Lo que debe ser ese video 🤢, we",1,0,0.4007927
Solo para seguir chuchando a #maripam ctm malo culiao,0,0,0.39637688
"@USER @USER Claro, hace falta mucha gente para quitar las concertinas, abrirles la valla y que nos invadan con dignidad  @USER  #EquiparacionYa  #ILP2018JusapoL  #jucilnacional  #jupolnacional  @USER  #15ALaLinea  #18AMallorca  #18ACoruña  #25AMálaga  #25AValencia  #25ATenerife  #25ASCompostela",0,0,0.38366857
"@USER @USER @USER @USER Las mujeres tienen más ausentismo, por más licencias, posnatal, etc.",0,0,0.39217606
Quiero pegarte pq estás bien imbécil y después darte un besito. 🙂,0,0,0.4043557
@USER Ahora va a ser peor un putero contagiando a una trabajadora sexual que una loca en una manifestación contagiando a miles de personas.,1,1,0.5191627
"Apoyas el #BoicotALosGoya y ya #LaMerma te llama facha.  Si quieres a España y no eres un cobarde, un mermado te llamará facha.  No falla 😁",0,0,0.404177
"Un coladero con consecuencias, para los paises europeos. Y un filón económico para mafias. Amen de las muertes que parece que no importe a ambos. Con el efecto llamada",0,0,0.4548275
@USER Las declaraciones de Díaz me recuerdan cuando un diputado hoy convencional constituyente electo le dijo que estaba en el congreso solo porque le había prestado el poto al guatón correa,0,0,0.4346374
"Dicen 'busca una mujer que sepa cocinar, que al sexo tú la puedes enseñar', qué opinas??? — Que yo cocino de puta madre así que enseñadme a follar porfa LINK",0,0,0.43306527
"@USER No, no se trata de descargar la rabia en uno, es objetivo, el weon lleva dos penales en dos partidos distintos, los cuales costaron el empate. Insisto, los weones de arriba tampoco hicieron la pega, pero no le quita responsabilidad a Maripán",0,0,0.43053564
"Que por cierto, tuve que poner los subtítulos en Latinoamericano, porq los de castellano eran con descripcion de escena y así mal. Cosa mas rara,no?",0,0,0.48863637
"@USER En Perú el 70% trabaja al negro, seguramente en Chile aumentará el % de trabajadores en Negro, eso quiere Iraci",0,0,0.46648654
"Cada vez que Greta Thunberg es TT en Twitter, aparece algún  ""progresista"" que nunca ha hecho nada por el medio ambiente y que solo es el gilipollas permanente que apoya el juego de las grandes trasnacionales más contaminantes que patrocinan este circo. LINK LINK",0,0,0.47224143
Pinche joto!!!!,1,0,0.39310032
"He ligado en Granada. Sí, ha sido con un camarero maricón, pero cuenta igual.",0,0,0.47908664
"@USER Me meti a cachar que onda... y es de derecha... eso explica todo!
Solo bloqueelo!",1,0,0.4564964
@USER Pedazo de zorra cállate q yo me lo cante antes 😜,1,0,0.39980492
@USER @USER Perkin de los mapuches,0,0,0.33869982
Inmigrante da una brutal paliza a una joven por no dejarse besar en Ciudad Real.#stopinvasion #YoSiTeCreo #NoesNo lo peor que no han salido a la calle las feminas del Twitter que tanto se indignaron con la salida de La Manda a la calle.,1,0,0.48116237
"Cuando decimos algo de nuestros soldados que murieron en alguna misión en el extranjero, los progres y mugrientos vienen a reírse y a decir ""que no hubieran ido"". Pues aquí aplico el mismo sentimiento que aplican ellos sobre los nuestros. "" Que no hubieran venido"", ""que se hubieran quedado en su país"" ""Y no fueran por ahí invadiendo países"".",0,0,0.46414396
"mi viejo Le Detectaron cancer, nos endeudamos pa ""saltarnosla fila"" enclinica(pagaytesalvamos)En urgencia d un hospital ya murio miabuelo. Me hice cargo d la familia y el almacen d mi viejo. Sin tiempo pa na, m patearon. Seguire dando cara xq tngo el meo aguant ctm. paisqlo$$$",0,0,0.4043482
¿Nos puedes dar más detalles de esa noticia? ¿En dónde ha ocurrido? Me parece interesante difundirla en condiciones. Gracias,0,0,0.42578512
El biribiri de las estupidas adolescentes manipuladas por la #femimoda aburre a la sociedad y enoja a los abusadores. #feminazis,1,0,0.43207127
"@USER @USER @USER @USER Te quedan los zurdos y feminazis, los corruptos, los apoyadores al golpista, los que defienden el aborto asolapadamente, los perro muerteros, los que señalan errores de fiscalización a franquicias exitosas, los que permiten el pago de 540 millones a los corruptos de Odebrecht...",1,0,0.44727704
"@USER Sí,me gustó la Concertación y cuando imperó el neoliberalismo me fui.Apoyé la construcción de un nuevo referente político c ideas q hasta hoy defiendo(DDHH)Pensé como muchos chilenos q Piñera iba a gobernar pa las clases medias y nos engañó.Jamás he dejado de ser anti-neoliberal.",0,0,0.45882544
Un árabe ganó 250000 dolares por jugar un torneo de fifa en la play y yo acá perdiendo el tiempo jajaja,0,0,0.44900453
@USER Metanse las ruedas en la Raja .Sinverguezas y Usureros.....Culiaos,0,0,0.43257773
@USER @USER @USER @USER @USER @USER @USER  otro jotito rayado enamorado que quiere que le contesten jaja,1,0,0.40389934
"@USER pues igual que maricon, otra cosa bonita que creen que es un insulto💙 o perro💙",0,0,0.41400394
"No es sorpresa ver la cifra de asesores. Si tenemos  un Congreso lleno de ignorantes e incapaces de legislar con  ideas propias,se tienen que asesorar hasta para sumar 2+2. LINK",1,0,0.47183722
Un club que trincó dinero público para no se qué movida pseudosolidariaturística en la India y no han tenido cojones de justificar el gasto.,0,0,0.38614157
Me la juego y digo que lo de atrás será la Orden Negra.,0,0,0.49786636
"bar ramdon de Coruña, una fiesta musulmana improvisada porque 3 turcos estaban bailando. ADORO ESTA PUTA CIUDAD.",0,0,0.43826652
Sigo en shock por la muerte de Carme Chacón una mujer tan joven da igual del partido politico que sea.,0,0,0.41554967
Puede mi padre dejar de ser un puto racista,1,0,0.4454971
"Lindo la hicieron con sus nulos y el ""no está capacitada para ser gobernadora"": mámense ahora a un culiao DC del Saint George's College y de la PUC viendo sus problemas sociales. Sacos de hueas.

 #Elecciones2021CL #VOTACIONES2021 #Orrego",0,0,0.39412847
Hilo cerrado y a otra cosa,0,0,0.4221349
"Si cualquier cosa es violación o acoso, se minimizan la violación y el acoso. Por lo tanto, pierden las víctimas de las mierdas que se dedican a violar y/o acosar.",0,0,0.4399626
@USER CÁLLATE PERRA,1,0,0.41942918
"""Si dedicáramos tanto """"entusiasmo"""" en deshaucios, refugiados, presos políticos, subida de luz, contratos basura, etc... en lugar de dedicarlo a Pablo Casado, creo que nos iría un poquito mejor.""",0,0,0.463394
"@USER al guadalquivir primooo! Sigue insultando por internet, que eres un gitano falso.",1,0,0.4715198
"@USER @USER @USER @USER @USER 1º Gente que haya votado partido independentista que quieran conservar nacionalidad será minoría.  2º Ven en la independencia la única forma de vivir en un sitio no gobernado por PPSOEC'S, gente que ha demostrado que no mira por ellos. 3º Creen que esto puede despertar a España",0,0,0.43917963
"@USER ""ez ke Peruzuela"" ""ez ke Chilezuela"" ""ez ke Argentinezuela"".... payasos de mierda, no tiene argumentos",0,0,0.44414327
@USER Hijo de puta...,0,0,0.39374158
@USER &gt;socialista &gt;libertario  se me caen los putos cojones,0,0,0.4233251
"Tendría que ser legal compartir la cara de estos hijos de puta, no encima tener miedo de enseñarla. LINK",0,0,0.43658078
"- ¡Ese puto loco coreano tiene armas nucleares! ¡Arrásenlo! - ¿Y las de Trump, Putin, Netanyahu, la loca del Brexit o ZipIndia y ZaPakistán?",1,0,0.4767886
"Esta imbécil no tiene idea de fútbol y habla cada estupidez que dan ganas de vomitar, Acosta nos clasificó a un mundial y eso eso es grande y se respeta. Tu eres una comunista despreciable que solo quieres dividirnos como chilenos.  #RespetoParaNelsonAcosta",0,0,0.41237265
"@USER @USER Pero qué falsos, no se vistió de víctima de feminicidio, eso claramente es una feminazi violenta y sesgada",1,0,0.47131577
"Nueva oleada de inmigración ilegal: casi 600 ilegales entran en España en los últimos tres días, un 50% más que en 2020. Por @USER LINK",0,0,0.46730018
"@USER @USER @USER Sigues con tu ignorancia, Chile recibió mucha inmigración alemana, Perú recibió mucha inmigración china y japonesa. Esas inmigraciones sí fueron bien vistas y recibidas. No como ustedes con su tren de Aragüa",0,0,0.4698562
"@USER Ya callate el pinche osico perra, cuando pases por méritos propios hablas, y dímelo en la cara pinch… LINK",1,0,0.43160892
"Que no volváisloca a la hermana que tiene toda la puta razón. QUE DIGAIS LAS PRUEBAS COÑO, MENOS ROLLOS Y LAS PRUEBAS QUE PERMITEN QUE SE META A UNOS CHAVALES A 38 AÑOS DE CÁRCEL.
LOCOS QUE ESTÁIS LOCOS Y LA SOCIEDAD LO PAGARÁ. #espejo16d",1,0,0.46141356
"@USER Odio a los weones que ponen en PRIMERÍZIMO PLANO su cara. Mínimo quiero el video, no la cantidad de puntos negros.",0,1,0.5189479
"@USER @USER @USER En esa playa, por cierto, un amigo y yo encontramos en esa época a un pobre chaval subsahariano empapado y aterido que acababa de bajar de una patera. Nos lo llevamos a desayunar. El camarero se portó genial con él. Nos preguntó cómo llegar a la estación de autobús.",0,1,0.5176115
"@USER Somos venezolanos, no ""venecos"". Saludos.",0,0,0.4243885
"dormí como el pico, ya necesito que sea viernes",0,0,0.45985055
@USER Buen por Túnez 🇹🇳,0,0,0.3848657
No todos los héroes llevan capa,0,0,0.4208038
"Ay Dios cuando se entere Casado de que la ola de calor viene dada por la entrada masiva, sin papeles, de aire subsahariano",1,0,0.45606628
Sercotec y SernamEG lanzan programa Capital Abeja Emprende para las mujeres que deseen iniciar un negocio por primera vez LINK a través de @USER,0,0,0.4323481
Vecinos culiaos que gritan el gol antes #EsoPasaPorVerloEnCable,0,0,0.41360733
"@USER @USER @USER Con pasados y momentos negros, si, al igual que la derecha liberal que defiendes",0,0,0.37599066
Ojala se rompan el arabe en las jodas,0,0,0.43438998
"ush esa perra si que me cae re mal, se cree la verga y not mk, no eres nadie, cállate que a nadie le importa tu vida boba hp",1,0,0.4147898
?#ÚLTIMAHORA Greta Thunberg llega a Madrid para participar en la #CumbreDelClima #Cop25Madrid2019 LINK,0,0,0.44038814
La explicación de la víctima es para salir corriendo. La acaban de atracar y todavía tiene la desfachatez de perdonar a los delincuente. No comprendo cómo es posible que trate de disculpar una cosa como esa.,0,0,0.48789695
@USER Tranquilo Chamo..!!!,0,0,0.38144192
si mi madre dejase de llamar maricon a cualquiera persona que haga algo mal pues oye,0,0,0.42770022
"@USER A mí en lo personal me gustan las mujeres guapas, sexys y lindas... me da lo mismo si son exitosas o no 😅😅😅.",0,0,0.44257957
"@USER @USER @USER Ahora son machoras, se le salió la parte masculina a las feminazis???",1,0,0.42951897
"El presidente de Brasil, @USER criticó a la joven activista sueca Greta Thunberg, a quien llamó “mocosa” y cuestionó el espacio que le dieron los medios de comunicación. Le quiero aclarar que Greta tiene todo el derecho de ser escuchada.",0,0,0.44824818
Presidente de Brasil llama 'mocosa' a activista Greta Thunberg LINK #News,0,0,0.42296666
"¿En serio? Menudo disgusto me he llevado, emosido engañado durante toda nuestra infancia.",0,0,0.47240347
"¡Dos palos en siete minutos, la concha de todo...!",0,0,0.49081096
Y el gil defiende al delincuente de Jadue en la estafa de las luminarias. Que CDR! estos camellos LINK,0,1,0.5221624
Acabo de pasar por una marcha feminazi y creo que el Rosario del pecho me vibraba como el medallón del brujo cuando tiene mounstros cerca,1,0,0.49659526
@USER Yo soy así puto moro,1,0,0.39602745
Es cierto ellos todo ese dinero lo usaron para promover y ayudar a familias venezolanas Si las de ellos pajuo. LINK,0,0,0.43595445
"@USER fascista mentiroso y miserable, jamás serán presidente, solo un liberal culiao mas que solo se recordará por celebrar ayudas de miseria hacia el pueblo",0,0,0.364854
@USER has quedado como la mayor mierda de la tierra subnormal. Soy del madrid y sabía q mejor era callarse. Mongolo,1,0,0.43610093
"¿Eres gay? ¿Has tenido pareja? ¿Activo,pasivo o ver... — Madre mía cuantas preguntas y de casi ninguna sé la... LINK",0,0,0.44265515
@USER Por DM me han llegado propuestas hot de hombres y de mujeres!!... se van bloqueados todos.,0,0,0.46948007
"LINK Negro cabrón me estas destrozando el coño, joder LINK",0,0,0.47267377
¿racista? ¿Dónde ves tú racismo pedazo de mierda putrefacta? @USER LINK,1,0,0.4647702
@USER @USER @USER Es que ser churrero no implica ser un indocumentado pero creo bastante erróneo hacer la comparación con un comunista o un liberal que son antitéticos.,0,0,0.43467602
"@USER Cállate Tilinga atorranta vergüenza da q x ser hija de puta,digo de montonera ocupes un cargo de diputada",1,0,0.42033902
"@USER Ser aweonao es facil, ser saco weas tambien, pero para alcanzar el nivel de ese pobre weon hay que ser dedicado pa la wea.",0,0,0.43749237
enano culiao LINK,0,0,0.4018637
"#LéaloEnET. España anunció reformas a la Ley de Extranjería que favorecerá a migrantes, incluidos los ecuatorianos: LINK LINK",0,0,0.42449456
@USER ¿Cuándo escuchareis alguna vez a la afición? Qué echéis al puto entrenador de una vez ya... Todos lo vemos menos Garrido.  - cartas + hacer,0,0,0.43607706
"@USER Ostia tio, si tienes tuister. Tú eres un auténtico sinvergüenza y un hijo de la gran puta jeta. Los que de verdad hemos sufrido tumores cerebrales te deseamos un tormentoso 2018. La policía te jodió tu repugnante negocio.",0,0,0.44621238
"Porque eh, claro, ser trans y apoyar el feminismo son cosas como súper opuestas e imposibles",0,0,0.48062345
El juez cita a declarar a la menor que denunció abusos por parte de jugadores de la #Arandina LINK LINK,0,0,0.4026035
"@USER @USER Para el estallido social estaba casi que de panelista estable en los medios argentinos como si representara algo. Si hubiese pasado por Plaza Dignidad esos días, lo hubieran linchado ahí mismo.",0,0,0.4815165
@USER ¡Hola güero!,0,0,0.43488637
@USER @USER @USER No sirve hablar de xenofobia cuando nos referimos a gente concreta que hace algo concreto. Bandas latinas ( sean españoles o no).  Repito. Bandas latinas. No hablamos de inmigrantes,0,0,0.4233158
"@USER @USER Ese “pequeño mar interior” está encima de varias fallas activas por la colisión de las placas tectónicas africana y euroasiática. Que le pregunten a los granadinos por los meneos que sufren a menudo! De hecho, la placa africana se “comerá” el Mediterráneo en millones de años.",0,1,0.5209802
"@USER Uy, por quién me tomas, por una loca agresiva? 😅😅",0,0,0.4158863
"ASÍ DEBIERAN SER LOS FLAITES DE AQUÍ. 
LIMPIOS Y ORDENADOS.
SON TODO LO CONTRARIO, LOS ROTEQUES ! LINK",0,0,0.4578566
"«Lo primero que quiero dejar claro es que no se trata de racismo ni queremos que estos chicos se vayan a su país» Señora, estos ""chicos"" ya no tienen arreglo.",0,0,0.40929395
$10 millones de recompensa por asesinos de un niño venezolano en Santa Marta LINK a través de @USER,0,0,0.3725226
@USER Este chamo vive soñando y así tiene a otro poco de gente creyendo en sus lucubraciones . Siga haciéndole campaña a delsa y soñando con ser gobierno en el futuro. Hay que luchar por sacar a esos HP del gobierno después se hacen elecciones. Mientras tanto no.,0,0,0.41450423
"Seguro, y Viriato. Aunque el Cid tampoco se quedaría manco. Lástima que estemos en el siglo XXI y a todos ellos, incluído Vox, se los llevó el viento, como a María Sarmiento.",0,0,0.45507866
"@USER @USER Algunos antecedentes de la DC
Impulsores de la reforma agrAria
Eligieron a Allende como Presidente 
Se asociaron con los Comunistas en el pacto Nueva Mayoría
Y la guinda de la torta ; piñera que es DC entregó la CONSTITUCIÓN.",0,0,0.45919657
"Alguien se quiere poner en los zapatos de millones de venezolanos que han caminado tanto, huyendo de ese modelo y hoy, ya los encontró en toda la región? LINK",0,0,0.49862242
Me confirman por aquí que mi padre es subnormal.,1,1,0.5075538
@USER En qué parte de la definición de patrimonio nacional están las cruces eregidas por militares fascistas?,0,0,0.42888176
"@USER Jajajajajaja tu eres uno, diego jajajajajaja mentira perra perra perrraaaaaaaaaa de mierda jajaja ♡",0,0,0.36360747
"Yo cada vez que escucho a alguien decir la palabra ""Feminazi"" LINK",0,0,0.38964286
Fabiola Campillai sobre postergación de juicio a excarabinero: “Para el delincuente hay más garantías que para las personas dañadas como yo” LINK a través de @USER,0,0,0.45441434
Normal.,0,0,0.46620908
"@USER @USER Después de cientos de violaciones de mujeres Danesas ,tráfico de drogas y barrios ghettos, cambiaron de opinión",0,0,0.42817816
Ruso culiao jugando un kilo,0,0,0.4767635
@USER siento que esta wea es la hija de hitler vs stalin versión peruana,0,0,0.39039826
@USER @USER Que rápido se os escapa lo de feminazi,0,0,0.495443
@USER Pónganse a trabajar de una puta vez y dejen de jugar al y tu más. Trabajen por el país o váyanse a casa,0,0,0.41343832
"@USER tú eres gilipollas pava xDDDDDDDDDD si vas a casa de alguien no es su puta obligación hacerte comida distinta sabes nena que nadie es tu puto criado, a ver si con el tiempo empiezas a darte cuenta de que la vida real no es twitter, enga un be",0,0,0.4346783
¡¡SEMEN!! Movimiento machista internacional. Únete.,0,0,0.43920985
"Las ruedas de los coches son negras, ahí lo dejo por si algún gil quiere hacer algo.",0,1,0.5153358
Mi novia es una puta😳😳❤️,1,0,0.41999936
"@USER Jajajajaja cállate imbécil, tu perra casi se come a la mía 😥",0,0,0.4069106
"Entonces, ¿damos por tomada esa zona de la ciudad?",0,0,0.46192962
"Hombre igual el hecho de que sea menor la chica es un matiz mas relevante que que sera rey o no el chico, digo yo",0,0,0.4275217
"@USER @USER @USER a la nazi y ha toda persona a quien peguen, sea de la ideología que sea",0,0,0.39910138
"OK. Yo seguiré llamando fachas o descerebrados a los que defienden ideas fachas o descerebradas. Creo que es lo más apropiado, llamar a las cosas por su nombre, aunque a otros les moleste.",0,0,0.47035855
@USER coño bloqueame ya no subnormal??,1,0,0.4084372
📢 #ABCRecomienda El Gobierno expulsa a los 116 inmigrantes que asaltaron ayer la valla de Ceuta LINK Por @USER,0,0,0.48807096
"@USER @USER @USER @USER @USER @USER Y tú Gatubela a Catwoman y Guason a Joker, así que no ne fastidies, métete con tus doblajes latinos y deja el castellano en paz.",0,0,0.45115277
"Mujeres: ustedes hacen match con su ropa interior o se visten así no más, como el uniforme del Colo, blanco arriba y negro abajo? 
Tengo una amiga que vivió muchos años en Venezuela y no logra entender tanto “descuido”. Jajajajajajaja",0,0,0.4466398
@USER @USER @USER Cuántas medallas olímpicas tiene Chile en deportes colectivos? Así como para cachar...,0,0,0.46191487
"@USER Los análisis al cual hago referencia del sr irvin, son sobre geopolitica, medio Oriente y otras cosas de especial interés, no sobre FEMINAZIS paranoicas. Gracias. Un gusto interactuar con usted. Ojo no la estoy acosando. Cuidado.! :)",1,0,0.4136179
"y por 50€ joder, al cambio es menos que un cerdo en el medievo!",0,0,0.4458219
"Cuando se evoca el Cuscús tunecino, se asocia sobre todo con el pescado. Esta excelente especialidad se ha ganado una reputación internacional, aunque conoce variantes según regiones. LINK",0,0,0.41469154
"@USER Y uds creen que van a comenzar a pagar el 29 del presente mes? Si aun ni pagan las postulaciones de Mayo? Y la fecha que estamos? Con cuea pagaran en la quincena y eso, van a colapsar el sistema al igual que las afps con las pensiones, PFFFF SISTEMAS QLIAOS CALLAMPAS!",0,0,0.48739144
Pillamos Gibraltar o que,0,0,0.4323942
"@USER @USER @USER por cambio de gráficos, mas no por cambiar los rasgos del personaje, y racismo? acaso decir que un negro es negro es racista? me parece que tienen que aprender a leer, se parece a un indio de las culturas que hay en latinoamerica, eso es objetivo, no estoy diciendo nada mas",0,0,0.43826804
@USER Esta indocumentada poco sabe de geógrafia? Yo creo que en el CIS con Tezanos tiene sitio para seleccionar las muestras estadísticas,0,0,0.47391748
Dep,0,0,0.4385606
La cerveza negra es clave en el batido de Fish &amp; chips... a propósito de la crónica de @USER hoy el @USER y el combo de pescado q pidió por delivery,0,1,0.500818
"Ganaperujimori , un zurdo  ignorante menos castillo de 6to básico,iba a ser un nuevo narcomaduro , keyko lucha voto a voto, por este día grande Perú",0,0,0.4155065
@USER @USER @USER Eres de lo más indeseable que hay en este país. Loca de mierda.,1,0,0.4293375
"Que lata, en el conteo de votos va ganando la comunacha feminazi 💩.",1,0,0.45631462
"@USER @USER @USER Hay que trabajar, profesionalmente, no poner a un mochilero inmigrante enemigo del club a ""formar"" a los guardametas de la institución, y esto es sólo 1 de los casos que ignoras de la cantera. ¿Quieres hacer las cosas bien? Pon ejemplo, termina con los palanqueos desde adentro. . LINK",1,0,0.4515351
@USER Yo no tengo ( poto) 😪😪😪,0,0,0.38709578
"@USER @USER EL PUEULO ANDA COMPRANDO DISNIDAA, EN EL MALL COSTANERA CENTER...ESO QUIEREN.
DIGNIDAD LE PROMETIERON EN VENEZUELA, CUBA, ECUADOR, BOLIVIA, ETC ETC Y AHÍ ANDAN CAGADOS MIGRANDO A DISTINTOS PAISES, ENTRE ELLOS CHILE.
CHILE LIBRE DE COMUNISTAS POR FAVOR O NOS VA A PASAR LO MISMO.",0,0,0.4944031
@USER Cuando nos demos cuenta de una puta vez de que esto no va de izquierdas ni derechas todo irá mejor. Uno de los objetivos de esta sociedad patriarcal es conseguir que haya mujeres que se acomoden al rol establecido y les hagan creer que el problema de todo son lo que llaman...,0,0,0.48036465
"@USER @USER @USER Cuando parecía que no podia ser peor, a este circo le llega otro payaso que no da risa.",0,0,0.4600818
De puta madre,0,0,0.44109252
"ojalá más como él puedan llegar a España, nos pagarán las pensiones y violarán a nuestras hijas.",1,0,0.40850964
"En el programa de gobierno de @USER, destaca la legalización de la marihuana, el aborto y subir impuestos a inversionistas: está claro que apunta a captar el voto de vagos, drogadictos, feministas y parásitos anticapitalistas. Decadencia moral, social y económica. Náuseas.",0,0,0.4491295
La que dijo me encargaré de que tengas hijos de puta tranquila Dios te preparará tu sitio donde mereces😊aqui y aĺli,0,0,0.42106095
@USER Silencio Machista ._.,0,0,0.37604553
Oleada de abusos sexuales en Vitoria: Un inmigrante subsahariano ilegal abusa de una mujer en un cajero de Vitoria LINK,0,0,0.40723193
"Ya lo ultimo del partido, pensándolo mas con cabeza fria puedo decir EBER AQUINO CONCHETUMARE NEFASTO RE CULIAO IGUAL QUE LOS MARICONES CONCHETUMARE DE LA @USER",0,0,0.43888178
Me conocen porque siempre estoy en modo arabe,0,0,0.44661042
@USER @USER @USER Se puede ser más atrasados en argentina es una mujer !!! Chico y tú eres un sudaca sin educación,1,0,0.42052132
Tras la purga de @USER el govern queda purificado de charnegos LINK,0,0,0.40984565
@USER Esta mujer no se cansa de hablar weas??? Es broma? cómo tanto????,0,0,0.39277902
Nubes que antes parecían siempre negras Ahora son caleidoscopios en el centro de un volcán Hazme… LINK,0,0,0.4574312
Cómo les van a gustar weones que dejan tirados a su hijxs!!!!,0,0,0.46911427
Nombras a otras cuentas para q te den algo de fama? Eres tan absurdo como tu afición Nandito😉 LINK,0,0,0.4822342
@USER @USER Para ser gata estas lejos... Eres perra o zorra imbécil.,1,0,0.4416151
Los centrales bolivianos vieron el partido de Temuco...,0,0,0.43481746
Hay cosas muy delicadas...términos como violación o acoso se usan muy a la ligera en twitter.,0,0,0.4866144
"Si tantos cojones tienen porque no levantan su país antes de irse a otro donde ya está todo hecho? Cada país tiene infraestructura y recursos para un número limitado de gente, si viene gente que no aporta algo distinto de los que ya están aquí o cuyo trabajo no tiene valor añadido perdemos en calidad de vida Como si en tu casa tenéis comida para 4 y se plantan otros 3 a comer de la misma olla sin aportar nada.",0,0,0.4922748
"@USER @USER @USER Una vez en un instituto que estuve estudiando un rato, típico la presentación del primer día un flaco dice su apellido Pinochet y todo el curso lo miro con odio (instituto en las Condes) y dijo altiro que no era familiar del tirano, así de maldito el apellido.",0,0,0.46905798
@USER En recesión esta ignorante quiere estrujar a las Pymes. @USER,0,0,0.44408086
"valoran y promueven estas perspectivas. Insisto con algo obvio en vista de los mares de desinformación que reproducen términos como ""ideología de género"", ""feminazi"" y cosas peores. Esto va por las compañeras feministas que también lidian con los que detestan lo que no conocen ?",0,0,0.48761648
@USER @USER Sin duda SICHEL .....Lavín es un payaso,0,0,0.43988663
Se ha muerto mi perra y no estoy para aguantar tonterías.,0,0,0.45505834
Debería finalmente aceptar mi cultura en lugar de buscarla en otras? Pq es tan complicado para mi asimilar que mi cultura es colombiana y no hay un inmigrante random que cambie toda mi ascendencia xdd,0,0,0.4499561
Protestas en Túnez contra el viraje autoritario del presidente LINK,0,0,0.42611688
Te quiero maricon! LINK,0,0,0.43840286
@USER te vez bien joto como siempre jajajaja!,1,0,0.42669103
Va a entrar el Inglés!!!!! God save the queen y la concha de la Lora! Jajajjajaja,0,0,0.43510598
"VÍDEO @USER | Caso Arandina: La abogada Beatriz de Vicente asegura que ""la sentencia se ajusta a derecho"" LINK",0,0,0.39159644
"Culés q salen ahora de debajo de las piedras, esta es su afición, en las buenas todo el mundo es del barsa, en las malas ya no son tantos...",0,0,0.42584223
La educación y el arte esenciales para romper estereotipos y transmitir valores de igualdad de género #DiaMundialdelaMujer #DiaDeLaDona LINK,0,0,0.42610407
@USER y no será porqué estais aparcados en una zona de discapacitados???,0,0,0.3861478
"En este país a Shakira de puedes decir lo que quieras,eso sí,como digas algo malo de Carrero Blanco,se te cae el pelo ¡País de fachas!",0,0,0.46005332
"Es cierto que C's es el PP catalán, pero al menos en corrupción no son comparables. Respecto a JxC, creo que han recogido votos de independentistas que no son precisamente de derechas, no se puede equiparar a CIU.",0,0,0.47655594
SELICO NOVELA AFRICANA FLORIAN 1799 1ª EDICION ESPAÑOLA ILUSTRADO LINK a través de @USER,0,0,0.3604704
"Qué espectáculo... Las autoridades argelinas hablan de ""malentendido"" y anulan la orden de suspender el turismo con España LINK",0,0,0.44125307
"Los que os ponéis calzoncillos rojos para la Nochevieja, ¿os da resultado o es por hacer el gilipollas? Es para un amigo",0,0,0.43574432
@USER ASÍ COMO TUS DELIRIOS FEMINAZIS? JAJAJJAJAJAJAJAJAJA. duermase.,1,0,0.3881437
"Al igual que en la mañana andaba con la negra de COLO-COLO y abajo la roja de Chile, es hora de andar con la roja hoy, pero abajo va la blanca del cacique... 😁 🇨🇱 🏳️ 🏴
#SomosChile
#VamosChile LINK",0,0,0.45063367
